title,review_text,username,date
"Created a decade ago, but still stunning","I am a big fan of the animated movies coming from the Pixar Studios. They are always looking for the newest technological possibilities to use in their movies, creating movies that are more than just worth a watch, even when they were made a decade ago.

The movie is about toys that come to life when their owner is asleep or not in the same room. When the young boy's birthday is coming up, all the toys are nervous. They don't want to be ignored when the new one arrives. Woody the cowboy is their ""leader"" because he's the most popular one of them all. He's the only one that hasn't got to be afraid, but than a new favorite arrives ... Buzz Lightyear. He hates him and tries everything possible to get rid of him, but as the time passes by they learn to appreciate each other...

When you see Toy Story, you may think that the different human like characters (Woody the cowboy for instance) aren't always as perfect as we are used to see in todays animated movies. Perhaps that's true, but if you keep in mind that all this was done in 1995, when computers weren't yet as strong and the technology for creating such movies was almost unknown, than you can only have a lot of respect for what the creators did. I loved the story and liked the animations a lot. I give it an 8.5/10.",philip_vanderveken,2004-12-25
"Proof that Pixar not only cares about the quality of their work,they care about our kids.","Though I am not a big fan of computer animation,I have to give the folks at Pixar credit.This brand of animation is nothing short of brilliant.The attention to detail,such as eye and body movement is quite remarkable.Computers allow them to make their characters as close to human like as possible,something we have never seen in traditional hand drawn animation,though the latter will always be the closest to my heart.Combine this excellence with a genuinely good story idea and a top notch voice cast and the result is good family entertainment.It's obvious that the people at Pixar are not only caring perfectionists when it comes to film making,but they care about our kids,something rarely seen today.Highly recommended for any home library.",SmileysWorld,2005-12-30
Plastic Fantastic.,"Y'know, I always suspected that my toys were coming to life when I wasn't looking! 

In Andy's Room, his toys lead lives of noisy desperation come every birthday and Christmas - no one wants to be one-upped by a new addition to the toy box. Nominally led by Cowboy Woody (there's a Brokeback joke in there just waiting to happen), Mr. Potato Head, Rex the Dinosaur, Ham the piggybank, Bo Peep, Slinky the dog and a smattering of other playthings go about their toy business of playing checkers, hanging with the hometoys and ""plastic corrosion awareness meetings,"" until Andy's birthday party, when they gather expectantly around a transistor radio, listening to the reports of their toy soldier troops ""in the field"" (downstairs watching Andy's gift-opening), hoping that no gift will be exciting enough to cause Andy to neglect *them.* There is. His name is Buzz Lightyear, Space Ranger.

Directed by Pixar mainstay John Lasseter, with the voice talents of Tom Hanks (as Woody), Don Rickles, John Ratzenberger (forever Cliff from *Cheers*), R. Lee Ermey, Annie Potts, Jim Varney and Tim Allen (as Buzz), *Toy Story* is that *rara avis* that succeeds on all levels – in its animation, storyline, character development, its messages of friendship and self-realization and, most importantly, its entertainment value. The fact that this is a cartoon (or animated feature – just what DO we call this new wave of computer-generated movies?) is incidental. Which makes the slightly dodgy animation (of the ""real people"") irrelevant - it gets the point across with or without the technological finesse.

The ""Disney Movie"" has become synonymous with maudlin messages, redneck fundamentalism, anachronistic family values, boneheaded parents, smart-mouthing youngsters, too-hip-to-be-smart teens and insufferable pets. Though Disney's tyrannical umbrella overarches this film's production studio, Pixar Animation, *Toy Story* somehow avoided all trace of Disney's craven hand, which is doubly surprising, considering this is Pixar's first feature length film, after years of experimentation. Right outa the gate and right outa the field.

Sure, there are ""messages,"" but they are heartfelt, rather than maudlin (Woody tells Buzz during Buzz's greatest depression that it matters not what Buzz thinks of himself, what makes him important is what his owner, Andy, thinks of him); there are emotional segments, which are truly heartbreaking, rather than cheesy (when Buzz's escape attempt lands him with a broken arm, proving he is Not A Flying Toy, the lyric, ""Clearly I will go sailing no more,"" launches a thousand hankies); and the portrayal of Andy's family was Pixar's triumphal achievement. Boldly contravening Disney's *idée fixe* of the 1950's nuclear family and Norman Rockwell fantasies, one of the many incarnations of a modern-day family is presented: a single mother with two kids, who are neither geniuses nor monsters, just normal children; happy to visit Pizza Planet and disappointed when favorite toys are lost.

Buzz – who believes he is a real life space ranger on a mission to save the universe - become Andy's favorite toy over Woody. The funny thing is: though Buzz believes he is real, he still adheres to toy protocol of ""playing inert"" when humans are in the area. (Maybe it's instinct?) When he mentions saving a toy from Sid, the vicious boy next door, how does he propose to do it if he is to adhere to the inert protocol? Buzz's ingenuousness regarding his role as a toy infuriates Woody to the point of attempted toy-assassination. Through a concatenation of accidents, both he and Buzz become lost and must use teamwork, trust and ingenuity to beat their path back to Andy, which finds them ensconced in scorchingly funny vignettes (Buzz fastening himself in an over-sized seatbelt; both falling in with green, three-eyed aliens; Buzz hyperventilating as ""Mrs. Nesbitt""). During a climactic rocket ride, the callback line, ""This is not flying - this is falling with style,"" simply seals this movie's greatness.

At least I now have a plausible explanation as to why my toys always got lost: after going about their toy business, they would just go inert anywhere they happened to be, instead of paying attention to their master's infallible toy filing system….",dunmore_ego,2006-05-26
Technically impressive with great script and sharp wit,"Andy's toys live a reasonable life of fun and peace, their only worries are birthdays and Christmases, when new toys could easily replace those already there.  One such birthday Andy's top toy, Woody the cowboy, finds himself in direct competition with Andy's new Buzz Lightyear doll.  When rivalries boil over Woody tries to hide Buzz down the side of the bed but accidentally pushes him out the window, the other tops expel Woody, and he leaves with no choice but to find Buzz and return him to the house.  But with only two days before Andy moves house, time is of the essence.

Given how often the same mix of animation, wit, jokes and kids humour has been used since Toy Story (Ice Age, Monsters Inc, Bugs Life) it is easy to forget how refreshing it was when it first came out.  I have just watched it again and it is dating a little in comparison to more recent twists on the formula.  It seems each one has to be sharper and have more references etc in the background.  However it is still very funny and deserves praise for being the first of a successful formula.

The plot is simple but effective and actually has genuine drama and excitement to it.  The main story is fun but the degree of character development is what really shores it up.  The conflict between Buzz and Woody is taken deeper than this and, when confronted by the truth of his status as a toy, Buzz's turmoil is very real as opposed to him being a cartoon character and nothing more.  Despite the two strong leads there is a real depth in the support cast.  They may not actually have that many lines, but they have all the funniest lines.  Most of the `adult' wit comes from the Potato Head, dinosaur, the pig and slinky dog.  They are funny and are very well used.  In fact the majority of this humour and plot will go right over kids heads.

Looking back on it, I do feel a cynical edge on it in so much as this film must really have helped sales of the toy companies in the film.  It's hard not to see the marketing department standing behind this film rubbing their hands.  However the actual product is so wonderfully fun that I forgot this quickly.  The voice work is excellent and the characters match the actors. Hanks is good as Woody and Allen has a good B-movie type voice for Buzz. Varney, Ratzenberger, Ermey (doing his usual), Rickles and others are all really good in the support roles and, probably, come out as the favourite characters for adults.

Overall this is a classic film that will appeal to adults as much as to kids (if not more).  A good plot and a really sharp script make the already short running time fly by.  The only downside is that your kids will want you to go out and buy the damn things!",bob the moo,2003-04-22
Witty Sweet Fun For All Ages. Forever Changed Animated Film 💯,"This is as close to perfection as any animated film has come, entertained parents on a equal plane with their children, and set the bar to the top of the animation film industry. No film has yet come close to Toy Story in legitimizing animation as a film art on the level of movies with live actors. Great comedies are hard to come by - Toy Story strikes gold on that basis alone, but is so much more. One of the Top 100 Greatest Films of All Time, and currently resides on my ""Top 10 Greatest Comedy Films (1960-Present)"" list.",Instant_Palmer,2021-03-04
"Excellent Viewing, Every Time!","This is a very clever animated story that was a big hit, and justifiably so. It had a terrific sequel and if a third film came out, that would probably be a hit, too.

When this came out, computer technology just was beginning to strut its stuff. Man, this looked awesome. Now, it's routine because animation, which took a giant leap with this movie, has made a lot more giant strides.

The humor in here, however, is what made this so popular. There are tons of funny lines, issued by characters voiced by Tom Hanks, Tim Allen, Jim Varney, Don Rickles, Wallace Shawn and John Ratzenberger, among others. As good as Hanks is as ""Woody"" and Allen as ""Buzz Armstrong,"" I think the supporting characters just about stole the show: Mr. Potato Head, Slinky, Rex the dinosaur, etc.

Multiple viewings don't diminish the entertainment, either. There are so many things to catch, audibly and visually, that you always seem to discover something new. The colors in here are beautiful, too. This is a guaranteed ""winner"" as is the sequel.",ccthemovieman-1,2007-02-18
One of the Best Animated Films Ever!,"Toy Story is a sheer delight to view on the screen.  The characters are well done, the plot is exceptional, and the best thing of all, the film is entirely produced on the computer.  The animation is extraordinary in it's ability to bring such great entertainment to the screen.  The film also teaches some good lessons for the kids like friendship (mainly between Woody and Buzz Light-year).  Spectacular entertainment all around and one of the best films Disney has come with.",Quinoa1984,2000-02-13
Great classic,Watch with my kids all the time! Such a great watch,huntersmommy-43482,2019-12-01
Best animated movies ever made,"Toy Story is one of my favourite animated films! Even as an adult I can still watch it and be entertained. This film is not only nostalgic but is relatable, emotional and a lot of fun!",0U,2020-02-15
perfect kids animated movie,"This is a perfect kids movie that adults have loved since it's release.

Everything had been said about this movie and s spot on. I wouldnlike to add that I vividly remember the hype surrounding this movie from my childhood. Big name actors anf popular voices being a part of an animated movie generated a lot of hype. The animation style was bold and new.

Recently watched the 30 year anniversary in theatre's and it's a very good time. Humor and adventure for all ages. The movie still holds up 30 years later. It.",Itcomesatnight88,2025-09-25
Horrible message,"I was well prepared to like this movie on the basis of the art alone, and the art did not disappoint.  However, I found much of the humor to be based on cruelty, and I was truly horrified by the overall message of the film: ""Lower your expectations for yourself and everything will work out fine."" It reminded me of The Breakfast Club, whose main theme seemed to be ""Conform to the style of the popular kids, and all your problems will dissipate."" This is just so wrong.  If you want to see really good computer animation that will amuse you, inspire your children to be good and strong and true, and which predates this  shallow and uninspiring vehicle, check out the television series Reboot, now being re-run on Cartoon Network.  This movie is only good for refreshing your mental catalog of toys you may have once owned.",saraarts,1999-07-09
Best Disney film. Ever.,"Toy Story is not only the best Disney film because it has the best story and the best animation, but also because of the excellent actors chosen to provide the voices of the animals. The casting was perfect from top to bottom, and the movie provides an excellent adventure story about friendship and loyalty that keeps you engrossed until the nail-biting climax.


Tom Hanks and Tim Allen provided excellent voices for Woody and Buzz Lightyear -their performances alone are one of the biggest things that made this such a spectacular movie. Besides that, though, you have the excellent story that is not only noteworthy because it has never really been told from this perspective before, but also because it was just told so well. All of the characters in the film are very well developed and all have appropriate and effective actors chosen to provide their voices. 

And of course, who could forget the revolutionary animation! The computer animation used for this movie not only made it startlingly realistic but also opened up tons of possibilities, and thankfully the filmmakers chose to explore these possibilities. There are dozens of things that are hidden in the woodwork throughout the film, as well as in the songs – note, for example, the subtle playing of the Indiana Jones theme song in the scene where Woody knocks Buzz out the window with the desk lamp.


Toy Story is by far the best Disney film ever made, it's pretty much perfect. It's adventurous, it's exciting, it's entertaining, it's good for the whole family, it's got great characters, story, and plot, and above all, it's fun.",Anonymous_Maxine,2001-04-20
Every Kid's Fantasy,"Toy Story is the film that started Pixar Animated Studios into its long string of never ending success. What Pixar does is not just absorb the younger demographic and keep the older ones mildly entertained. It completely absorbs everyone watching no matter the age or the level of maturity, films of Pixar, starting from Toy Story, have kept a certain magical touch around it with an unexpected amount of depth. Everyone as a child imagines their toys will come alive and go on their own adventures. One of the great things Pixar does is that it does not attract audiences with its overloaded superstar casts but rather with its material. The only superstar here is Tom Hanks and Tim Allen is the next most aforementioned voice over. Unlike what most people think their is an actually a method to casting for animated films as there is to a live-action one. As a result of this Pixar stays faithful to its material and creates a great genuine and warm feeling around the film and its characters.",alexkolokotronis,2009-02-03
"""Toy Story"" - The Toys are in town and something more","I'm 19, going on 20 in six days. I don't need to tell you that ""Toy Story"" is a movie tailor-made for the kiddies, but there's a special reservation for adults too. I should know, as should anyone who views it with an open mind. We've all had our favorite toys. For guys, like me, there's a 90% chance you played with either Transformers or G.I. Joe or Teenage Mutant Ninja Turtles or all three when you were six, seven, eight, or nine years-old. For me, it was Teenage Mutant Ninja Turtles and Godzilla action figures. I'd always imagine living out wild fantasy adventures in my room or basement; ah, the joy of being a kid again. But that's part of ""Toy Story's"" fun appeal. It gives you a chance to relive your childhood again. Today I saw for the first time in about eight years and it's still just as fresh and inventive as Pixar, probably the best film studio in computer animation, conceived it back in 1995. In the room of young Andy, the toys are alive - when he's not present of course, and cowboy Woody (voiced by Tom Hanks) is the boy's favorite item. But all that changes on Andy's birthday and a new toy given to him on that day captures the boy's heart - Buzz Lightyear (voiced by Tim Allen). Of course, any replacement of this sort inspires jealousy, and pretty soon Buzz is the new ""it"" item of the bedroom. Andy's given into everything Buzz Lightyear, even new bedsheets - bedsheets! - leaving poor Woody on the short end of the stick. But the thing is, Buzz has trouble believing he's just a simple toy and nothing more, as he thinks he's actually BUZZ LIGHTYEAR! It also seems this couldn't have come at a worse time for the toys, as Andy and his mother are moving away, which is causing all sorts of chaos as Woody tries to get everything organized so nobody is left behind, and that's exactly what happens with rivals Woody and Buzz, who are misplaced and must find their beloved Andy before they move. Not only that, they must also battle Sid, the serial killer in-training kid that lives next door and tortures toys. As directed by John Lasseter and his army of screenwriters including himself, Andrew Stanton (who would co-direct Pixar's future hit ""Finding Nemo"" in 2003) and Joel Cohen, ""Toy Story"" is true imaginative fantasy realized in superb animation. It more than brings the kid in you to the surface, it makes you want to be a kid again, as many toys have cameos including Army Men (including the Sergeant who's voiced by R. Lee Ermey) and Mr. Potato Head (voiced by Don Rickles). I love ""Toy Story,"" and I think anyone who views it thoughtfully will love it too.

10/10",dee.reid,2005-09-06
The World Of Andy's Room,"Just in case you were also wondering what happened to all the toys that went missing when you were a kid, the answer is clear: They escaped.

""Toy Story"" is the kind of children's movie adults can enjoy just as much, because it very cleverly mines deep deposits of nostalgia from the memory banks. That may be the reason the 1990s bedroom of young Andy is populated by playthings of the 1960s, 1970s, and 1980s. If Andy was a real boy of his time, there would be a computer and a TV/Nintendo, and not much else.

The voicings of the various toys add to the enjoyability. Tom Hanks was the biggest star of the moment when ""Toy Story"" came out, and he works with that likeability by creating a stable center as Woody the cowboy doll. Don Rickles has the screen role of his career (not that ""Kelly's Heroes"" was Oscar material) as a prickly Mr. Potato Head, while Jim Varney and R. Lee Ermey are standouts in the supporting cast.

Tim Allen gives the movie's best performance, as a newfangled toy that takes Woody's place in Andy's heart but can't bring himself to accept that he's just a plastic plaything. It's the role of the story that gives him the best lines (""I don't believe that man has ever been to medical school""), but Allen delivers them with real panache. He more than holds his own, and you kind of see where he took off with that note-perfect William Shatner parody he perfected on screen in the underrated ""Galaxy Quest.""

While this movie's use of computer animation makes it a milestone, it neither represents the most innovative use of the technology or the cleverest Pixar-ated treatment of a story. ""A Bug's Life"" seems a more worthy apex; that story was funnier, worked better on its own merits, and used the animation to better effect. But given how novel all of this was in 1995, ""Toy Story"" could have been a lot less thought-through than it was, and still made gobs of money. The fact it is instead invested with real heart, and can be watched and enjoyed today just as easily as when it debuted nearly 10 years ago, is a tribute to the people behind it.

I like Randy Newman's music, just not here, and while the animation textures are surprisingly lifelike, there are places, especially with Scud the dog but also with the baby's drool, where it falls short. The story itself gets kind of rote with repeat viewings, though the transition to Sid's bedroom and its sad mutilated toys is a genius moment. So too are the vending machine aliens, who gape in rapt wonder at the judgment of ""the claw."" If it reached for pathos a little less often, ""Toy Story"" would be an undeniable classic.

As it is, it is very, very good, the kind of film that's only good for children, even (especially?) the inner ones.",slokes,2004-05-10
Entertaining adventure,"Rollicking, entertaining adventure. Good fun, with some great humour, exciting action and some decent drama and emotional content.

Great CGI. Nothing to fault about the special effects and animation.

Voices are spot-on. Great casting.",grantss,2018-07-14
The best film for small children....,"My toddler has been watching this film for about 3 months, and I'm not sick of it and neither is she. It doesn't scare her, and it's teaching her about imagination, friendship, and kindness. All the performances are top notch, and the script is phenomenal. Any movie that has ""Wind the Frog!"" as a line , has to be a classic. The virtual world that has been created is remarkable in itself, but is equally partnered with a wonderful script. The song's compliment and impart in-depth character and plot points and Woody's personal journey is a lesson for all.",moopie,1998-09-02
As Good as It Gets!,"What a wonderful integration of classic toys and a superb plot. It's a new height in animation (though things have gotten even more impressive long since). The voicings of Tim Allen as Buzz and Tom Hanks as Woody, with their inherent connection to their toy beings, with an incredible supporting cast, make this a romp to end all romps. There is a strain between the realities of the world and the fact that even though they are sentient beings, they are still toys. Buzz has lights that flash but he can't really fly. Woody has the ludicrous string on his back that allows him to deliver his catch phrases. Then there is the neighborhood villain, Sid, who is a maimer and destroyer of toys. There is the quest for the mishandled and lost. And a finale that is worthy of everything that has been set up. What really makes this work is the ""humanity"" of the characters. There is love and a true connection among them. If you have never seen this, it is worth every minute.",Hitchcoc,2015-01-03
*The Heartfelt Journey of Friendship and Imagination*,"""Toy Story,"" the groundbreaking animated film that first introduced audiences to a secret world of toys, remains a timeless classic that speaks to the child in all of us. Released in 1995, this Pixar masterpiece set the standard for animated storytelling with its innovative mix of humor, emotion, and dazzling animation.

At its core, ""Toy Story"" explores the inseparable bond of friendship, as well as the fears and insecurities that come with growing up. The film's protagonist, Woody, a pull-string cowboy voiced by the incomparable Tom Hanks, embodies loyalty and leadership. His world is turned upside down when Buzz Lightyear, a flashy space ranger brought to life by Tim Allen, arrives on the scene. Buzz's bravado and excitement as an ""action figure"" starkly contrast Woody's role as the long-time favorite toy, leading to a hilarious rivalry that evolves into an unexpected partnership.

The film's ability to infuse toys with distinct personalities is nothing short of magical. From the neurotic Mr. Potato Head to the lovable Rex, every character brings unique quirks and relatable emotions, tapping into our deepest childhood memories. The animation itself was revolutionary for its time, creating a vibrant world that is both inviting and immersive. The attention to detail in the animation is astonishing, making the toys feel genuinely alive and relatable.

What sets ""Toy Story"" apart is its profound emotional depth. The story gracefully navigates the overarching themes of jealousy, acceptance, and the looming reality of growing up. Kids and adults alike resonate with Woody's fear of being replaced and Buzz's journey to realize his true identity. The heartwarming climax reminds us of the importance of friendship, even amidst rivalry, making it a poignant reminder to cherish those we hold dear.

Musically, Randy Newman's iconic score, featuring the unforgettable ""You've Got a Friend in Me,"" captures the essence of camaraderie and adds an extra layer of warmth to the film. The catchy tune not only complements the film's heart but has become an anthem for friendship across generations.

""Toy Story"" is more than just a charming animated film; it's a timeless celebration of childhood imagination and the incredible bond between friends. Its impact on both the animation industry and popular culture is immeasurable, paving the way for future films that cherish storytelling with a heart.

Overall, ""Toy Story"" is a cinematic treasure that continues to resonate with audiences of all ages. It invites us to reflect on the importance of friendship, the magic of imagination, and the bittersweet nature of growing up. Whether you're revisiting Andy's room or experiencing it for the first time, ""Toy Story"" is a heartfelt journey that will leave a lasting imprint on your heart. A true classic that stands the test of time!",chiragrathod09,2024-07-21
Great Fun For Kids And Adults Alike,"Toy Story is one of those rare animated movies, designed for children, that adults can enjoy.

Plot In A Paragraph: Sheriff Woody (Tom Hanks) is 8 year old Andy's favourite toy, however his world falls apart when Andy gets a Buzz Lightyear (Tim Allen) figure for his birthday and he has to play second fiddle to the new space ranger.

I loved this movie. Over the years I have watched it with both my kids and nieces and nephews and they have all enjoyed it. Watching it now, it has lost none of its charm. 

Tom Hanks is superb as Woody, Tim Allen (who I'm not a fan of) is delightful as the deluded Buzz Lightyear who is not aware he is an action figure, but for me the stand out voice was John Ratzenberger as Pork Chop the Piggy Bank.",slightlymad22,2014-12-07
Best Pixar movie to date!,"Toy Story is just a wonderful film, that I recommend to anyone who loves animation. I will also say that it is definitely the best Pixar movie to date, all of which are extremely good, even the weaker efforts Cars and the Incredibles are well worth watching. I loved the voice talents, the talented Tom Hanks is perfect as Woody, and Tim Allen likewise as Buzz. Both characters are hugely engaging thanks to their frequent conflicts, and are well supported by excellent supporting characters like Potato Head, Rex, Ham and Little Bo Beep, voiced by the likes of Don Rickles, Jim Varney, John Ratzenberger and Annie Potts. Not to mention the hilarious toy aliens, and the creepy kid Sid. The voice talents aren't the only things worth mentioning, the film has a remarkable story and a truly irreverent script (""I'm from Mattel, actually I'm from a smaller company that was purchased by Mattel in a leveraged buyout""). But the best aspect of the movie is the phenomenal animation, which was colourful and sophisticated with brilliant character movement. Honestly, I loved this movie, and I also thought the sequel is one of the few sequels of recent times, that actually manages to surpass its predecessor. All in all, a wonderful film, that is a must-see for the whole family. 10/10 Bethany Cox.",TheLittleSongbird,2009-06-16
Toy Story,"A wonderfully sculpted piece of filmmaking. It brings us into a new age and may this new age have films that are just as delightfully witty as this pleasing film for all ages. The laughs are constant, there's great creativity at work, from the artists and the numerous talents who lend their voices. Hanks, Allen, Rickles and Ermey stand out in their performances.",Coxer99,1999-03-20
Toy Story,"Toy Story was directed & written by John Lasseter, being his, and Pixar's first major production. Toy Story was originated by John Lasseter himself, Joe Ranft, who wrote The Lion King & Beauty and the Beast, and the start of the iconic Pete Docter & Andrew Stanton as well.

Toy Story broke so many barriers, creating the first full-length motion picture about toys, when we're not around, while giving them humanized traits, and problems, (I knew I wasn't the only one who used to think about my toys when I wasn't around, as a kid). It's almost impossible not to praise this film, being one of a few films 100% critically acclaimed on Rotten Tomatoes. Toy Story was an inventive family-film, created twenty-five years ago, and other then some mediocre animations, the film still holds up tremendously til this day! It is beautifully paced, while having high risks at all times.

Before I jump into these amazing characters, I want to give credit to Janet Hirshen, Mike Fenton, Jane Jenkins & Ruth Lambert, for casting the absolute best voice over cast, someone could've ever put together. Sheriff Woody, voiced by Tom Hanks, was the clear cut leader of the toys. Woody is the smartest of the group, stealing every scene he's in, with tremendous character development. Buzz Lightyear, voiced by Tim Allen, was a super enjoyable character, adding this toy personality, compared to everyone else's humanized personalities. Buzz complimented Woody very well throughout the whole film, creating a decent share of the risks. Rex, voiced by Wallace Shawn, was almost indefinitely the best character in the film. He is by far the funniest of the group, adding an unexpected twist to his personality. Mr. Potato Head, voiced by Don Rickles, acted as the dad character, with such a negative attitude, that clashed brilliantly with everyone. Hamm, voiced by John Ratzenberger, was one of the smartest of the pack, being very blunt, and right to the point. Slinky Dog, voiced by Jim Varney, was Woody's right hand man, being the most matured toy of the group. Our antagonist in Sid, is just as diabolical as the Joker, Thanos, & Scar. He is so dark and creepy, and poses a huge traumatic threat to any toy in the area, or in his possession.

The screenplay by Andrew Stanton, Joe Ranft, Bud Luckey, Pete Docter, Joss Whedon, Joel Cohen & Alec Sokolow, was so pleasing for the kids and the adults, sneaking in their fair share of adult jokes. It captured so many heartfelt moments, ultimately hitting home when the film concludes.

Toy Story was the first beautiful full length CG animated film! For 1995, these animations were essentially flawless! The production designers in Patsy Bouge & Karen Robert Jackson, created these brilliant sets & set pieces, with amazing sizeable shots, to give great depth, and life to everything.

The score & music by Randy Newman worked phenomenally with the story. Not only was You Got a Friend in Me, a smash hit, but Strange Things Are Happening To Me, as well.

Overall, even though this film had very minuscule nitpicks, with the editing, and some circumstances, it was still almost flawless! This is my second favorite film by Pixar, and one of my favorites of all time.",haydenluz,2021-01-05
Four Dimensional Toybox,"I see that my previous comment on this film was deleted.

This is the thing that started it all: Pixar. Somewhat photorealistic modeling. Deep, deep attention to story dynamics. An animated feature not so polished since ""Snow White."" Something worthy. Something that led to the reinvention of Disney.

Its an iconic turning point, like ""Citizen Kane,"" ""2001,"" ""Bonnie and Clyde,"" Greenaway's ""Tempest."" (and others) Many things after change. 

So it should be seen on its historical basis alone. Here already you can see that Pixar decides to combine goals. They want the movie to be just as good as the best non- animated movie. There is the well-documented attention to refining and refining the story dynamics so that the narrative spine simply works. That took years. 

What I mean by combined goals is that they also realized that they were presenting something relatively new in their three D modeling capability. So they wanted to have that new cinematic vocabulary enhance the narrative dynamics and vice versa. It is subtle here, not fully developed until ""Nemo."" But its plain to see when pointed out: the camera simply moves in ways that a real one does not. There are a broader set of intimate and distanced observer perspectives. These are not overused, lest you notice them, but you can see that out tolerance and viewing skill has slowly evolved from this to the later Pixar projects. (At this writing, that is ""Wall-E."") 

The business about family and desired roles are not ""the point"" as some would say, but strategies to explore this deeper narrative power.

Ted's Evaluation -- 3 of 3: Worth watching.",tedg,2008-11-16
Toy Story: Thoroughly Entertaining,"With the ever increasing proximity of Toy Story 3, I decided it was about time for me to revisit the original and its first sequel to refresh my memory. Having been among the original target audience, it's a real trip back to childhood.

The longtime favourite toy of young Andy, Woody is disgruntled to be pushed aside in favour of a new space-ranger action figure in the form of Buzz Lightyear. Admired by child and fellow toys alike, Buzz threatens Woody's territory, prompting an effort to remove him which results in the two being left many miles from home, with little time to get back before the family's move.

Now regarded fondly as one of the best kids' movies of all time, Toy Story was the catalyst which allowed Pixar to rapidly ascend to the throne of animation where they dominantly remain to this day. Certainly it wowed me when I first saw it, almost fifteen years ago now. Indulging every child's fantasy that their toys come to life when they're not looking, we find ourselves instantly aligned with the host of strange characters. The quality of the animation, revolutionary for its time, is seen instantly, proudly boasted in the movements of the soldiers as they march downstairs. Everything looks completely realistic and, most importantly, believable. Whilst amusing beforehand, the laughs only really start to build up when Buzz arrives and we are treated to his interactions with Woody, the disagreements between the two and their petty arguments forming the basis of the film's funny factor. The added maturity of years affords the understanding of some of the film's more adult jokes, adding a little something extra to the experience for returning viewers. The action-adventure side of the plot keeps up the drama, tension, and sense of doom, keeping us wondering whether or not the reluctant duo will ever make it back in time. The scenes in Sid's house are the film's best, in terms of keeping up suspense. Their oddness is stand-out and ever memorable, the stranger toys therein encountered doubtlessly having haunted many little 'uns over the years. Certainly still enjoyable, Toy Story remains an inherently good film, though for me it stands less high than the likes of Wall-E, lacking the considerable emotional impact of that later Pixar effort.

Carrying a vast legacy, Toy Story stands the test of time well, still as enjoyable as ever it was. Having paved the way for films which, as you would hope, took what it did and did them better, it is enduring, endearing, and thoroughly entertaining.",imagiking,2010-07-08
Infinity and beyond from Disney and Pixar!,"Disney and Pixar studios team up and brought us an imaginative adventure story about a little boy named Andy who loves playing with his toys, with his best friend being a cowboy doll named Woody. However, when Andy and not body else is looking, the toys come to life. Woody is the leader of the toys in Andy's room, which include a Mr. Potato Head, Slinky the Dog, Rex the Dinosaur, Hamm the Pig and Bo-Peep the girl doll. However, when Andy's get new toy space ranger Buzz Lightyear for his birthday, Buzz takes the place of Woody of being leader of the toys and Andy's new best friend. Brewing with jealously, Woody attempts to get rid of Buzz, but both ended up lost outside of Andy's house. As a result, they must find their way back to Andy's house before they move - first trying to get through Andy's weird neighbor and toy torturer Sid.

This is filmed in brilliant and colorful computer animation - very detailed and realistic. The story is full of surprises and adventure, from Woody and Buzz getting lost in a pizza shop to them trying to break loose out of Sid's house to get back to Andy's. The movie is also filled with comedy; you will have to watch the movie to appreciate and understand the humor only live toys could make. And, there are toe-tapping songs you would learn to love including Randy Newman's opening song ""You've Got a Friend in Me."" While this movie's plot is full of non-stop fun and adventure, making every moment exciting and entertaining, the film also concentrates on friendship and teamwork and overcoming all odds. While I mostly enjoyed this movie, I wished that Woody was not made out to be hated on so much by the other toys after Woody's jealous behavior towards Buzz. I thought this takes away at Woody's hero status too much especially for his first movie.

But overall, this is one of Disney's best work, which will make you suspend your disbelief and expand your imagination. Also, hands down to a great voice cast: Tom Hanks, Tim Allen, Annie Potts and Jim Varney.

Grade B+",OllieSuave-007,2014-01-27
Good movie,"I watched this when i was little but nice i watch it now its not the best i just, now know not to watch 'Toy Story 3' when it comes out.",contacttonyj,2020-09-02
a movie for children,"I loved this movie as a child. as an adult, it's not funny. i laughed only a few times. it's still a decent movie, but seems to be aimed squarely at children. many of the jokes are basic or childish, like slapstick humor. also this didn't bother me, but there is a major plot inconsistency, if Buzz truly believes he's a space ranger and not a toy, why does he act like a toy every time there is a human around? it's excusable, but also pretty weak (about 4 viewings, 6/20/2020)",FeastMode,2020-06-21
Even after 25 years this is still a magical film,"I re-watched this for the first time in about 15 years and it still holds up remarkably well. The animation is still very expressive at capturing character, tone and making a believable world unto itself. Pixar would go on to create more polished films but this one has all the hallmarks of the company. The story is enjoyable for children and if parents squint they can see a metaphor in employment turnover. (Not to mention the cultural transition from westerns to sci-fi, or the meta irony of 2d cell animation being supplanted by CGI). The film is equal parts charming, funny and exciting. It even tugs at the heartstrings not matter how cynical you are. It is far from Pixar's best but it holds its own in the pantheon of animated films.",CubsandCulture,2020-12-28
A born classic.. nouveau. But why R. Lee Ermey?,"Toy story was a fun, imaginative renewal of the animated genre already when it was released in 1995. It continues to be one of the epic children's movies.

Behind several of the voices are well-known actor, such as Tom Hanks, Tim Allen, Don Rickles. That said, personally I have no affection for real-life, callous trophy hunters like R. Lee Ermey, which is playing the role of the sergeant.",DrWilhielmWonk,2017-11-30
Toy Story changed the game.,"A simple and short film that was more monumental for the animation industry than people nowadays realise. To think that they were tentative about releasing a fully CG film because people might get bored, is absurd to think about now.

Toy Story was a game changer, and it works well on multiple levels. Funny characters, a clever script and wonderful creativity exploring the hidden world of toys make for a joyful experience.

I enjoyed it a lot as a kid, and the adult jokes that went over my head would make it even more fun nowadays, if I wasn't thinking about how my old, forgotten toys must be feeling...",H4wke,2022-12-18
Wonderful!,"This movie was my childhood! Not only because it's pixar's first full-length movie, but because it has a wonderful plot! It's a great movie for all ages. I would highly recommend this movie.",crazy-chicken-man,2021-01-01
How Toy Story Reflects a Throwaway Culture,"There's no denying that Toy Story made history. It was the first full-length film animated with CGI, and for that reason alone, it's cited as a technological marvel. But technical novelty can only carry a story so far. So the question becomes- does Toy Story hold up as a film, beyond the fact that it broke new ground? On the surface, the plot is simple- Woody, a cowboy toy, gets jealous when his owner starts favoring a newer, flashier toy - Buzz Lightyear. What unfolds is a story about rivalry, identity, and reluctant camaraderie. Fair enough. But dig a little deeper, and what you find is a layered narrative about status anxiety, the fear of being replaced, and even a kind of existential crisis. Buzz doesn't know he's a toy. Woody's entire sense of self is threatened. There's a psychological undertone here that isn't often discussed. For 1995, the film was a marvel. But by today's standards, the animation is dated - the human characters, who now come off as rather stiff and uncanny. It's not something I'd hold against it but it does strip away some of the nostalgic polish once you rewatch it with a critical eye. The voice acting is solid. Tom Hanks brings real neurotic energy to Woody, and Tim Allen gives Buzz just enough deluded heroism to be both amusing and sympathetic. The supporting characters do their job - comic relief, nothing too complex. Still, the lack of a meaningful female presence stands out. Bo Peep is a character, more of a decorative afterthought than anything else. In retrospect, it feels like a film very much made by and for a certain demographic. And then there's the consumerism. The world of Toy Story revolves around the fear of being discarded - by children, by society, by the marketplace. Toys are only as valuable as their novelty. It's not subtle, and I'm not sure it's supposed to be. The entire premise hinges on the anxiety of obsolescence. One has to ask whether this was an intentional critique or a reflection of the cultural moment Pixar emerged from. In the end, Toy Story deserves recognition for what it accomplished. But that doesn't make it immune to scrutiny. It's a landmark film, yes, but not without its limitations. Let's just say it's more complex than its reputation suggests - and perhaps more revealing of the era that produced it than many would like to admit. Final verdict- 8.5/10. Impressive for what it was, worth revisiting - but with eyes open.",rgpaeplrp,2025-07-04
Toy Story,A great movie and the beginning is considered one of the best movie studios at Pixar,auuwws,2020-10-20
Heroes of my childhood!,"I've watched it countless times, but I still don't get tired of it.",tarikboran,2021-07-12
I never really thought this was the best movie...,"Toy Story is a good movie. It has good characters and a decent story. But is it really worth the hype? Yes, it's the first fully computer animated movie ever made and that's very impressive. For that reason alone, it will stand out in history. But I certainly never really thought it was the brilliant classic everyone else thought it was. Its animation is great but the story suffers from major pacing issues. There are entire moments of the movie right in the middle that bore me every time and don't stop boring me until I get to the film's climax, when it picks up again. A lot of trimming should have been done in the middle. Toy Story is good but its sequels are a lot better. So is it bad? No. But it's not brilliant. If this were 2-D, I doubt it would receive this high praise.",nilanna999,2013-07-27
Best Disney ever,"Finally a Disney movie which isn't moralistic but just fun to watch. Also it doesn't have the boring ""sing-along-songs"" so this movie is also a perfect movie for anybody about 10 years and (much) older. I really liked the computer-generated graphics because the characters moved very smoothly, something which can't be done the original way. More of these masterpieces in the future please and I will really like Disney at last, but dont't make it to moralistic and musical. That this movie is above all the other Disney -movies in the IMDB top 250 is proof of that.",Amigard,1998-09-08
Just missing that extra something,"This first entirely computer animated film by Disney is a pretty good effort, but the film seems lacks that extra something, that makes it good. The action, which does not seem to stop is ‘only' pretty thrilling and the film overall is ‘only' kind of funny (I didn't burst out with laughter once). Therefore this film can not achieve the rating good (8 out of 10) by me, for a good film (in my opinion) is good on more than just one or two levels and it has to cover the entire film (preferably exceeding in more than one genre). Nonetheless this is (again) no disappointment by Disney.


7 out of 10 (an average rating for a Disney animated feature)",stamper,2002-11-02
the cynical and the dead,"I found this amusing for about no minutes whatsoever.

The movie has ""franchise"" written all over it. Are we ready for the dolls? The Burger King cups? Heck, yes, obviously - let's reduce all imagination to cheap commodities, sell our children on an open market and let business ethics only apply.

The ""story"" is soporific, the dialog cliché, the characters banal, the message simpering wimpy crap only suited for a sado-masochist on a hangover.

Gaudy bit of CGI fluff pretending to be a ""children's classic"" - only in the dreams of the cynical and the dead.",winner55,2007-07-01
Classic,A great movie turned into a franchise the tales of Woody and Buzz. This move will never get old and hopefully be shown to all generations of children it will keep the little ones occupied for a while and most adults. I have watch this many of times and it never fails to bring back happy childhood memories. It show that you should never give up on any problems that may occur also a good inspiration/lesson for the kids it will show them never to give up. Personally i will be showing this movie franchise to my children a heartwarming way to spend a couple of hours with the family.,josephbartley,2018-07-19
One of the first animations from Pixar,"When Toy Story came, in 1995,I was 9 years old and it was a remarkable animation;Pixar wasn't famous like today, and we didn't have movies like Shrek and Finding Nemo. But I have to say that even in the present days this movie is awesome and has great graphics. Only to start, the story: The toys have life of their own, and every time we humans are distant from them, they have their lives and their own plans. Woody, until Buzz LightYear comes up,was Andy's favorite toy and also the leader of all of them. Jealous of Buzz's fame, Woody tries to get a rid of him, and because of that is totally ignored by the others toys, who once were his friends and admired him. Looking what he did, Woody goes search Buzz and them many adventures happen.",Lady_Targaryen,2005-11-10
I really need to talk about this one?,"It is just great. The beginning to the Pixar's success, Toy Story have his nostalgics feelings and his successful line. If you don't have seen this before, when you see, you're going ""To Infinity And Beyond"".",jowsazevedo,2019-08-08
To Infinity and Beyond!,"The first fully computer animated feature length movie in history is an excellent film. The story is very entertaining and Toy Story has a great voice cast. I could explain the story, but so many others have, so what's the point? Like so many animated movies produced by Disney, this was aimed at children, but who says only they can enjoy it? Thumbs up!",Op_Prime,2000-11-02
A timeless journey of friendship and imagination,"""Toy Story,"" directed by John Lasseter, is a groundbreaking animated film that marked the beginning of Pixar's illustrious journey. Released in 1995, this beloved classic explores the secret life of toys, centering on the rivalry and eventual friendship between Woody, a cowboy doll voiced by Tom Hanks, and Buzz Lightyear, a space ranger action figure voiced by Tim Allen.

The film's innovative use of computer-generated animation was revolutionary at the time and still holds up remarkably well. The characters are brought to life with vibrant detail and expressive personalities, making them relatable and endearing to audiences of all ages.

The story delves into themes of loyalty, jealousy, and acceptance, presenting a heartfelt narrative that resonates on multiple levels. The voice performances are exceptional, with Hanks and Allen delivering standout roles that have become iconic in animation history.

While ""Toy Story"" is undeniably charming and entertaining, some might find the plot straightforward compared to the deeper narratives of its sequels. Nonetheless, its humor, creativity, and emotional depth make it a timeless classic. ""Toy Story"" remains a delightful journey of friendship and imagination that continues to captivate viewers around the world.",Falko_h1,2024-05-27
classic,"Toy story is a timeless classic and its not hard to see why the movie is funny, emotional, adventures and full of great memorable characters and scenes. there isn't very much to say about this film other than its fantastic and one I will always come back to watch time and time again.",jessbir-23618,2019-07-21
It's okay but over hyped,"I saw Toy Story in theaters when it first came out and it was alright but I wasn't impressed. Over the years I've come to dislike it rather than feeling neutral toward it. The concept of the movie wasn't new to me because I had already seen the Jim Henson film The Christmas Toy which was basically the same but instead of Woody the cowboy being the main character it was a tiger plush toy named Rigby and I prefer puppetry over CG anyway. Given that this movie was made in the early days of CG the people look really weird and fake, almost creepy, even the good characters. It seems to mainly focus on the petty squabbles between the jealous cowboy and the delusional spaceman. While the film has a few jokes the kids might not get, my over all impression is that the whole story lacks depth. You could maybe read between the lines and infer things but the movie glosses over most of the more serious stuff to keep the mood light. I didn't find any of the characters particularly likable either.",avonfoxglove,2015-11-18
Old yet still perfect,"A great film that brings some of the worlds fav toys to life and entertains children when it came out, all that time to now, and still a great movie to go back and watch once in a while, and is still coming back for more. Just simply astonishing",nathanglay,2019-01-19
Cowboy toy is replaced by space ranger toy at a boy's house. The cowboy grows jealous and mishap.,"Hilarious. Thrilling animated tale of toys in our lives. Wondrous done and fast moving. the story unfolds like smoothly and Tom hanks voice is a delight to hear as always. Toys have been a really close part of our childhood whether we care to admit or not. When i was a kid, i din't go to bed hearing bedtime stories, i went exhausted playing (swat cats and power rangers). I used to tie a towel round my neck and fly around. Cars also were a big favorite like the need for speed kind. i used to race them crash them build fortress with chess pieces and escape with the cars. I was a mad kid. Understandably so the real juice of a boy's best friend, toys. The juice of that relationship is captured and created fantastically in this movie. Got to run because there is a snake in my boot. Check the movie out.",arjunflamingfeather,2014-12-12
A film that will last for infinity and beyond,"This film will continue to delight children for many years to come and will truly last the test of time because of it's simple story and bright and interesting characters. 

This was probably one of the first family films that adults could really enjoy as well and it is a testament to Disney and Pixar that other companies have tried to do this in their own films.

The voice cast is fantastic and it is great that they all returned for the 1999 sequel as well as the soon to be released third film.

Overall this was one of the main films of my childhood and I still enjoy it very much today. No matter how many films Dreamworks milk the Shrek franchise for it will never have the heart or the humour of Toy Story.",studioAT,2010-06-13
Fun for all the family - really this time!,"The phrase ""fun for all the family"" usually means that grown-ups can expect to wish they'd watched something else.  This film is one of the rare beauties that does blend attractive visuals for the kids and a witty, funny script for the adults.  Throw away your expectations of a Disney movie, this is a step in the right direction for more ""mature"" viewers who still want to keep the young ones happy.  And we all know how pretty the film looks.  It really is a joy literally just to watch.  But the jewel in the film's crown is the sharp dialogue.  I challenge you not to laugh and Tim Allen's wonderfully self-centred Buzz Lightyear.  And his voicing is just one gem in a great cast.",a_dee_007,2000-01-11
Four E's Short Review,"Entertaining (How enjoyable is the movie to me): 10
Escapist (How involved was I in the movie's world): 10
Emotional (How much did it make me feel): 9
Enlightening (How much did I learn about the universe and myself): 8",evanborchardt,2018-12-02
One of the Top Ten Movies of the 1990s,"If there's any justice in this crazy world of ours, ""Toy Story"" will become a classic in the mode of ""The Wizard of Oz"" and ""Snow White."" I look forward to its appearing every year on television, as a much anticipated ""event.""

It certainly is groundbreaking, what with imagery that must've taken a computer system dwarfing the pentagon's to do.

But I love how well-thought-out this movie is. The plot works from beginning to end. The performances are terrific--Tom Hanks and Tim Allen don't just blather their lines onto the soundtrack, leaving it for the animators to do all the work. No, rather, they're really *acting* here, imbuing their characters with as much depth and breadth as if they'd been playing flesh-and-blood people.

Keep a sharp eye, movie lovers, inside gags abound: When Woody runs from an escaped globe, you'll think it looks just like the giant ball sequence from ""Raiders,"" and you'll be right! When Buzz walks amid a sea of tiny alien squeak-toys, Richard Dreyfuss' close encounter ""...of the Third Kind,"" of course, should echo in your mind.

The look of the movie *is* stunning--and, IMO, it ""works"" in every instance but one: Syd's dog. Instead of looking canine, he looks instead like a fur-covered football.

I wish Pixar had spent a few more pixels refining his ""look.""

But all that's quibbling. Here's a movie for every kid who whiled away an afternoon while sprawled in front of a toy box and for every adult who ever wondered what happens to those Little Tykes people once you turn off the lights and go to bed...",dweck,1999-02-01
Cornerstone cinema,"In many ways Toy Story is just as big of a film as Snow White, or My Neighbor Totoro. It is the first of its kind, really. The very first feature-length computer-animated film and the founding stone of Pixar Studios. And quite like Snow White, it is still a marvelous film. With certain, minor caveats.

First the praise. The story is still incredible. It has to be for the film to have withstood the test of time so well. It is about toys coming to life when humans are away at least partly because toys were much easier to animate than real humans (the humans in this film look scary, by the way), but great storytelling is often inspired by limitations. And that certainly applies here. Through simple childhood toys we explore the concepts of growing up, learning new things, meeting new people, dealing with failed expectations, fear of loss, abandonment and betrayal, letting go of things, and most importantly, about friendship and family. And it's all told through a fetching, relatable and kid-friendly narrative.

The characters are also a lot of fun, though as a kid I never realized what a jerk Woody (Tom Hanks) really is. Sure, that's his point, but I always though that the cowboy had something of a point. Perhaps kids see these things differently. And nevertheless, the idea that Woody was in the wrong was clear even back then.

Unfortunately what hasn't aged so well is the animation. The humans look terrible, yes, but that was clear even in 1995. But the toys were phenomenal back then. Mindblowing, quite frankly. Less so today. The movement is still really smooth and the designs are interesting, but it all looks so plasticky. The movie works around that admirably - most of the characters are made of plastic, after all - but it still leaves the movie looking flat and lifeless even when it's not supposed to look like it. I've heard it said that early hand-drawn animation looks charmingly simple, whereas early computer-animation simply looks cheap. And there's some truth to that, I'm afraid to tell.

Still, Toy Story is a classic. Not my favourite Pixar film by far, but it did start something quite wonderful.",Vartiainen,2018-02-20
The 1st CGI animated feature still falling with style!,"First, 50 years of Jaws, then 30 years of Batman Forever and now 30th anniversary of Toy Story. After watching this movie, it give me memories of watching it in 2000 with my family Honestly I didn't know Tom Hanks was lending his voice as Woody. He did it with perfection. I remember I was jumping out of my seat in excitement. For me the third part gets the top honors but always remember that the first installment deserves a round of applaud for authentic emotion and originality.",asb_deutsch,2025-09-23
"It aged a bit, but Pixar's 1st Movie still holds up 29 years later","TDLR: I felt that Toy Story 1 is overpraised, but in a good way, TS1 still holds up many years later, and the fact that many people till watch and review this movie showed that Pixar did a good job at it.

Watching the movies for the first time for Toy Story 1 was pretty magical, now I don't remember alot since I was only a kid and didn't really knew how the entertainment nor movies industry worked, I just thought it was awesome, but now that I'm much older as an 18 year old, I decided to re-watch this film and I'm actually on a marathon on watching both Pixar & Disney Films, so is going to take me a long time and prob some breaks since I do have education.

Basically, my opinion for this movie is, I honestly think is slightly overrated, hear me out, I only say this because is merely my opinion, you are allowed to disagree which I recommend, but honestly, this film was very and I mean VERY solid, it was ahead of its time, was the first movie ever made with the animations but overall the characters, the actors, the story, etc. Was quite amazing, but sadly I feel like the movie did age a bit, one of my biggest criticisms is the fact that the dog look absolutely horrendous, I will give Pixar a pass since, this was 1995, in 1995, this dog looked pretty realistic for its time, but nowadays in 2024, yea this dog look pretty ugly, I've also noticed that some of the human characters do look a bit plasticly or even toy-ish like.

Honestly, it isn't even the movie fault that I rated it quote on quote ""lower"" is just the fact that Toy Story 2 & Toy Story 3 exists, which not only expanded Toy Story Universe much better but the characters, stories and 100% the animation was improved SOOO much better.

Toy Story is one of the finest movies/films Pixar have ever delivered but I feel like people should tone it down a bit with this movie, where's the love for Toy Story 2 & 3?

Overall, this movie is pretty amazing, but I do feel like this movie isn't really that special nowadays.

Pros:
The Vocals/Actors did AMAZING as their roles, Tom Hanks nailed it as Woody and many other characters.

The Characters and Plot still holds up, it's interesting to wonder ""wait, do our toys actually move when we don't move?"" even back in 1995 this idea was quite unheard of, and Toy Story delivered phenomenally.

Cons:
The Story is rather simplistic.

The Animation is slightly dated.

Overall, an Average/Fine movie/film.",azjjude,2024-11-15
Huh?? This is in the top 250???,"OK, Toy Story is nice and yes, it is visually quite good but hello, how can this be rated as one of the greatest movies in history??? It is just entertaining at times... maybe it is better for kids... Monsters Inc. is a lot better, and if you want to see a cartoon that says something rent ""Hotaru No Haka"" aka ""The grave of the fireflies"" is Soooooooo much better....",o_cedar,2003-08-17
A classic that will never disappoint,"Toy Story is a movie that you can always count on to give you a laugh, smile and maybe even tears. An awesome movie for young children to watch, as the storyline isn't too complex. However, it is also a nice movie for all ages about the value of friendship.",RandyStanz,2020-12-10
One of the best Disney movies out there,"This is a great movie.  Enjoyable for any age, with really smooth computer animation.  If you haven't seen it, by all means, do!  Woody and Buzz make a cool, comical duo that I don't get tired of no matter how many times I see it.",yunder,1998-11-01
Plastic Fantastic,"Y'know, I always suspected that my toys were coming to life when I wasn't looking!

In Andy's Room, his toys lead lives of noisy desperation come every birthday and Christmas - no one wants to be one-upped by a new addition to the toy box. Nominally led by Cowboy Woody (there's a Brokeback joke in there just waiting to happen), Mr. Potato Head, Rex the Dinosaur, Ham the piggybank, Bo Peep, Slinky the dog and a smattering of other playthings go about their toy business of playing checkers, hanging with the hometoys and ""plastic corrosion awareness meetings,"" until Andy's birthday party, when they gather expectantly around a transistor radio, listening to the reports of their toy soldier troops ""in the field"" (downstairs watching Andy's gift-opening), hoping that no gift will be exciting enough to cause Andy to neglect *them.* There is. His name is Buzz Lightyear, Space Ranger.

Directed by Pixar mainstay John Lasseter, with the voice talents of Tom Hanks (as Woody), Don Rickles, John Ratzenberger (forever Cliff from *Cheers*), R. Lee Ermey, Annie Potts, Jim Varney and Tim Allen (as Buzz), *Toy Story* is that *rara avis* that succeeds on all levels - in its animation, storyline, character development, its messages of friendship and self-realization and, most importantly, its entertainment value. The fact that this is a cartoon (or animated feature - just what DO we call this new wave of computer-generated movies?) is incidental. Which makes the slightly dodgy animation (of the ""real people"") irrelevant - it gets the point across with or without the technological finesse.

The ""Disney Movie"" has become synonymous with maudlin messages, redneck fundamentalism, anachronistic family values, boneheaded parents, smart-mouthing youngsters, too-hip-to-be-smart teens and insufferable pets. Though Disney's tyrannical umbrella overarches this film's production studio, Pixar Animation, *Toy Story* somehow avoided all trace of Disney's craven hand, which is doubly surprising, considering this is Pixar's first feature length film, after years of experimentation. Right outa the gate and right outa the field.

Sure, there are ""messages,"" but they are heartfelt, rather than maudlin (Woody tells Buzz during Buzz's greatest depression that it matters not what Buzz thinks of himself, what makes him important is what his owner, Andy, thinks of him); there are emotional segments, which are truly heartbreaking, rather than cheesy (when Buzz's escape attempt lands him with a broken arm, proving he is Not A Flying Toy, the lyric, ""Clearly I will go sailing no more,"" launches a thousand hankies); and the portrayal of Andy's family was Pixar's triumphal achievement. Boldly contravening Disney's *idée fixe* of the 1950's nuclear family and Norman Rockwell fantasies, one of the many incarnations of a modern-day family is presented: a single mother with two kids, who are neither geniuses nor monsters, just normal children; happy to visit Pizza Planet and disappointed when favorite toys are lost.

Buzz - who believes he is a real life space ranger on a mission to save the universe - become Andy's favorite toy over Woody. The funny thing is: though Buzz believes he is real, he still adheres to toy protocol of ""playing inert"" when humans are in the area. (Maybe it's instinct?) When he mentions saving a toy from Sid, the vicious boy next door, how does he propose to do it if he is to adhere to the inert protocol? Buzz's ingenuousness regarding his role as a toy infuriates Woody to the point of attempted toy-assassination. Through a concatenation of accidents, both he and Buzz become lost and must use teamwork, trust and ingenuity to beat their path back to Andy, which finds them ensconced in scorchingly funny vignettes (Buzz fastening himself in an over-sized seatbelt; both falling in with green, three-eyed aliens; Buzz hyperventilating as ""Mrs. Nesbitt""). During a climactic rocket ride, the callback line, ""This is not flying - this is falling with style,"" simply seals this movie's greatness.

At least I now have a plausible explanation as to why my toys always got lost: after going about their toy business, they would just go inert anywhere they happened to be, instead of paying attention to their master's infallible toy filing system.",meydianarizki,2020-10-29
Masterpiece!,"I don't throw around the term masterpiece often so listen up! Ever since I was a child there have been few films that stay with me if any the way that Toy Story does. It's dips into the deepest parts of children's imaginations unlike any animated movie can. Toys that are alive? How cool is that!? Maybe I'm biased because I grew up with it but even today watching again in 2021 I'm still deeply satisfied. The characters, animation, story, and voice work is the finest you'll ever see. The entire franchise is phenomenal but of course nothing can top the original. If you haven't seen this by now you're doing a criminal disservice to yourself and possibly your children. This is the kind of movie that will live on to Infinity and Beyond!",bigham69,2021-10-19
The beginning of the computer animation movie legacy...,Toy is one of the most excellent computer-animated movies of all time.  It feels different to see through the eyes of a toy and become very immersed in the detail and action. This is an excellent movie to buy for yourself (although a Bug's Life is more hilarious)...,JohnnyJohnHildegaard,1999-05-18
Reminds me of my childhood,I watched Toy story when I was little and it was my favorite childhood movie and I really love it because it made me think a lot and when I was little I used to tip toe up the steps and down the hall and peek into my room to see if my toys were moving but they never were but I just thought they were really good and I used to talk to them all the time about my life which you will most likely think I'm weird because I talked to my toys but I talked to my dog to and you want to know why well because I love to talked and everybody was annoyed so I just talked to my stuff. But this is off subject so basically to some this up I love this movie and you should watch it and you should spread it even know everybody has most likely already watched it so you should watch it too.,izzybeth7777,2013-07-31
Hail to the First Computer-Animated Movie Ever!,"I absolutely love this movie. The animation, humor, characters, and voice acting are awesome, and Woody - played by none other than Tom Hanks - and Buzz - voiced by the one and only Tim Allen - are such great characters.

However, I will NOT tolerate Mr. Potato Head's ignorant decision to rebel against Woody for knocking Buzz out the window. Rex is very funny, though. I like the idea about toys coming to life, and the sequels are just as good and even better. ALL three movies rock!

10/10",athaggard,2019-06-07
The toys are alive,"""Toy Story"" was, as known, the first movie of Pixar that should ""conquest"" the world after Disney's hand-drawn films were consider as mediocre. Except ""Finding Nemo"" and ""Cars"", ""Toy Story"" is the best of all the Pixar films (here comes a little SPOILER; this movie is not presented with the Pixar logo at the beginning of the film, before the title credits. SPOILERS OVER). It's like some TV-series; the first seasons are sometimes the best, right?

Anyway, I watch ""Toy Story"" for the first time when I was 11 and I enjoyed it. It's never been my favorite movie of all times, but it's a enjoyable and watchable movie. The animation is gorgeous, the story is simple, but well-defined and the script is good. It's a good idea to make a CGI computer animated movie about toys that comes alive (SPOILERS; when the humans aren't watching. SPOILERS OVER).

This film has some more adult humor comparing to the Disney hand-drawn films before 1995, which is quite good. (SPOILER) Most of the characters are simple and well-defined, except the sarcastic Hamm and Mr. Potato Head (not that I dislike them, but they deliver a more sophisticated humor than the rest of the characters). Woody is a more human main character, who makes really big mistakes in the movie, but learn what's wrong and what's right. 

My favorite characters were Buzz (I absolutely love his lines), Slinky (who stand up for Woody more than he deserves) and Scud, Sid's dog, who definitely should be in the sequel. (SPOILERS OVER).

This movie has some scenes that could may be considered a little spooky for the youngest children, but for those who are 8 years old and upward, it's a suitable movie 

What I didn't like in this film is the score of Randy Newman, who is actually very annoying and too sugary for me. Unfortenaly he became the composer of most of the Pixar's film. But the songs in ""Toy Story"" are working quite all right. Not that they are so memorable, but they don't destroy the movie.

So ""Toy Story"" it's a funny and enjoyable movie worth watching.",StartingAllOver14,2007-09-22
Good beginning & end but unpleasant middle.,"I didn't care for most of the characters in this film. They were too mean spirited and I don't like Tom Hanks. The story was sadistic and I have seen better films on this theme. The Christmas Toy by Jim Henson is much warmer. On the good side I enjoyed the minor characters, especially the snake. I also liked the end title duet. The score was good too. I wasn't over impressed by the animation since I consider story & characters to be more important. Since I didn't like those I can't recommend this. But if you do want to see great animation Ice Age & Anastasia are two of the best. Disney are not as cute as they used to be and that is not a good thing. 3/10",Cylex,2002-10-20
The best CGI movie ever? Absolutely.,"Toy Story! The first ever full CGI movie stands to this day as an arguably unequivocal masterpiece of its kind. Iconic, inspirational and such an originally incorporated idea into a wonderfully captivating adventure, full to the brim with trademark character and charm, that would go on to influence a great many animated feature titles thereafter. Brilliant in itself, but for the first of its kind, absolutely outstanding.",IronDuck24,2020-02-14
One of the most watchable(& re-watchable) movies ever.,"This movie has it all. Simple enough for children to enjoy, and yet with enough subtle humour for adults to enjoy as well. In fact, this film was made more for adults than for children I suspect-much of the humour is subtle and adult oriented, and as the makers admit, many of the toys are ones they played with in their childhoods.

The toys in the film are actually better actors, and convey more emotion, than most ""actors"" in films today. Kudos to Pixar for an excellent job.

A must-see film, it has something for everyone, and loses nothing on repeated viewing. I saw it 3 times at the cinema, and then bought it on video, and have probably seen it 50 or so times at home, and yet it is still funny, and I will happily watch it again.",purplefairy,1999-11-24
A wonderful family movie!,What a wonderful movie for the whole family to enjoy!  I can hardly wait for Toy Story 2 to come out!,athena-12,1998-10-11
A Hilarious Tale Told Of Toys.,"""Toy Story"" is one of the best children's films ever. It's cute and funny, and Tom Hanks and Tim Allen are hilarious! All of the toys are very funny, and the movie is sure pleasure! A family hit! I give it a 10 out of 10!",movies2u,2001-06-18
Wonderfully majestic !!,"""Exciting and majestic"". It's fun for the youngest and the whole family. A film that started a great animation franchise in the cinema with a fun story and charismatic characters of ""sympathy with the public"".",prietoheitor,2021-01-20
One of the best animated films of all time,"This wonderful, heart-warming animated film has been considered a classic for many, many years.

The story centers around Andy's toys who live happy, fun and peaceful lives, their only concern being birthdays and Christmases, when new toys could replace them. On one such birthday Andy's favourite toy, Woody the cowboy, finds himself competing against Andy's new Buzz Lightyear action figure. When rivalries boil over, Woody tries to hide Buzz under Andy's bed, but accidentally pushes him out the window. The other toys exile Woody for this action, which leaves him no other choice, but to find Buzz and bring him back. However, with only two days before Andy's family moves, time is of the essence… 

Not only is Toy Story a terrifically fun 80 minute adventure, but it also speaks about friendship and has underlying themes of what friendship really means and the importance of it. As a matter of fact, almost all aspects of the movie (such as the story, message, animation, voice cast, tone and humour) were extremely well executed. 

For truth, this really is a great movie for everyone – young and old – and would be an excellent choice for those looking for something light- hearted and family friendly.",TheAvenger95,2014-08-11
A Monumental Achievement in the Cinema,"""Toy Story"" is a real sight to behold because it is the first feature-length, computer-animated film.  Once you get passed the amazing visual effects, you see a really great film that works because of interesting characters and a second-to-none screenplay.  Even the roughest of critics would have trouble finding problems with this winner.  5 stars out of 5.",tfrizzell,2000-08-03
Emotional manipulation at its finest,"I think we're going to look back at Pixar in 20 years as a study in how to manipulate audience emotions and psychological fine-tuning. This is a classic. At the time, objectively, it's an 8 or 9. But now, watching it again, especially with kids, it becomes obvious that they took an ""inflation adjusted"" CG-friendly aesthetic (toys) and invented the now-popular methods of emotional engineering.",ziptorn,2019-05-02
"Friendship, Jealousy, and Perfect Storytelling","Toy Story is where Pixar's magic truly began.

Rewatching it was like revisiting the moment animation grew up. The film may look simple now, but its storytelling still sparkles... a perfect mix of humor, warmth, and emotional honesty. Woody's jealousy and Buzz's delusion about being a ""real"" space ranger remain brilliantly written and instantly relatable.

Tom Hanks and Tim Allen bring heart and wit to their roles, making the film soar beyond its digital novelty. What surprised me on rewatch is how sharp the pacing and dialogue still feel-- not a wasted frame.

It's funny, touching, and quietly profound about change, friendship, and growing up.

Verdict: A groundbreaking 8.5/10 - the rare movie that shaped childhoods and still holds up beautifully.",FiftyTwo_52,2025-10-16
"Like William T Sherman, but worse","This film fills me with more rage than the burning of Atlanta. I can't believe this was a movie that was actually made.

Although, Buzz Lightyear can take me to infinity and beyond.",Robert-E-Lee,2021-07-28
One of the greatest movies ever made,"I was a teenager when Toy Story was released in 1995. This means that I was both too old (and too young) to have much interest in it, and I gave it a miss.

I thereafter ended up spending a couple decades of my life living in a world surrounded by Toy Story stuff, but never having seen it or any of its sequels.

It was only after growing up and having kids of my own that I finally got around to watching it, with them. And only then did I realize what an absolutely wonderful movie this was.

The existing reviews already cover all the things that make it so good and I'm not sure I can add much too what has already been said. I will just say that I've watched it (and its sequels) several times now (at my kid's requests) and somehow it doesn't get old or tiresome with repeated viewing, for them or me. The story and the character's emotional pull is just incredibly resilient. It makes me laugh, it makes me cry. I don't know of any other movie series that has done that to me.",rainydayjapan,2023-09-12
You got a friend in me!,"I'm giving it a 10 because I watched it everyday when I was a little bitty boy. Toy Story is one of my all time fave cartoon movies of all time. First of all, what a way to start off a studio.

Before, I'm sure Pixar made shorts and ads but then decided to enroll in making the first Cartoon movie of all time. (Too bad Canadians beat it to the punch with 'ReBoot' on TV but that looks like an OG Xbox game) TOY STORY!

The pacing and chemistry between these charming casts of characters cannot be understated. We have themes of overcoming jealousy and becoming unlikely friends. Themes of being disabled and pining to work again. Here we have Buzz and Woody. Sheriff Woody was the leader of all toys and beloved by all until... Andy's 6th birthday! He got a Buzz Lightyear! Buzz Lightyear to the rescue! Everyone was impressed by his abilities when he really was no better than Woody. Woody becomes jealous and kicks Buzz out of the house on accident. Just watch it for yourself.

Anyway, the story is full of thrills, action and adventure. Car chases galore.

Meet Toys both real and fake. From Mr. Potato heads to Woodies.

The older I get, the more awesome Toy Story is. Not because I understand the lack there of secret raunchy jokes. But because I can understand what they are saying. Jokes about plastic preservation meetings for aging toys.

Fear in awe at the childhood nightmare inducing scenes of Sid's bedroom, a place full of mutilated and mutated toys, or Pizza planet a moody zone for aliens.

Toy Story's animation and graphics have aged well, If you're not watching on a Blu-Ray. In HD you will notice Blurry low resolution textures on Rex's skin, wood paneling, and bed spreads. As well as some very poor non toy 3D models. Despite it's overclocked PS3 aesthetics, this will be fooling no kid because it's such of a beautiful and cute movie full of detail and life in each frame. This is insane for a 1995 movie that was basically made in 1994.

The soundtrack is orchestrated by Randy Newman, you get to hear his drunk man's voice through out the movie. Tim Hanks and Tim Allen come together to voice all the characters as well as a star studded cast.

But don't you ever question how the toys talk.

Watch the movie. You'll love it.",nyarnebbanot,2025-07-29
Classic Tale Full of Imagination,"Toy Story (1995) 

*** 1/2 (out of 4) 

A kid's toy room is split after his former favorite toy Woody (Tom Hanks) gets replaced with the newest sensation Buzz Lightyear (Tim Allen). The gunslinger Woody can't except the fact that he's no longer the kid's favorite so he and Buzz end up outside of the house and must try and find a way back. The Pixar form of animation has become the standard today so I'm sure many people watching these films forget how groundbreaking this movie was when it was first released. I was only fifteen at the time but giving it a second viewing after all these years just reminds me at why this thing became a hit. Not only is the animation beautiful and extremely life like but we also got a terrific screenplay that certainly brings these characters to life and really makes them something special. The idea of a film being centered on toys that come to life when no one is looking is something so simple yet so genius that you can't help but wonder why it took someone so long to do a film. The screenplay is without question one of the best ever written for an animation movie as all of the characters, from Woody and Buzz to Mr. Potato Head (Don Rickles) and Slinky Dog (Jim Varney) are perfectly brought to life. The child-like nature of the story has so much energy that you can't help but smile at each journey that the toys find themselves on. The amount of imagination in the screenplay is what makes it so special because it really does seem like something a kid would come up with while playing alone in his room with the toys. Everyone can remember what it was like being a kid and playing with these toys and bringing them to life in our minds so to see that played out on the screen is certainly something special. The film has terrific laughs but also a nice message. The voice work is terrific with Hanks and Allen clearly leading the way but that Southern draw of Varney is special as well. TOY STORY was ground breaking when originally released and it comes as no shock that the film hasn't lost any of its impact. The screenplay with its great characters and story is guaranteed to be enjoyed for decades to come.",Michael_Elliott,2010-12-22
Adult's toy movie,"Woody feeling jealousy and plotting against Buzz but finally learning to cooperate with him - typical adolescence

Buzz realizing he's not special one and having failed to fly - classic adulthood

This movie is not just for kids but also for adults. The story and the message are deeper than what it looks like.

The animation was revolutionary at that time. The quality of it makes the fact that toys can talk, move, and think more believable.

Sid is more evil and iconic villain than Joker.",TaylorYee94,2020-12-01
Enjoyable,This is one of the most enjoyable movies I have every seen. The plot gets you quite involved and the action is very entertaining. The computer animation was done excellent. You can watch the movie over and over and only then appreciate the  small details. Good work Disney/Pixar! Hope there is more coming...,bennie.rothmann,1999-12-28
One or two?,"I have no idea which is the best, as depending on my mood either one suits me. This for my money is best for its darker aspects, Sid, Buzz and Woody's rivalry etc. This film is not only groundbreaking with effects, but raised the bar with its smart script and proper characters. Deserves all the praise.",Smoothfox,2001-10-08
Can it be ten years already?,"PIXAR animation was but an experimental animation company that had a track record of short film contributions to film festivals when Disney invested in and ultimately released their first project,Toy Story. I figured Disney probably had a good feeling about this one,but I'm not sure they anticipated the kind of groundbreaking swell of animation this would shepherd in.

The concept is a fitfully simple and cute one: when kids are away,their toys take on personalities and lives of their own,plotting,planning,bickering,reacting,flirting,etc. In this particular den of toys, a Cowboy Woody doll(voiced by Tom Hanks) is the leader,flanked by a Slinky dog(Jim Varney),green toy soldiers(aptly casted R.Lee Ermey as their platoon leader),a Mr.Potato head(Don Rickles), a Piggy bank(John Ratzenberger,forever Cliff Claven from ""Cheers"") and a Bo Peep doll(Annie Potts). Into the mix is a new,electronic Buzz Lightyear action figure(Tim Allen,who probably does the best voice acting of the bunch here),who almost instantly wows the locals and stirs jealousy from Woody.

With music from Randy Newmann--a personal fave of mine--this movie's colors,attention to detail and wry humor make it easily adaptable to kids and adults alike. CAn it really be ten years since this film broke new ground on animation? How time flies in the wake of stuff like ""Shrek"" and ""FInding Nemo""!",KUAlum26,2005-11-23
A pioneer,"You may or may not like ""Toy Story"", but there's something that's perfectly clear: it changed for good the animation cinema. Pixar were pioneers not only in the world of 3D animation but also in offering products that might entertain children and adults.

I do prefer movies such as ""Antz"" or ""Shrek"", but I think ""Toy story"" is so funny as well. Anyway, we can't avoid the ""Disney touch"" and all those awful songs...

So, after ""Toy story"" came other movies that were much better, but this was the first one and it has a relevant position in the history of cinema.

*My rate: 6/10",rainking_es,2007-03-14
A timeless animated classic,"Toy Story is a groundbreaking film that changed the landscape of animation, offering a heartfelt and imaginative story for audiences of all ages. With its lovable characters, led by Woody and Buzz Lightyear, the movie explores themes of friendship, loyalty, and self-discovery in a way that is both touching and entertaining.

Pixar's stunning animation, paired with clever humor and a strong emotional core, makes Toy Story a joy to watch. The voice performances, especially by Tom Hanks and Tim Allen, bring the characters to life with charm and personality.

This is more than just a kids' movie; it's a timeless tale that continues to resonate with viewers decades after its release. A must-watch for anyone who loves great storytelling.",kalindkoirala-13911,2024-12-30
"Toy Story 9/10, Toy Story 3-D 5/10- rip off","Let me explain. I love films. Toy Story is beyond excellent. Toy Story 3-D is perhaps the biggest con since Keyser Soze convinced the world he didn't exist. There is ONE SCENE in the whole film where you actually get the sense of 3-D and that is right at the end during a snow scene. If you have Toy Story on DVD or have seen it before, stay at home because you are seeing nothing new here. The thing that annoys me is that in addition to paying to see the same film that I own on DVD, I paid extra for 3-D glasses!! unbelievable!! it should've been a highway mans mask and a club. I implore you to stay away from this and Toy Story 2 3-D when it is out as I am sure they will just do the same again.",phillwillkill,2009-11-02
Another Pixar great,"This film was brilliant with a brilliant cast and a brilliant story line causing, a brilliant film. It is so funny and is for everyone, whether you like animated or not. It is so believable and I've watched it over and over. The whole story line is awesome and has been well expanded and must have taken some time to think on. It is easy enough to follow and is for all ages. If you were to put the animation aside, it'd feel like it was a proper movie, as in live action, it'd feel real. If you haven't seen it, I'd watch it.",elizabeth-12994,2018-07-01
What a Way to Bring back my childhood days,This was one of my favorite movies to watch when I was younger. Tom Hanks did a really ethical job playing Woody. I remember having these Toy Story toys when I was young as well. Thank you Pixar for giving us this classic.,momjessicaandjordan,2021-07-11
Best Pixar Movie of All Time,"Toy Story, truly is the best Pixar movie. It has a great cast, great plot and great animation for the first 3D animated movie. 

My favorite character is Woody. He is one of Andy's favorite toys anyway.

Toy story is also my second favorite animated movie. If you haven't seen it, you should watch it. But I'm sure you must've seen it by now",kylemadden-05481,2018-06-25
The Fantastic Ground Floor for Pixar's Wild Ride,"The visuals don't look as polished as you may have come to expect, so it's a testament to the quality of writing that this movie is still as good today as it was sixteen years ago. I can't undersell the ingenuity of the filmmaking either, as Pixar does more with limited technology and a thin rule book than most CGI artists can manage today. Careful, artistic shot selection and playful direction really do a lot to compensate for the occasional bad render, and a world-class cast of voice actors takes care of the rest. Tom Hanks and Tim Allen deserve every bit of recognition they get for their roles as Woody and Buzz; they really put the film on their shoulders and carry it right over the top, shifting something that would've probably been pretty good in other hands into a raging success story.",drqshadow-reviews,2011-07-24
A technological achievement and great film!,"This is a great film from pixar/Disney, i found it to be very effective because Hanks and Allen were amazing voices for this type of film. I thought Toy Story was way better than A bug's life, Finding nemo or even ice age which was pretty good. I usually don't like films like this, I'm more of a mature film type person, however it is impossible not to be entertained while watching this. I liked Tim Allen a lot, he stole the show, though hanks did a good job with his character too. Tim Allen needs to do more films like this and less Santa Clause ones, because these are more his type, even if he doesn't show his face. This is one that the kids and the adults can watch and enjoy 9/10",PersianPlaya408,2006-05-29
You've Got a Friend In Me,"Toy Story Review: You've Got a Friend in Me

Toy Story was released in 1995 with help from production companies Pixar and Walt Disney Pictures. The box office collected nearly $364,402,211 worldwide off of this movie alone. While Toy Story was released over ten years ago, Americans of all ages today are still viewing the movie for leisure entertainment. Aspects such as plot development, thematic lessons, cinematography and animation, and originality are all qualities that make the movie stand above its counterparts. The plot development and basis of the movie are relatable to multiple audiences. The film takes place in a suburban, upscale neighborhood in which Andy Davis and his family live in a colonial, two story, stereotypical, 1990's home. While the family goes about living normal day- to day life, behind the scenes is where the action intensifies and this is where the story inevitably begins. What appeals to most children while watching the movie, are the ""talking toys"" that create their own story midst the chaotic Davis household. As the toys come to life, there are several characters that prominently take the spotlight. Beginning with Sheriff Woody, voiced by Tom Hanks. This is Andy's favorite toy, and inevitably takes on an established leadership role throughout the movie. Continuing on, the audience is introduced to heroic Buzz Lightyear voiced by Tim Allen. Buzz creates much skepticism amongst the other toys and consequently creates the first sub climax of the movie, as a struggle for power emerges between Buzz and Woody. As the movie progresses, there are many thematic lessons to be taken by audience members, regardless of age. Of course Disney never fails to incorporate enlightening take home messages into the production. This is the benefit to this movie in comparison to other animated films. Positivity in realm of life's negative events that are often out of our control is one way in which Disney and Pixar films continue to boast their movie popularity. Director John Lasseter thoroughly thought through every detail in the making of the movie, and this was never so apparent than in the close attention to detail portrayed in animation and cinematography. The colors used were bright and cheerful, as well as the authenticity of the costuming of the character's clothes were accurate in terms of realistic concepts. Furthermore, the voice lines conveyed by Allen and Hanks were portrayed with great enthusiasm to fit the characters' bubbly personalities. Lasseter also nailed this aspect in that the dialogue was simplistic enough to be understood by younger audiences, however witty, personal, and quirky enough to enthuse more mature audiences as well. Originality is a quality that every movie must have, but only the best of movies convey properly. The fact that this movie was released in 1995, and is still viewed today by many different generations is a quality that in itself deserves to be recognized. Looking back at the simplicity of talking toys, it is monumental and worth noting that many details to enhance viewer attraction were presented to perfection to thoroughly create a movie that satisfies a wide variety of audiences. The production was backed by such popular demand in fact, that producing companies and director Lasseter released a sequel four years later. Taking over the charts, both movies scored over an 8.42 on the IMDb rating survey collection, and deservingly so.",talkertwix,2016-02-23
"""I'm not really from Mattel...I'm from a smaller company purchased in a leveraged buyout.""","A kid's bedroom full of toys comes to life when humans aren't around; each toy, both new and retro-vintage, has his or her own individual personality, and they're all thrilled to meet the new member of the pack, birthday present Buzz Lightyear, who just may usurp Sheriff Woody in their pre-teen owner's heart. Disney/Pixar computer-generated cartoon has witty writing and incredible visuals to spare, though some scenes are heavy with chatter and the climactic race to catch up to a moving van is stretching things, even for a kid's picture. Still, some of the lines (which fly by at top speed) are very sharp and funny, and the star-voices (particularly Tim Allen's as Buzz) are uncanny. **1/2 from ****",moonspinner55,2007-07-15
Toys come to life in this entertaining computer-animated film from Pixar...,"It's only now, fifteen years after its release, that I decided to give TOY STORY a look on my large flat screen TV. I've never been a fan of computer animation per se, but this charming story has heart and wit and enough entertainment value for both young and old. The toy characters are both appealing and very funny in ways that anyone can appreciate, thanks to a clever script.

Woody the Cowboy and Buzz Lightyear compete for the affections of a small boy, Andy, whose playroom is loaded with toys that come alive whenever anyone leaves the bedroom. Out of this fresh idea, the plot bounces along with supreme confidence as it races forward putting all of them in constant danger from their ever changing environment, especially when they leave the confines of Andy's home.

Technically, the film is a marvel--everything simulated through computer wizardry, all of it invented with taste for artistry evident in every frame of the film--the kind of artistry that the Walt Disney studio demonstrated during the heyday of their cartoon wizardry.

The brilliant colors look even more amazing in the good print of the film that aired on cable tonight. Well worth watching for pure family entertainment, a rarity nowadays.",Doylenf,2010-12-19
A classic entertainment,"This movie was great and very enjoyable, my whole family loved the scenes and the summary. Every moment was hilarious and lovable, while all scenes were playing you could feel the relationship between Woody and buzz growing and growing and at the end it reaches the height of a giant tree and as sweet as a majestic day. 

Most of the movie was about how friends should stick together and how bad it gets when the separate from each other and it takes several days, years etc till there relationship sticks back together. I really appreciate the efforts which Disney production put in to make a wonderful movie and here it is shown in every role and screen play.

Special thanks to all the people who took part in making this happy film!!.",rafiek-awad,2013-09-21
"On it's 20th Birthday, Toy Story still soars To Infinity and Beyond!","In 1989, Disney's The Little Mermaid became a success and launched what is known to be a Disney Renaissance. While The Rescuers Down Under underperformed, Beauty and the Beast, Aladdin, and The Lion King later became big hits. Unfortunately, Pocahontas, while turning a decent profit, didn't do that well with critics. Because of that, Disney needed some help. 

They managed to co-produce with a CGI animation company known as Pixar to release their very first computer animated feature known as ""Toy Story"", a story about a cowboy doll named Woody who becomes jealous when a new space toy named Buzz Lightyear becomes top toy to his owner named Andy. One day, when Woody knocks Buzz out the window, he becomes despised and after reuniting with Buzz, they get separated from their owner and end up in a house owned by Sid, a boy next door who destroys toys for fun. Because of that, they need to come up with a plan to make it out alive. But first they need to overcome their differences in order to do so. I remembered seeing this film as a child on VHS and loved it. Twenty years later, it's still a beloved classic and there are a lot of things to talk about. 

First off, the story is very well-written. It displays some themes of jealousy, friendship, being a toy that makes you special to your owner, and what it means to go Infinity and Beyond. Also, it has some of the best comedy I've ever seen as it has lots of laugh out loud moments including a scene where Buzz starts acting a bit crazy after pretending to drink some tea with some dolls in the ""I'm Mrs Nesbitt"" sequence and the ""You Are A Toy"" where Woody shouts at him that he is a child's play thing and Buzz replies ""You are a sad strange little man and you have my pity. *makes a Vulcan gesture* Farewell. However, the most important thing about the story is it's heart and it's moments are handled really well. Like the scene where Buzz realizes that he's nothing but a toy which leads to the song ""I Will Go Sailing No More"" from Randy Newman which would leave everyone in tears, but the most important scene in the movie is the iconic ""To Infinity and Beyond"" sequence where Buzz and Woody are flying in the sky after freeing themselves from a rocket. That scene itself is and always will be the most epic part in animation history. 

There's a lot more good things to discuss as well like the animation. I'll admit it doesn't hold up that well after twenty years due to some of the human character animation that look like toys than actual human beings. But to it's credit, this was Pixar's first computer animated movie and some of the animation in Toy Story works to it's advantage. Like the textures of all of the toys and some incredible details like that spoon (seriously, it looks really neat). The pacing is very brisk. At it's 81 minute length, it's never too fast, but it's never too slow either and it takes it's time to let the dialog flow and it does it perfectly. The music score from Randy Newman is really beautiful and well-composed with it's light-hearted tone while balancing it with it's serious moments and the songs are really good. Whether you love Randy Newman or hate him, you can tell that he's actually a good singer and his songs ""You've Got A Friend In Me"" and ""I Will Go Sailing No More"" hit the right notes by being memorable songs. 

Then, there's the voice acting and it's really spot on. Tom Hanks does a fantastic job as Woody, a cowboy doll with his wit, sympathy, and realizes that others are important to Andy as he is. Tim Allen is great as Buzz Lightyear, a space toy with wit and confusion as he figures out whether he's important to Andy or not. Their chemistry together is the heart of the movie since it's a tale about putting aside each other's differences and working together which strengthens it to it's advantage. The side characters, including Bo Peep, Mr. Potato Head, Hamm, Slinky, and Rex, voiced by Annie Potts, Don Rickles, John Ratzenberger, Jim Varney and Wallace Shawn are never annoying and are very funny. The human characters are also good too and Sid, while nothing special as a Pixar villain, is still very menacing he reminds you of a bully at high school. 

Toy Story started the trend of computer animated films and other production companies such as DreamWorks Animation, Blue Sky Studios, and Illumination Entertainment to do the same. While some of them rely on style over substance, there are some that had the same heart and creativity and competed against Pixar for nearly two decades and it's still going as of today. Toy Story and later films such as Monsters INC, Finding Nemo, The Incredibles, Ratatouille, WALL-E, and Up is what made Pixar so compelling because of their heart that helped them earn their critical acclaim. What I'm trying to say here is that computer animation is what made the industry so successful it convinced Pixar to do the same in the late 2000s' which they also succeeded. Not because of the writing, not because of the characters, and not because of their heart, but because of one thing: imagination. It convinced DreamWorks Animation to do the same and they lived up to them just that on movies such as Shrek, Kung Fu Panda, and How To Train Your Dragon. 

So, overall, Toy Story is not only one of the best Pixar animated films ever made, but one of the best CGI animated films that will always go To Infinity and Beyond forever. My thumbs up to Pixar and Happy 20th Birthday.",gavin-lordofthefutur-776-426631,2015-11-22
The benchmark of what animation always will be. Masterpiece,"I'm 19, have watched some incredibly mature works of cinema and judge films based on their artistic merit now as well as their general entertainment and broad mass appeal. I love filmmaking for the nuance of it and for the different forms it can take. But of course, I was a kid once, and it's so important to value that. And films like Toy Story shaped my childhood, as well as being amazing films in their own right.

First ever fully CGI film, therefore a landmark in both animation history and just filmmaking in general. Cultural milestone. The birth of Pixar. The invention of two of the most iconic movie characters ever. A timeless tale of ultimate friendship, after initial jealousy and differences. Something that every kid once wondered (""do toys come to life when no one's around?"") personified (quite literally) on screen.

I will always love this movie, it's a masterpiece and a cultural milestone that shaped an era of animation, and kickstarted full CGI.",oscarclark-37767,2025-08-29
One of the best movies ever made!,"This was made back in the 1990s. I swear I could watch this movie a thousand times and not get bored. This truly is one of the greatest movies ever made. It is colorful, it is story, it's characters. Just, wow! This is one of cinema's best accomplishments. This movie has great dialogue as well. And to think, this was Pixar's first movie. Meaning they succeeded first try. 100/10 for this movie!",parkecha,2019-05-17
The best film for big adults...,"It's too bad the first user comment was that this is the best film for small children.  It's not just for kids!  My husband and I were 35 and childless when we first saw this.  We took a chance and purchased it before we saw it. After viewing it for the first time, we immediately watched it again.  It was if we had been on a really fun ride, and had to get back in line again. And fun is the operative word.  What a fun movie.  It's what I look for in a movie - something that takes you away from the cares of the world for a little while and makes you feel good.  Kind of like a drug without adverse after-affects.",ltclark,2000-04-14
A catalyst in the field of computer animation,"This was the first feature film that was done entirely by computers, and Pixar couldn't have done a better job. Not only is this movie hilarious, touching, and well plotted, but it lead the way for every other computer animated movie, and really set the bar high. If this movie had completely bombed there would no more, or at least not as many, CGI films and we would still be seeing drawn animation. Not to mention that the absolute perfect voice talents were cast to make such a memorable movie for kids and adults and teens and preteens and seniors and new borns or anybody else who eyes and hears or either or. This movie can not me avoided and is a cultural landmark that has opened the door for a completely new genre of movie making.",bosox4512,2006-10-14
It's cute,"I did like the movie. But there was something I just didn't enjoy. I'm not really into Pixar. And I think that computer effects are a little annoying. I don't mind them when they are needed. But when it's for a full movie, I get annnoyed. But I do give it credit. I did laugh a few times.

7/10",Smells_Like_Cheese,2004-02-11
