web_scraper_order,web_scraper_start_url,title,data3,data4,data5
"1784883441-1","https://www.imdb.com/title/tt0109830/reviews/?ref_=tt_ov_ql_2","Life's Lessons in one Movie...","lacey_joeskip7","May 25, 2005","When I first saw this movie I didn't appreciate it like I do now. I think it may have been because I was so young when I first saw it. Just recently I saw the movie again. What an amazing story and moving meaning. That movie teaches you so much about life and the meaning of it. That life isn't as bad as most people make it seem. That an innocent man can impact so many lives with his innocence. The meaning of the movie to me is that everyone needs to have a better outlook on life. That we need to appreciate more of the little things and not let the big things hold us back. That truly although life may throw us trials and tribulations like a box of chocolates but that we have to just bite into it and get through it even if we don't like it. That we all need to hold true to our values and not sink into a place that feels like there's no hope... I just love this movie. And anyone who hasn't seen it or who thinks that don't like it I seriously suggest seeing it or seeing it again. It truly is amazing..."
"1784883441-2","https://www.imdb.com/title/tt0109830/reviews/?ref_=tt_ov_ql_2","A beautiful fable for now and the future","Zonieboy","Apr 8, 2002","I believe everyone has a right to their opinion about films or other topics. However from a lot of the comments I have read about this film, I do not think many got the gist of the message from the author and the film maker. This film is a great modern fable, a fable in the dictionary is defined as a brief fictitious story that teaches a moral. There are many morals defined in this film but foremost is integrity and a simple goodness.

I have a half brother who grew up in the Southern U.S. and on one occasion we were discussing this film and he said he felt it portrayed Southerners as dimwitted. I disagreed with him and informed him that the author himself was a native Southerner. The setting is central to this story in that it lets the tale unfold tying in factual events with the fable before us.

The film is wonderfully directed by Robert Zemeckis, the film is his opus and is acted by a great cast on all levels. From the children who were Forrest Gump and Gump Jr. by Haley Joel Osment. Say what you want but I feel Tom Hanks deserved the Oscar award. Gary Sinise is synonymous with Lt.Dan whenever you hear those words. Sally Fields is the loving dutiful mother in her challenging situation. Mykelti Williamson as Bubba gives you a real sense in the story that Gump had a genuine friend, he moves you with his character. Words don't grasp the full performance of Robin Wright Penn as Jenny. Jennys' tenderness and pain are palpable as exhibited by Wright.

I feel that much of Gumps' appeal is his downright sense of doing the right thing regardless of the people and situations around him and we see that in this film. That being the case maybe we all wish we could be just a little more like that, trying to maintain innate goodness and not the trade-offs we often make as we go down lifes highways.

The movie has it all too,drama,comedy and it challenges societal norms as well. Then there are the almost endless quotes from the movie that have slipped into everyday speech. They are too numerous to say at this point.One of the toppers for me in the movie is when Forrest is in a quandary about life and wondering as Lt.Dan said we all have a destiny and his Mom says it is where we are all just floating around like a feather in the wind. Forrest's character terms it very well with this quote,""I think it is a little bit of both."" From my experiences in life it does appear to be that way. So if you have not seen the movie,see it soon you are in for a real treat. If you did not like it, give it a try again and hopefully you will see it for the great story it is!"
"1784883441-3","https://www.imdb.com/title/tt0109830/reviews/?ref_=tt_ov_ql_2","Let's see the world through the eyes of Forrest Gump","Smells_Like_Cheese","Jun 10, 2002","""I've made about 20 films and 5 of them are pretty good""-Tom Hanks.

""Forrest Gump"" is one of the best movies of all time, guaranteed. I really just love this movie and it has such a special place in my heart. The performances are just so unforgettable and never get out of your head. The characters, I mean the actors turned into them and that's what got to me. The lines are so memorable, touching, and sometimes hilarious.

We have Forrest Gump(Tom Hanks), not the sharpest tool in the box, his I.Q. is right below the average scores. But his mama(Sally Field) believes that her boy has the same opportunities as anyone else and lets Forrest know that there's nothing that could hold him back. As a boy he is put into braces for his legs since he has a crooked back and really doesn't have too many friends. When he gets on a school bus for his first day of school, NO ONE will let him sit next to them. This scene is so heart breaking until you hear a little angel's voice ""You can sit here if you want"". Jenny, Forrest's best friend and crush, she looks so incredibly innocent and you love her because her and Forrest are like pea's and carrots. But we find out that there is an extremely unfortunate side to her life, she has a father that's ""always kissing and touching her and her sisters"". Forrest just assumes that it's a father's love since he doesn't have a dad that could show him that it's wrong.

Forrest and Jenny together walk every day from school and when these kids start throwing rocks at Forrest calling him stupid, Jenny just tells Forrest ""Run, Forrest! Run!"". He miraculously breaks the braces off his legs and run like the wind blows. Forrest meets many celebrities from his life that just happened to be there: Elvis Presley visited his house before hitting it big, President Kennedy honored him with a all American football award, President Johnson who honored him with a medal of honor for his actions in Vietnam, President Nixon(in which Forrest happens to discover a problem in the Water Gate Hotel because some people seem to be flashing lights around), and John Lennon through a talk show to talk about his medal of honor.

Forrest meets some interesting people along the way too that are even better than these celebrities combined; Bubba his Vietnam war friend who dreams of owning a shrimp boat one day and was born with big gums. He is just so wonderful and charming and won't stop talking about shrimp. Luteniet Dan, a leader of Forrest's army in Vietnam who gets saved by Forrest during a huge attack and looses his legs as a result. Luteniet Dan was by far my favorite character, he has so much pride and wants to die in Vietnam due to his family history tradition of dying in every single American war. He and Forrest make quite a pair. And of course there's Jenny, a very tragic figure, she gets more mean as she grows up because she knows that Forrest loves her, in some ways you can't blame her really. She was obviously abused and I think she felt that Forrest was too good for her or that he couldn't really give her the love she wanted. Robin Wright, what a beautiful and wonderful actress.

This movie is incredible and should be seen by everyone. I am not kidding, ""Forrest Gump"" is a remarkable movie and inspires everyone. It's not just about someone stupid who happens to be in great places and historic events just because of being in the right place at the right time. This story is beautiful and will inspire everyone to go the distance and see the world like Forrest did and will never give up on their dreams.

10/10"
"1784883441-4","https://www.imdb.com/title/tt0109830/reviews/?ref_=tt_ov_ql_2","In my opinion, no film has touched me more than this one.....","thomas-hardcastle-2","May 14, 2007","Quite simply, the greatest film ever made.

Humour, sadness, action, drama and a Vietnam film all rolled into one.

I'm not a stone cold, heartless villain, but it takes a lot to make me cry when I watch a movie. Bambi's mother, I couldn't care less. Jimmy Stewart in, ""Oh, what a wonderful life,"" - yeah right! The Lion King, when Mufasa bites the big one - on the verge.

But seriously - I bawled my big brown eyes out, on several occasions in this film. A real tear-jerker, and a wonderful character, played to perfection by Tom Hanks. Every bit as worthy for the Oscar as Rooney was to win the Premiership in 2007.

I cannot say it enough: This is THE film of all time. Watch it, and you'll see."
"1784883441-5","https://www.imdb.com/title/tt0109830/reviews/?ref_=tt_ov_ql_2","Thirty years on, and it's still as wonderful.","Sleepin_Dragon","Jan 22, 2023","A very eventful time in America's history, seen through the eyes of one man, Forest Gump, a man who has a very low IQ, a score of just 75.

Tom Hanks, we all know just how good an actor he is, but there is something about his performances here that's extra special, he is simply outstanding. He's given many great performances over the years, this has always stood out.

Forest sees Vietnam, the moon landings, presidential changes, and experiences a tough childhood and army life, all relayed from a public bench.

It's funny, it's moving, it's wonderfully quirky. I have always loved the way they placed him into historical footage, that scene with John Lennon a personal favourite. It's a long film, but it's one that simply flies by.

The music is fabulous throughout, some of the best, and most memorable songs of the time, you'll hear the likes of The Mamas and Papas, Scott McKenzie and many more, it's a terrific soundtrack.

I saw it aged 14 when it was first released, and maybe didn't appreciate it at the time, now though, I think it's a captivating watch.

Keep on running Forest.

10/10."
"1784883441-6","https://www.imdb.com/title/tt0109830/reviews/?ref_=tt_ov_ql_2","The zen of Forrest Gump.","sundrymules","Jun 20, 2005","This is a powerful yet charming movie; fun for its special effects and profound in how it keeps you thinking long after it's over. Like others, I've seen this movie more than once. One comment I've never heard is that Forrest's simplicity is almost zen-like. I should read the novel to get the author's intention (I remember some people preferring the book and complaining that no one at the Academy Awards gave him any credit.) But rather than an implication that you should do what you're supposed to do and believe in God and you'll win in the end, I see it as zen-like, i.e., living in the moment and not having expectations or particular cravings (other than his loving Jenny.) So he ends up just stumbling into all the major historical events of the time. Granted, he achieves this only because he doesn't have the brains to think otherwise and actually have expectations, but so many of our problems are because we do have higher intellect and desires, which ironically makes us unhappy because we know what we are missing. We love our cats and dogs for the same simplicity and always being in the moment. There's a line in the movie wondering if everything is predestined or happens randomly or it's a combination of both. It is something to mull over for a long time."
"1784883441-7","https://www.imdb.com/title/tt0109830/reviews/?ref_=tt_ov_ql_2","Pure Charm","Hitchcoc","Apr 7, 2006","Every once in a while, something comes along that hasn't been done before. This movie is one of those things. First of all, we have a principal character whose take on life is one where you don't judge it; you live it. I know he's a film character. It doesn't matter because we use images such as these to inspire us and to give us our own way of treating each day. Forrest lets no grass grow under his feet. He is the consummate optimist. He doesn't complain because he sees early on that it does you no good. His life is one adventure after another, in and out of the public eye, but his shyness and demeanor don't ever get to his head. He is the epitome of patience, something sadly lacking in the lives of most Americans. He is pushed around by the gusts of time and always lands on his feet. His relationship with a troubled girl is the one consistent thing in his life, and that is also shows his pugnaciousness. There are some commentators and reviewers who call this character stupid. He is a slow processor, but his stability lies in his morality and his consistency. His mother raised him well.

Tom Hanks has become our new Jimmy Stewart. His roles are about human emotion and dedication. He is the everyman in many ways. Obviously, the subject matter has changed, but you can bank on his decision making when it comes to film. 

The other heroes are the special effects people. They are able to make this work; to create an incredible world for him to function within. The news clips are quite marvelous. I usually put this film in my top ten."
"1784883441-8","https://www.imdb.com/title/tt0109830/reviews/?ref_=tt_ov_ql_2","Purity and innocence retained","kenhe","May 31, 2004","I have seen this movie easily a half a dozen times, and I find that the beauty of the film is how Forrest Gump not only shares his innocence and purity with others, including the audience, he also manages to retain that innocence and purity through some very difficult times. As a Viet Nam veteran, and a college graduate of the late Sixties, I could of course personally relate to the various periods that Forrest Gump endures. I would only mention that the skillful and seamless blending of music, action, and period costume was enthralling. And yet it was so perfectly understated that Forrest Gump's travels through thirty five years of the stormiest and most meaningful years of American history only became clearly defined for the viewer. Even more so than the well known chocolates quote as a metaphor for life, I felt that the remark that stupid is what you do is probably more workable for most of us."
"1784883441-9","https://www.imdb.com/title/tt0109830/reviews/?ref_=tt_ov_ql_2","The role of innocence in positive thinking and thus success ...","AlsExGal","Dec 22, 2012","... seems to be the theme of this film. Forrest Gump has an IQ of 70, is being raised by a single mom, lives in a remote part of the Deep South where there are few opportunities, and has legs that require that he wear braces as a child. Sounds like the recipe for a sad tale or at least a slow death from mediocrity right? No, instead, because Forrest isn't really bright enough to realize the situation he is in, he simply does what he's told to do or what occurs to him to be the right thing at the time and succeeds due to a lack of self doubt. He's told to run and he becomes the star of the Crimson Tide and an All American. When recovering from a war wound, he's taught ping-pong and winds up competing at the global level in China itself. He promises his dying friend Bubba that he'll go ahead with their plans and become a shrimp boat captain and his brand of seafood products becomes a household name.All along the way he never learns the lessons in life that tend to make the rest of us cynical.

Gump's childhood sweetheart Jenny starts out with high aspirations - she wants to be like Joan Baez and fight for world peace - and instead she winds up disillusioned, drug addicted, and a near suicide before age 30. She doesn't have Forrest's childlike innocence and this leads her to self-doubt and ultimately failure. Also, fate or ""destiny"" as the film calls it, is not on her side in one big way - her own father molested her as a child, which couldn't help but play a role in the decisions she made. 

Now Gump does have a bunch of coincidences on his side - call it destiny if you will - the storm that beaches every shrimping vessel in the Gulf of Mexico but his, for example - but in most cases this is just the story of a man going through life without self doubt and that little voice that tells the rest of us ""You can't do that! What are the odds! You'll fail! Make the safe choice!"" To me, this is what this film is about. I think everyone sees something different in it. I highly recommend it as it is truly one of a kind. I remember when it came out it absolutely made professional reviewers crazy that people liked this film, probably because they didn't understand it."
"1784883441-10","https://www.imdb.com/title/tt0109830/reviews/?ref_=tt_ov_ql_2","Dropping My Keys","inspectors71","May 19, 2016","I remember John Byner, the stand-up comic and impressionist of the 1970s talking about guys crying at movies, how it's not an acceptable behavior. He advised the men in his audience to drop their keys, do something that gets them to lean forward, wipe their faces, and get things under control.

I dropped my keys watching Forrest Gump. Lieutenant Dan comes over the hill at Forrest and Jenny's wedding, new legs, fiancé at his side, clean-cut and happy.

Forrest states the obvious, ""Lieutenant Dan, you gawt le-eggs!""

And the water-works just started to flow.

I sit up straight and clear my throat. Got 'em (the keys, that is). My wife leans over and gives me a kiss. She says, ""That's why I love you.""

Other than a few historical fussinesses and plot slickeries, none of which are worth mentioning, this is as close to a perfect, emotionally-satisfying entertainment as I have ever seen. 

I love this movie. I never tire of the simple story of the guy with the lowest IQ in the room being the smartest guy in the room. It's filled with a patriotic decency you can only find in The Wizard of Oz and To Kill a Mockingbird.

When Dorothy is aching for home and the Wizard can't deliver, I drop my keys. When Scout points to the man behind Jem's bedroom door and says, ""Hey, Boo,"" the fob goes flying.

The next time I get out my copy to show to my 11th Grade US History kids, I'll start fingering my key chain. 

I can't help it."
"1784883441-11","https://www.imdb.com/title/tt0109830/reviews/?ref_=tt_ov_ql_2","Forrest Gump (Negative Reviewers are Missing the Point)","jjacques1","Oct 13, 2018",""
"1784883441-12","https://www.imdb.com/title/tt0109830/reviews/?ref_=tt_ov_ql_2","Tom Hanks' best performance","fernandez_1989","Dec 22, 2006","This awesome movie is about an innocent man who represents how the world should be: he's loyal, humble, honest, he would never cheat or lie. He does everything with good heart and reaches success at the most important tasks of life.

Only in America he could live such an interesting life: meet Elvis Presley, President Kennedy, John Lennon... He goes to Vietnam's war and he does everything following his heart. He becomes an American hero. 

Gary Sinise is a great American actor in his best performance too. He served in Vietnam with Forrest and was also a hero, protecting his men and fighting for his country.

All in all this is a must-see movie for everyone, specially for non-Americans, so we can enjoy American culture and icons, as well as learn some American history, which is very useful."
"1784883441-13","https://www.imdb.com/title/tt0109830/reviews/?ref_=tt_ov_ql_2","Like the chocolate in a box, my feelings are mixed....","Torgo_Approves","Oct 8, 2006",""
"1784883441-14","https://www.imdb.com/title/tt0109830/reviews/?ref_=tt_ov_ql_2","Technically Brilliant, Otherwise Barren","richard-mason","Sep 12, 2002","Yes, I watched in awe as Tom Hanks was digitally inserted into all the major events of the second half of the twentieth century, but my already opened jaw then went slack at the banality of the screenplay.

Sorry, but ""Life is like a box of chocolates"" is not a philosophy for a grownup. Or even a retard.

I loved the opening shot, and was really wanting to like this film, but Sally Field is embarrassing, ditto Tom Hanks. Gary Sinise is good, but Robin Wright's character makes no sense.

There IS no moral or philosophical coherence to this film ... it just allows woolly thinkers around the world to project their own feel good mantras onto it.

I give it a 5 for technical achievement

(I stand by for the usual tirade of illiterate and obscene abuse I get when I dare to criticise a sacred cow.)"
"1784883441-15","https://www.imdb.com/title/tt0109830/reviews/?ref_=tt_ov_ql_2","Tom Hanks delivers an astounding performance as Forrest Gump.","schmimic","Apr 23, 2005",""
"1784883441-16","https://www.imdb.com/title/tt0109830/reviews/?ref_=tt_ov_ql_2","Forrest Gump is a movie masterpiece that won't be forgotten and will continue to inspire","blairgallop7","Dec 15, 2007","He may have been good in Philadelphia but be is excellent in Forrest Gump.Tom Hanks delivers another great performance in his career by portraying the lovable,king yet not so intelligent character Forrest Gump.It is also Tom Hanks' second straight win for the Best Actor Oscar which he becomes the second man to do said accomplishment after Spencer Tracy.Whilst not as dramatic as Philadelphia,Tom Hanks' performance is just as great in this movie and this movie could possibly be the film of Tom Hanks' career as he used to be a comedy guy who turned to drama in a way which would paved for future stars such as Jim Carrey(The Truman Show),Reese Witherspoon(Walk the Line) and Will Ferrell(Stranger Than Fiction) to name a few.Also staring in this great movie classic are Robin Wright-Penn who plays Jenny,Gary Sinise who was nominated for an Academy Award for his portrayal of Lieutenant Dan Taylor,Mykelti Williamson as Forrest's best friend and shrimper Benjamin Buford""Bubba"" Blue and Sally Field as Mrs.Gump.This film was nominated for a total of thirteen Academy Awards but won six of them which include Best Film Editing,Best Visual Effects,Best Adapted Screenplay,Best Picture,Best Director-Robert Zemeckis and Best Actor-Tom Hanks.This is one masterpiece of a movie that will not be forgotten about in a long time.Bravo!"
"1784883441-17","https://www.imdb.com/title/tt0109830/reviews/?ref_=tt_ov_ql_2","why such a low rating???","adinutzza2001","Feb 14, 2005",""
"1784883441-18","https://www.imdb.com/title/tt0109830/reviews/?ref_=tt_ov_ql_2","Quite possibly the best movie ever made.","john in missouri","Dec 1, 2007","I've seen most of the top-voted 30 or 40 movies here at IMDb, and Forrest Gump probably wins my vote for the single best movie ever made.

This is not a conclusion I came to the first time I saw this film, or the second. The more you understand about this movie, the more you like it. And in terms of understanding it, my wife and I both were still gaining new understanding the 5th or 6th time we watched it. (For example: Why does Jenny behave exactly as she does throughout the movie? It'll take a lot of thinking to =fully= understand her.)

Just the fact that we've seen it at least half a dozen times says a lot. There are few movies that I ever even give a second viewing. 

Like many of the truly good movies, there are people out there who see it once and consider it to be a waste of time. Such people are usually just looking for the most ""action,"" gore and sex they can find, and haven't a clue about films that actually involve thought, ideas, and life.

Did I mention the script is absolutely brilliant? There are a lot of =truly= funny moments. And the music rocks. But those are only specific aspects of a movie that has just about everything else right about it as well.

See it, enjoy it, think about it, see it again. Think about it some more. Forrest Gump is one of the greatest movies -- if not THE greatest -- ever made."
"1784883441-19","https://www.imdb.com/title/tt0109830/reviews/?ref_=tt_ov_ql_2","Contemporary classic: one of my all-time faves","george.schmidt","Mar 13, 2003",""
"1784883441-20","https://www.imdb.com/title/tt0109830/reviews/?ref_=tt_ov_ql_2","Mama said ...","kosmasp","Feb 12, 2021","Take this with a grain of salt and don't be mad about certain things. Like one of the first flashbacks to the very beginning that does not come over preachy when it talks about the Klan (Ku Klux Klan that is, just in case you think I'm talking about any other Klan). Maybe sometime in the near future there will be a disclaimer and someone giving this context. But until then, you have to be educated enough yourself to understand and comprehend certain things. And you have to have a certain sense of humor to dig all the coincidences that Gump comes across at. It's alike a marathon through many landmarks of the short US history we have behind us. Like the Watergate scandal, Vietnam War, Black Panthers and so much more.

If you can dig all that and go with the flow, than the chocolate box this opens up for you, will taste quite delicious. It had been quite a while since I saw this the first time, but it still worked its charme to say the least. Great movie, great actors - you have to be in the right mind set and mood though. And be able to forgive certain things ..."
"1784883441-21","https://www.imdb.com/title/tt0109830/reviews/?ref_=tt_ov_ql_2","Encapsulating...","Xstal","Dec 25, 2020","... all that is, all that was and all that will ever be, through the life experiences of the titular character performed to perfection by Tom Hanks whose generous performance leaves us humbled and in awe of what we can achieve, how we can achieve it and why we would want that achievement in the first instance. A piece of cinematic storytelling that will perpetually resonate no matter who or what you are, where you are going or who you are going with - timeless."
"1784883441-22","https://www.imdb.com/title/tt0109830/reviews/?ref_=tt_ov_ql_2","Beautiful film","TheLittleSongbird","Nov 22, 2009",""
"1784883441-23","https://www.imdb.com/title/tt0109830/reviews/?ref_=tt_ov_ql_2","a box of chocolate","Kirpianuscus","Dec 22, 2015","more than adaptation , it is a visual parable. about vulnerability and its magnificent potential. about innocence and its importance to discover the real essence of life. about love, family, fight and courage. a film like a revolution. because it propose the best manner to be yourself and to not be a victim walking on that way. more than story of Forrest Gump, it is the story of people around him. a film like a Rubick cube - many faces, each for complete right color. and a image who remains its mark - the box of chocolate, the run, the ping - pong match. it seems be the best role of Tom Hanks. in fact, it is definition of a new period after the Cold War. a pledge. about the small things."
"1784883441-24","https://www.imdb.com/title/tt0109830/reviews/?ref_=tt_ov_ql_2","Jenny is bad.","Spyrosmoviebuddy","Jan 11, 2020",""
"1784883441-25","https://www.imdb.com/title/tt0109830/reviews/?ref_=tt_ov_ql_2","Revisionist history:- after only 30 years.","Kane III","Jan 3, 2000","The thing that really spoils my enjoyment of this film is the way history is re-written.

Not ancient history, but history which I lived through. In real-life the anti-war protesters were venting their disapproval of what they earnestly felt was an immoral war. They took a lot of knocks from the powers that be for their troubles as well.

This movie depicts them as shallow, selfish, manipulative, power-driven, and even violent people (there's irony for you!) who were ""Unamerican"" in every sense of the word.

The odious message of this movie is that ignorance is bliss. Don't think about things and everything will work out nicely and you will be happy. Well at least you'll get rich - which in most American movies is close enough.

It's enough to make a person gag.

Oh, and the fact it beat Pulp Fiction and Shawshank Redemption to the best picture Oscar doesn't help either."
"1784883441-26","https://www.imdb.com/title/tt0109830/reviews/?ref_=tt_ov_ql_2","One of the best films of the 90's","Quinoa1984","Apr 1, 2000","Winston Groom's Forrest Gump was a novel that was complicated, but (Oscar winning) director Robert Zemeckis brings events together with visual effects that boggle even George Lucas. 

And leading the film in this odyssey of American life is Tom Hanks playing Gump (he won his second Oscar for his portrayal) in a film that shows one man who goes through many events in history to find the one he loves.  Well done, well acted, and well directed to pythagorean procision. A++"
"1784883441-27","https://www.imdb.com/title/tt0109830/reviews/?ref_=tt_ov_ql_2","The Hand Of An Unseen Providence","bkoganbing","Feb 13, 2010","When Tom Hanks won his first Oscar for Philadelphia in 1993 the film received a total of five nominations. His second Oscar for Forrest Gump came in a film that received more than double that in nominations and awards. If Forrest Gump did nothing else it solidified Hanks's credentials as a serious actor. He would never be doing imitations of his Bosom Buddies character in films again.

It also among other awards also won for Best Picture and Best director for Robert Zemeckis, richly deserved. The film is Huckleberry Finn like in its canny observations coming from the man who had an IQ we are told of 75. But as Forrest also tells us, ""stupid is as stupid does"". And Forrest with the hand of an unseen providence comes out a lot better than some of the clever people he meets in life.

Watching the film once again it occurred to me that Mark Twain if he couldn't have written this himself would have loved the way Zemeckis handled the character of Forrest Gump. The beauty of Huckleberry Finn and the secret of its success is that Twain got into the mind of a child who recorded all the events around him, a child without too much education. What Zemeckis did was get Hanks into a child like mind who sees things with amazing clarity stripped of any veneer of pretense. Which Hanks observes in the people around him and in the events that shape America and himself from Eisenhower to Reagan.

There are two prominent female parts in Forrest Gump. One is for Robin Wright who plays the abused child Julie as an adult. She is Forrest's love and best friend and she takes a different path of life one she chose with more deliberation than Hanks. Their fates though eventually entwined are radically different. 

The second major female role is for another two time Oscar winner Sally Field who now is playing matronly parts, a far cry from Gidget and the Flying Nun. She gives Forrest the maxims he lives by and in a crisis they turn out to be more than sound bite clichés.

Another award that Forrest Gump won is for Special Effects and an award it didn't win was for Gary Sinise in the role of Lieutenant Dan Taylor, Forrest's commanding officer in Vietnam. That's something that does not compute because the special effects were to show Gary Sinise as a double amputee with both legs lost in Vietnam.

It's some amazing bit of work no doubt about it, but to honor it without Sinise whose performance really brings it off is ridiculous. Sinise is the educated one who curses the fate that happened to him, but in the end by just going with the flow he does prosper in the end. Sinise lost that year in Best Supporting Actor category to Martin Landau for Ed Wood, but I think Sinise's performance has had a more lasting impact.

To those Americans who serve our country it certainly has. Gary Sinise has devoted a great deal of his life and earned treasure to bring entertainment to our overseas troops in Iraq, Afghanistan, wherever, becoming a successor to Bob Hope in that regard. He's gone further than that though, setting up foundations to help civilians in both countries and contributing to numerous charities dealing with war and its aftermath. Doing that in my humble opinion Gary Sinise has become one of the great Americans of our brand new millenia, a lot more than just an actor. He's forever now known as Lieutenant Dan.

In the end though the film belongs to Tom Hanks who joined with Spencer Tracy as the only two male actors to win back to back Oscars for Best Actor. Hanks fascinates us and guides us through this film and when we're done we've seen something very special.

If you don't believe me about how good Forrest Gump is, then watch it for a few minutes and see if you're not sucked in. Like Forrest's mama says, the film's like life which is like a box of chocolates, you never know what you'll get until you open it."""
"1784883441-28","https://www.imdb.com/title/tt0109830/reviews/?ref_=tt_ov_ql_2","An Amazing Movie","tightspotkilo","Nov 19, 2008",""
"1784883441-29","https://www.imdb.com/title/tt0109830/reviews/?ref_=tt_ov_ql_2","You need to watch it again and again.","simelemontolomeo-56461","Apr 13, 2021",""
"1784883441-30","https://www.imdb.com/title/tt0109830/reviews/?ref_=tt_ov_ql_2","""I just felt like running"".","classicsoncall","Jun 12, 2011",""
"1784883441-31","https://www.imdb.com/title/tt0109830/reviews/?ref_=tt_ov_ql_2","Forrest Gump","mimiandbug","May 7, 2026","""My mama always said, 'Life was like a box of chocolates. You never know what you're gonna get.'""... we got a masterpiece, notably one of the greatest films of all time and its weaving of Forrest's life experiences with historical events was done effortlessly, as if it actually happened the way Forrest told it. Laughs were shared and tears were shed... that's a great film.

Watched - March 19, 2024."
"1784883441-32","https://www.imdb.com/title/tt0109830/reviews/?ref_=tt_ov_ql_2","amazing","katarinaherd","Aug 19, 2019","Amazing movie filled with laughter, tears, and love. this movie is the best movie and everyone needs to watch it. Tom Hanks plays the character amazing."
"1784883441-33","https://www.imdb.com/title/tt0109830/reviews/?ref_=tt_ov_ql_2","Will be classic in years to come","pbm","Sep 11, 1998","Forrest Gump is one of the best films Tom Hanks has done. In this 1994 film his portrayal of Forrest recaptures the sprit of his classic performance in Big (1988). The rest of the cast is also top notch with Sally Field and Gary Sinse turning in performances that deserved Oscars. Mention must be made of the two actors who portray Young Forrest and Young Jenny who also put in a good performance (although Hanna R. Hall who plays Young Jenny will probably forever be associated with the line ""Run Forrest Run!"")

In conclusion, a film which given time to mature will be a classic."
"1784883441-34","https://www.imdb.com/title/tt0109830/reviews/?ref_=tt_ov_ql_2","Neither as good or as bad...","Hairy_Lime","Dec 18, 2003","People seem of two minds about this film: it either moves them to tears or to nausea.  But in reality, it is a well-made film with some strong performances but not more than that.  The core of this movie that is as simple minded as the title character; the facile speciousness of the movie's reactionary attacks on matters I agreed with made me realize just how shallow the movie's entire argument is.

But beyond that, the movie is very well made; Hanks's performance could have been annoying in other hands but works well here.  Sinise was excellent as well.  Robin Wright's performance was adequate - I try not to blame her for the movie's implied argument that the social movements of the 60's and 70's were a working out of childhood neuroses - but never really stuck to me. The technical aspects of the film are outstanding, and the movie has a lot of laughs and tears despite its empty headed core.

If it helps anyone, this is my wife's favorite movie.  But then, she fell asleep during Casablanca, so...."
"1784883441-35","https://www.imdb.com/title/tt0109830/reviews/?ref_=tt_ov_ql_2","How is Gump ageing?","PaulLondon","Jul 25, 2002","I recently saw this film again and was interested to see whether it had improved with time or I had mellowed in my opinion of it. Not a chance! The film looks even more tritely prelapsarian than ever. Basically the film is an unashamedly reactionary piece of brain candy floss, sickly and insubstantial. 

In this films universe Simplicity = Good Social change = Bad. Agents of social change = very bad and therefore they must contract AIDS. If it wasn't so nauseating it would be funny. 

Unfortunately, the Academy took it seriously and it picked up Oscars, when they should have booed it off the screen. Cynically sickly and morally bankrupt its a disgrace.

Incidentally Jamie Russell in his book ""Vietnam War Movies"" wrote; ""Forrest Gump is Hollywood at its most horrendous...Whats most worrying is that the British Board of Film Classification saw fit to give this evil little film a U certificate. How can we protect our children against such insidious brainwashing"" How accurate an insight."
"1784883441-36","https://www.imdb.com/title/tt0109830/reviews/?ref_=tt_ov_ql_2","Hands down, my favourite movie!","mysluc","Apr 23, 2026",""
"1784883441-37","https://www.imdb.com/title/tt0109830/reviews/?ref_=tt_ov_ql_2","Why are you reading the comments?! Go watch it!","jsinwow040478","Mar 6, 2026","I've watched this movie more times than I can count. Even though I'm not part of the boomer generation, it beautifully portrays significant events from that era through the eyes of a simple person. Tom Hanks has starred in many fantastic films, but I believe this is his finest performance. The movie is filled with memorable quotes that are still referenced today. If you're one of the rare individuals who hasn't seen it yet, I highly recommend giving it a try. It never drags, and there's not a dull moment to be found. Plus, the soundtrack perfectly captures the essence of the pop culture from those years. I honestly don't know anyone who dislikes this film, and if you do happen to hate it, you must be quite unique-perhaps even more simple than Mr. Gump himself!"
"1784883441-38","https://www.imdb.com/title/tt0109830/reviews/?ref_=tt_ov_ql_2","Real Message","colephelps-84155","May 30, 2016","My friend suggested me to watch this movie. I didn't expect anything out of it, just wanted to pass some time. After the movie ended, I felt like I had never seen anything like this before.. It even made me write a review. Such a beautifully made movie, has got everything. Teaches you about the power of love and innocence. Sometimes we take our life as granted and all we think is we don't have anything. This movie tells you how to realize and work with all that you have, no matter how you are. Brilliant way of telling a story of a young boy Forrest and his life. Not only through the eye of Forrest, but a mother, a friend and general people. The way your innocence wins over anyone you come across is exceptional, and all you will leave behind is love and respect. Magnificent movie."
"1784883441-39","https://www.imdb.com/title/tt0109830/reviews/?ref_=tt_ov_ql_2","After 20 years, I still love Forrest Gump!","tavm","Sep 9, 2014","When I originally watched this with my mom 20 years ago, we both were pretty touched by the events of Forrest Gump's life and the way he handled things. So now, watching this in IMAX with my movie theatre-working friend, it's the same feelings all over again but now having some additional life experiences, one notices things one hadn't thought of before. Like how the first person who sits with Forrest on the park bench is so uninterested in his story she takes the wrong bus and admits it to him while the last one who sits with him doesn't take her scheduled one because she's so immersed in hearing about his life! Or how Jenny realizes how much she truly loves him despite the way she sometimes treated him. Robert Zemeckis truly made a very compelling picture. And Tom Hanks delivered a wonderful performance worthy of a second Oscar win. Nice humorous stuff involving Hanks mixed in real news footage of the various presidents. And great music soundtrack to mark the times they lived in. Oh, and I loved the supporting cast of Mykelti Williamson, Sally Field, Gary Sinise, and Robin Wright as Jenny. With all that said, I'll now just say that Forrest Gump is worth all the praise and adulation it has gotten over the years."
"1784883441-40","https://www.imdb.com/title/tt0109830/reviews/?ref_=tt_ov_ql_2","Life is like a box of chocolates. You never truly know what you're gonna get. Forrest Gump is amazing!","ironhorse_iv","Jul 30, 2016",""
"1784883441-41","https://www.imdb.com/title/tt0109830/reviews/?ref_=tt_ov_ql_2","Forrest, Forrest Gump.. The greatest.","matt722","Sep 6, 2015","There is an unfortunate time when you watch this film, its not the film thats the problem its my highly evident fear of the next few films I watch just seeming so bad. For simply not being this. Its everything. Its a romantic-comedy-tragedy-life-story-historical-personal- uplifting-war story. Every time I watch it I go on an emotional journey with the characters that are quickly built up in the world around Forrest. There is not much more I can say about this film that will say how much i like it, apart from award it the accolade that is; My favourite film. Over time the film stands up, the performances seem to get better knowing how Hanks has gone on to be a great actor. His supporting cast do a great job of making the world of the film feel believable."
"1784883441-42","https://www.imdb.com/title/tt0109830/reviews/?ref_=tt_ov_ql_2","Forrest has ""gumption""!","tommythek","Sep 29, 2001","Gumption: noun; common sense, horse sense, initiative, enterprise (Merriam-Webster). Chop off the back half of that word and you have Forrest Gump, a towering fountain of stand-alone common sense in a nonsensical world gone crazy.

In a recent letter, a friend told me that she had just watched ""Forrest Gump"" and that she ""loved that movie."" Although it had been some seven years since I had seen it, her comment to me reminded me that I, too, had once ""loved that movie."" When it suddenly showed up on TV last night, I felt the urge, the need, for a refresher course on what it is like to be a Forrest Gump in a world of schlumps, myself included. Moreover, I needed the sanity and serenity of Forrest Gump the man to assuage the insanity and unserenity that has been the month of September of 2001. I have been assuaged.

By now, almost anyone who watches movies has seen ""Forrest Gump."" At least once. Thus, we all know that it cannot be classified as a comedy. Nor as a drama. Nor an adventure. Nor a charmer. Nor a tearjerker. And yet, it is all of those things, all in one movie. ""Forrest Gump,"" when and as you are watching it, reminds you constantly that there IS good in the world. Even as you are watching bad events transpire in the movie, you seem to know that somehow, good will eventually result. That is because Forrest Gump is nearby -- around -- somewhere -- and wherever Forrest goes, goodness follows.

My favorite movie actor is, was and always will be Jimmy Stewart. With Jimmy gone and no longer with us, Tom Hanks has taken his place. In my heart. Just as Jimmy was in so very many of his famous and fabulous roles, Tom has become the American Everyman. He's the guy for whom you always root. You want him to triumph. You want him to get the girl. He HAS to get the girl! Even if the worth of the girl to be gotten is open to question, you STILL want him to get her, if only because he has always loved her and will always love her so unfailingly and so unconditionally. And when, at last, his unrequited love for his beloved Jenny (Robin Wright) is finally so deservedly rewarded, you feel as if you want to jump up and shout ... ""HALLELUJAH!!!"" Then, when Jenny tenderly tells Forrest that he is the father of her sweet little Forrest Jr., you think to yourself and you say to yourself, ""Yes, Self! That is right! That is as it should be!""

And that is right and that is as it should be about this entire movie. Even Lt. Dan (Gary Sinise), Forrest's self-loathing and loathable army buddy, is unable to avoid Forrest's goodness wearing off on him. Forrest ""touches"" everyone. And he doesn't even know it! He's just a guy living his life. He just ... is ... Forrest Gump, a guy with gumption in a gumptionless world.

I am so very glad and happy that my friend told me she saw ""Forrest Gump"" and that she ""loved that movie."" She spurred me to watch it once again. Having now done so, I feel that Forrest has restored both peace and love to my troubled mind and heart over the awful events of September of 2001. He is a reminder to us all that no matter how many Hitlers, Stalins and bin Ladens may rise and fall, we will always have a Forrest Gump to help pull us thru the evils that these evil men do. Peace and love to you, Forrest."
"1784883441-43","https://www.imdb.com/title/tt0109830/reviews/?ref_=tt_ov_ql_2","Masterpiece","chasedamovies1999","Mar 3, 2026","10/10 movie. One of my personal favorites. Easily top 3 movies of all time in my opinion. The storytelling and the soundtrack is what stands out the most but everything about the movie is great from the characters, to the actors, cinematography, directing, everything. All the emotions are felt in this movie as well. It's just a very well executed film from start to finish."
"1784883441-44","https://www.imdb.com/title/tt0109830/reviews/?ref_=tt_ov_ql_2","the masterpiece of this movie","roozanit","Apr 15, 2025","Few films manage to blend humor, history, drama, and inspiration as seamlessly as Forrest Gump (1994). Directed by Robert Zemeckis, this Academy Award-winning film is not just a story about one man's journey through life, but a profound exploration of destiny, love, and resilience. Anchored by a phenomenal performance by Tom Hanks, Forrest Gump remains one of the most beloved movies of all time, touching the hearts of audiences across generations.

At its core, Forrest Gump follows the life of Forrest, a man with a kind heart and unwavering optimism despite his intellectual limitations. His simple yet profound outlook on life leads him through incredible experiences-from meeting U. S. presidents to becoming a war hero and even influencing pop culture. What makes Forrest's journey so captivating is not just his luck or unusual encounters, but his sheer goodness and unwavering belief in doing the right thing.

Tom Hanks' Performance
Hanks' portrayal of Forrest is nothing short of extraordinary. His ability to deliver innocence and sincerity in every scene makes Forrest an unforgettable character. There is never a moment where Forrest feels forced or exaggerated-Hanks immerses himself in the role so authentically that audiences can't help but cheer for him. His soft-spoken mannerisms, his earnest expressions, and his heartfelt delivery of lines like ""Life is like a box of chocolates, you never know what you're gonna get"" have cemented Forrest as one of the most endearing characters in film history.

Brilliant Storytelling
The film's narrative is structured in an engaging way, effortlessly weaving Forrest's personal story with historical events. From the Vietnam War to the Watergate scandal, Forrest unwittingly finds himself in major moments of history, making his journey both entertaining and insightful. The seamless integration of historical footage and fictional storytelling is a testament to the film's technical brilliance, adding layers of realism and charm.

Beyond history, the emotional depth of the film shines through its relationships-particularly Forrest's love for Jenny (Robin Wright). Jenny's troubled past and self-destructive choices provide a heartbreaking contrast to Forrest's pure, unconditional love. Despite all her struggles, Forrest never stops caring for Jenny, proving that love is about patience and acceptance, not perfection.

Memorable Supporting Cast
The film's supporting characters add richness to Forrest's journey. Gary Sinise's Lt. Dan is a standout, portraying a man who goes from bitterness and despair to redemption and hope-all thanks to Forrest's unwavering belief in him. Lt. Dan's evolution is one of the most compelling arcs in the film, reinforcing the theme that life, no matter its hardships, offers second chances.

Similarly, Mykelti Williamson's Bubba provides warmth and humor, making his tragic fate even more impactful. Forrest's dedication to fulfilling Bubba's dream of a shrimp business adds another layer of emotional depth, showing his loyalty and kindness.

Emotional Impact and Legacy
Beyond its brilliant performances and storytelling, Forrest Gump is a deeply emotional film. It explores themes of fate, love, perseverance, and the unpredictability of life, leaving audiences with a sense of reflection. The film teaches us that intelligence does not define one's worth-kindness, determination, and love do.

From its breathtaking cinematography to Alan Silvestri's unforgettable score, every element of Forrest Gump contributes to its lasting impact. The film has inspired countless people to see life with hope and gratitude, making it a truly timeless masterpiece.

Nearly three decades after its release, Forrest Gump continues to move audiences, proving that sometimes the most extraordinary lives belong to the most unlikely heroes."
"1784883441-45","https://www.imdb.com/title/tt0109830/reviews/?ref_=tt_ov_ql_2","I liked it, but I did not love it","acedj","Nov 1, 2019","I get why so many people gush over this movie, I really do. I have watched it quite a few times myself. It is good to kill a few hours and be entertained. It ain't great though. The overwhelming emotion I feel for Forrest is pity, as he is strung along and used by the object of his affections. This is a decent movie, perhaps one of the best from Mr. Hanks, but I do not feel it deserves as much hype as it gets."
"1784883441-46","https://www.imdb.com/title/tt0109830/reviews/?ref_=tt_ov_ql_2","Could've Been","Ron-204","Jan 14, 2002","This movie has several elements for success in the right place, and could have been a true classic.  Ultimately, however, it is undermined by its own thinly-veiled moralizing and its whitewashing of social institutions and history.  This confection has an inviting, sugary coating of the sweetness of love and the matters of the heart, but has at its center the preaching of the ""moral value"" of social conformity."
"1784883441-47","https://www.imdb.com/title/tt0109830/reviews/?ref_=tt_ov_ql_2","The best movie of my life","xunav-38510","Mar 22, 2026","I've always felt a bit envious of people who, when asked about their favorite movie, can instantly name an old dramatic film without hesitation. I was always searching for a movie I could truly call my own favorite.

Now I think I've found it. I know that Forrest Gump is a classic choice and that almost everyone loves it, but I've found what I was looking for in this film. I can simply say: this is my favorite movie.

I won't go too deep into a review or explain why-I feel like anything I say would sound cliché.

But I don't recall any Hollywood movie ever making me shed a tear at the end except this one.

I found the film when it was mentioned in another movie, The Big Sick, when the father said to Kumail that the new generation doesn't find Forrest Gump very good. So I quickly went to look it up, saw that it stars Tom Hanks, and started watching it. I couldn't take my eyes off the screen until it ended."
"1784883441-48","https://www.imdb.com/title/tt0109830/reviews/?ref_=tt_ov_ql_2","Run Forrest, Run!!","pineow","Sep 8, 2023","What truly sets Forrest Gump apart is its ability to evoke a wide range of emotions. It seamlessly transitions from moments of laughter to heart-wrenching sadness, leaving audiences both smiling and teary-eyed. The film's touching themes of love, friendship, and the indomitable human spirit resonate with viewers on a profound level.

The film's visual effects, particularly the groundbreaking use of CGI to insert Forrest into historical footage, were groundbreaking for its time and still hold up today. Alan Silvestri's evocative musical score further enhances the storytelling, creating a memorable and iconic soundtrack. Its enduring popularity is a testament to its universal appeal and the power of storytelling. It reminds us that life is a box of chocolates, and you never know what you're going to get, but every moment is worth savoring. This film is a must-see for movie lovers and continues to be a source of inspiration and reflection for generations to come."
"1784883441-49","https://www.imdb.com/title/tt0109830/reviews/?ref_=tt_ov_ql_2","One of my favorite films","mateuszbovitz","Mar 26, 2021","The film was not watched only by the lazy. I watch this film quite often, and every time it gives me these unique emotions, raising my spirits. But! I couldn't get my girlfriend to watch it, I'm just confused! XD."
"1784883441-50","https://www.imdb.com/title/tt0109830/reviews/?ref_=tt_ov_ql_2","delicate  silhouette","Vincentiu","Feb 15, 2013","it is a beautiful film . for the slices of silence. it is a delicate work. for the unique performance of Tom Hanks. and, sure, it is a snow ball on the evening of Christmas Eve. in fact, it has not definition. only lines of feelings. and crumbs of childhood manner to discover the world. so, it remains magic and fascinating. because it keeps state of time and create another, very original form of line between reality and fiction. profound face of small things. and a travel to yourself with the others as borders. a fairy tale. and source of a form of emotion who remembers the real value of life. its purpose. its fake limits. form of deep freedom. axis of all - a delicate silhouette."
"1784883441-51","https://www.imdb.com/title/tt0109830/reviews/?ref_=tt_ov_ql_2","Timeless masterpiece, very unique","Horst_In_Translation","Nov 27, 2014",""
"1784883441-52","https://www.imdb.com/title/tt0109830/reviews/?ref_=tt_ov_ql_2","Favourite film of all time","charlotte-taylor-brown","Mar 13, 2016",""
"1784883441-53","https://www.imdb.com/title/tt0109830/reviews/?ref_=tt_ov_ql_2","A beautiful story.I can see why it won 6 Oscars.","sampj","Jun 1, 2007",""
"1784883441-54","https://www.imdb.com/title/tt0109830/reviews/?ref_=tt_ov_ql_2","magical movie!","talktomylittlefriend","May 26, 2005",""
"1784883441-55","https://www.imdb.com/title/tt0109830/reviews/?ref_=tt_ov_ql_2","Must watch!","aussieg","Jan 25, 2020","An absolutely remarkable film about a decent, humble man who throughout his life met a few presidents, fought in Vietnam, was a professional Ping Pong player and ran around the whole country of America while also meeting celebrities like John Lennon and Elvis Presley. A truly heart changing film that will change your life forever. After all this Forrest had an I.Q of 75 but that didn't stop him."
"1784883441-56","https://www.imdb.com/title/tt0109830/reviews/?ref_=tt_ov_ql_2","Repulsive","derzu_uzala","Jun 12, 2008","Because my English is not quite up to the task, I'm going to borrow the words of another reviewer from the UK: ""a nauseating piece of reactionary twaddle"". Frankly I couldn't put it better - this is right wing propaganda at its worst; all the more so because it's wrapped in (mostly) competent directing and acting (although Gary Sinise's ""performance"" is frankly irritating). Sorry let me rephrase and apologize to right-wing people, who are entitled to their political views: this movie is (bordering on) fascist propaganda.

There is so much to love about America, ""Forrest Gump"" brings out the worst in it. An insult to anyone's intelligence - I hope it gets remembered as the ""Leni Riefenstahl's movie"" of the Reagan area."
"1784883441-57","https://www.imdb.com/title/tt0109830/reviews/?ref_=tt_ov_ql_2","A Heartwarming Rendition Of Love, Loss, Redemption & Stupidity.","cinemasauron","May 11, 2016","Winner of 6 Academy Awards including Best Picture in the year that had heavyweights such as Quentin Tarantino's Pulp Fiction, Frank Darabont's The Shawshank Redemption & Disney's The Lion King, Forrest Gump isn't as impressive as the above-mentioned classics but its optimistic take on the unpredictability of life, stability between its genre elements, and a charismatic performance from Tom Hanks turns it into a cinema that's as heartwarming as it is amusing.

Based on the novel of the same name, Forrest Gump tells the story of its titular character, a simple-minded, kind-hearted & good-natured guy from Alabama whose life turns out to be a wicked blend of luck & destiny as he steers through as well as influences some of the historic moments of the second half of 20th century America. However, despite accomplishing great things in life, what he covets most is the love of the woman he grew up with, who never reciprocates his feelings.

Directed by Robert Zemeckis, Forrest Gump is a series of brief episodes stitched into one wonderfully layered tapestry and is expertly narrated from start to finish. There are a few hiccups in between but it is a smooth adventurous ride for the most part. Eric Roth's screenplay takes liberty with the source material but what's admirable about it is its relentless focus on the central character. It does allow its supporting characters to breathe but none of them have an arc that's compelling enough.

Production design team does a stellar job in recreating the time-specific surroundings. Visual effects is extensively applied throughout the story plus its tinkering with the archival footages of some of United States' most significant events of the later half of the 20th century was a VFX feat of its time. There aren't any glaring issues with its camera-work. Editing fails to give it a tightly- knitted structure, while the background score & incorporated songs are in sync with the unfolding events & depicted timeline.

Coming to the performances, Forrest Gump features a dependable cast in Tom Hanks, Robin Wright, Gary Sinise, Mykelti Williamson & Sally Field, and although everyone does well in their given roles, the film is powered by Hanks' outstanding performance. Fresh off his Oscar-winning role in Philadelphia, Hanks chips in with another smashing work and is the soul of this tale. And he's well supported by Sinise & Field who play Forrest's platoon leader & mother respectively while Wright ably portrays the self-destructive life of his love interest, Jenny.

On an overall scale, Forrest Gump often gets a lot of flak for stripping both Pulp Fiction & The Shawshank Redemption off their deserving accolades but it does have a heart & identity of its own. I wasn't very impressed by it during my first viewing but it has managed to grow on me over the years and now I do admire its positive outlook on life & the numerous mysteries it has in store. A delightful comedy, an emotionally resonant drama & nicely covering the themes of love, loss, redemption & stupidity, Forrest Gump is one of the best films of its year. Definitely recommended."
"1784883441-58","https://www.imdb.com/title/tt0109830/reviews/?ref_=tt_ov_ql_2","A man with a mental disability lives through and takes part in many points of history.","ageurin-334-631172","Mar 15, 2016","Without a doubt one of the greatest films ever to be shown on the silver screen and only solidified by a stellar performance by the cast and crew. One of the few films everyone can say they have at least seen once, this movie deserved every Oscar it won and will go down in history as one of the best and well-done films ever to be created. Many can say that this film does have some very minor issues, things such as the questionable moral depicted by the love interest, Jenny, throughout the course of the entire film. Some could take umbrage with the less-than amazing special effects (though the time of production should be added into context)."
"1784883441-59","https://www.imdb.com/title/tt0109830/reviews/?ref_=tt_ov_ql_2","Numersous Secrets to Success are Shown in ""Forrest Gump""","Wuchakk","Mar 11, 2014","YEAR OF RELEASE: 1994 WRITERS: Winston Groom (novel) and Eric Roth (screenplay) DIRECTOR: Robert Zemeckis RUNTIME: 2 hours 22 minutes

I haven't seen this film for about 7 years or so. Seeing it again I was reminded why this is one of my all-time favorite pictures.

THE PLOT: Tom Hanks plays Forrest Gump, a mildly retarded Alabaman who brushes shoulders with the key figures and events of the 50s through the early 80s. Due to hard work, focus and uncommon wisdom he is hugely successful at whatever he does (running, war hero, ping pong, shrimp fishing). Meanwhile, the one woman he loves in all the world, Jenny (Robin Wright Penn), flounders through life hopelessly trying to find fulfillment in the drug culture with all the wrong people.

""Forrest Gump"" is hugely entertaining on every level. It's a drama that skillfully includes both lighter, comedic moments and serious, tragic elements. If you've never seen it, don't think for a second that this is some average romantic comedy or goofball comedy. Far from it. I don't watch the Acadamy Awards or give any credence to their judgment (""American Beauty,"" best picture? Please) but ""Forrest Gump"" is one instance where they were absolutely right in regard to the Best Picture award.

Some have criticized the film as an imbecilic fantasy, arguing that a simpleton like Gump would never become successful. It's true that the picture exaggerates Forrest's successes and experiences, and in that sense it's not realistic, but the film plainly reveals WHY he experienced continued success throughout his life. We can all learn from these little gems of wisdom:

-- Whatever your I.Q., zero in on the areas for which you have a real talent.

-- Focus on those gifts and master them. In other words, don't be a jack of all trades. This is in line with the Russian proverb: ""If you chase 8 rabbits you'll catch none.""

-- Mastering your talents will take HARD WORK (which explains why lazy people are never wealthy, unless they inherit it).

-- Whatever you do, do it WITH ALL YOUR HEART.

-- Love deeply and cultivate deep loyalties (e.g. Jenny, Bubba & Lt. Dan). Loyalty is underrated.

-- Be patient and slow to judge (unless someone abuses another person).

-- Allow others the freedom to choose and make mistakes, even if it seems like it takes forever for them to learn from them.

-- If something or someone STINKS, reject it and stay away from it (remember the prostitute?).

-- Keep your word.

-- Pray and have FAITH.

-- Keep a humble spirit no matter how successful or great you become.

We can also learn lessons from Jenny: Trying to attain fulfillment through loose sex and foreign substances is a LOST cause. Recognize and embrace those who have your best interests in mind (i.e. those who truly love you and are loyal to you); stay away from people who use and abuse you.

From Lt. Dan (Gary Sinise) we learn a potent lesson about struggling with God to find true peace, success and reconciliation. Dan's all-out fight with God on the shrimp boat in the storm is potent and REAL. The great men and women of the bible experienced intense struggles with God: Most of the book of Job shows Job arguing with the Almighty and wanting to put Him on trial for crimes against humanity (!!); When God finally answers him Job falls to his face in humility and reverence. Jacob fought with God all night; the next day the Lord changed his name to Israel, which means ""struggles with God"" (Genesis 32:22-30). Also, remember Jesus' struggle with God and His will in the Garden of Gethsemane?

Another thing we can learn from Lt. Dan is that he was able to recognize a ""golden connection"" in Forrest. No one makes it alone, no one. They had help. Despite Forrest's lack of academic smarts, Dan recognized his wisdom and greatness; it attracted him and he respected it. Because of his link to Gump he became hugely successful. Remember: ""One day of favor is worth a lifetime of labor.""

Late in the film you'll see Lt. Dan and his Asian fiancé at Gump's wedding. Note how Dan LOOKS at Forrest when they greet each other. Dan shows the utmost love and respect for Gump and is in utter awe of his simple-minded greatness. (This is great acting on Sinise's part).

""Forrest Gump"" is a film gem to be RELISHED on many levels. Not only will you be incredibly entertained, you may learn a thing or two."
"1784883441-60","https://www.imdb.com/title/tt0109830/reviews/?ref_=tt_ov_ql_2","The best film for me","jimmyst-75481","May 11, 2016","The best film I have ever seen. If you are looking for something meaningful here's the stuff!!! Cinema is all about how it makes you feel. I think I felt in every possible way during this film at the right guantities the perfect moment. After this unsurpassed experience I became a better person or more specifically I knew how I wanted to be as a person. Life is all about goodness and how you can help your fellowman. You don't have to be smart, talented, gifted, handsome, tall. You only have to be hopeful. Have belief in your actions. Have belief in the world, even in the darkest hours. When you have witnessed pure love, affection, kindness there is only one thing to do. Share it, share it to the rest of the people. Even if people believe you're wrong and nothing will change. It will."
"1784883441-61","https://www.imdb.com/title/tt0109830/reviews/?ref_=tt_ov_ql_2","Forrest Gump","auuwws","Nov 3, 2020","A great movie, its great story and the story of Lieutenant Dan was sad, but I think it does not deserve the Academy Award for Best Film. I really enjoyed watching the movie and hated the character of Jenny."
"1784883441-62","https://www.imdb.com/title/tt0109830/reviews/?ref_=tt_ov_ql_2","Forrest Gump is one of the best movies that has been built in Hollywood.","biswasarjun","May 1, 2020","I didn't have a single moment of boredom while watching this movie.The story was beautiful. Each character is beautifully portrayed."
"1784883441-63","https://www.imdb.com/title/tt0109830/reviews/?ref_=tt_ov_ql_2","You can know what life is all about by watching it","satishforgod","Dec 16, 2020","This is a movie that should be watched by people who are keen to know the truths of life.."
"1784883441-64","https://www.imdb.com/title/tt0109830/reviews/?ref_=tt_ov_ql_2","Excellent","sujithvarma","Jul 29, 2007","One of the best movies I have ever seen - It made me realize truth and innocence still lives. The love he had was pure. I cried watching this movie. Also the way in which the story goes -the political element in it -very accurate and nice. Also every character in this film

100/100 for the director and story writer - Not to mention the extraordinary legend Tom Hanks....Tom Hanks, Robin Wright Penn, Gary Sinise, Mykelti Williamson - every one has played their part beautifully.

If U haven't seen this movie - you are missing one of the greatest movie ever made...."
"1784883441-65","https://www.imdb.com/title/tt0109830/reviews/?ref_=tt_ov_ql_2","A Perfect Film","gopikrishnan92","Jun 11, 2013","Wow. An incredible film. I watched many other movies of Tom Hanks, Now i understand that i made a great mistake by not watching this movie this long. This is such an epic. Terrific acting by Tom Hanks, dint knew that he was this versatile. The film just creates a very good feel inside you that even after watching it just hangs within your mind. Gump is spontaneous with great talent even though he looks retarded. Every scene in the movie drags our full attention into it, by the spontaneous actions of Gump. The movie's BGM is also perfect and syncs nicely with the scenes. Everything, everything is perfect for this film. Such films are extremely rare. This should have been a multi Oscar winner and indeed, it is. Watch it. No other words. Just watch and feel."
"1784883441-66","https://www.imdb.com/title/tt0109830/reviews/?ref_=tt_ov_ql_2","I used to love this movie.","MovieAddict2016","Sep 5, 2005","*** Momma used to say if you haven't seen this movie, skip the second paragraph, 'cause it's got some of 'dem magic spoilers *** 

Maybe my inner cynic finally got to me. I've seen ""Forrest Gump"" about seven or eight times altogether, and these last few viewing experiences left me with a bitter taste in my mouth.

A few years ago I praised this film for being delightful, warm, inspiring, epic, etc. It was one of my top-ten favorite films. I loved it.

I watched it again last night and was struck by how smug, contrived and self-conscious it is. It's almost sickeningly sweet - it's a fantasy (as I've always said) and all the characters live their lives to suit the story. I loved the poetic justice before - now it's kind of insulting.

The character of Jenny is, story-wise, a nice addition because all fairy tales have the hero and his girl. The setup is firm because it presents her as the only girl of Forrest's life, the one person who accepts him for who he is - as she grows up and changes he's always there for her. The ending is a nice full circle. But the fact that the film kills her off is too righteous. It's like, ""Hey, she did the sex, she did the drugs - SHE DIES! Who cares if she had a change of heart? She's a filthy skank!"" Forrest's ""Momma"" is a right-wing Christian fanatical who has an obsessive hold over Forrest. She's a bit like the mother in ""Bubble Boy,"" except in this films she's presented as a hero.

And finally we come to Tom Hanks as Forrest Gump. Last year I thought it was one of the all-time best performances in any film. Now, I can barely stand listening to him.

It's all so smug and annoyingly sweet. ""Would you like a choc'-uh-lut?"" You feel like slapping the guy. Then taking his darn ""walkin' shoes"" and throwing them in a pool of gasoline and lighting them on fire. Along with his box of chocolates.

Forrest's smug attitude is a bit too self-knowing for my tastes. It's like he's saying a big screw-you to all the people who disagree. He's Uncle Sam's Favorite American - the dumb guy who was too stoo-pid to say no to the government, and in return was awarded with millions of dollars and a happy, content life. All the Vietnam protesters were pigs, praise America.

As far as ""retard"" characters go, Dustin Hoffman is still my favorite. Leonardo DiCaprio in ""What's Eating Gilbert Grape?"" is really good, too. But Hanks' performance is just a bit too self-confident and mugging - it's too damn innocent and naive.

As I said, this used to be one of my very favorite movies. I loved it. It used to move me to tears at times. (Well, almost, anyway.) But I guess I've given my inner cynic too much room to grow - now I see it as a smug, annoying little journey through America's pop culture - with a message at its core that says, ""Don't mess with America - or you'll get the Gump."" America has enough blind love going already."
"1784883441-67","https://www.imdb.com/title/tt0109830/reviews/?ref_=tt_ov_ql_2","Good if you're looking for something to set your teeth on edge","Spleen","Sep 30, 1999","The other nominees for Best Picture of 1994 were `Pulp Fiction', `Four Weddings and a Funeral', `The Shawshank Redemption' and `Quiz Show'.  ANY ONE of these would have been a deserving winner (my personal favourite was probably `Quiz Show').  Yet, of course, the award went to `Forrest Gump'.  I took this as a deep personal affront.  I took every undeserved success and wreath of flowers laid at the door of this miserable film as a personal affront.  It was a standing insult to my belief that `Forrest Gump' was just too stupid to succeed for very long.  Ah, well.  Life imitates art.

Make no mistake: `Forrest Gump' is not just stupid but a hymn to stupidity, an extended celebration of stupidity as a virtue.  Gump is as innocent as they come and we're clearly meant to think that this is a good thing.  The trouble is that Gump has purchased his sainthood too cheaply.  He does not, for instance, display any real courage in the Vietnam War: he gives the appearance of courage only because he's too dumb to work out what's going on.  (If only a bomb had landed on his foot.  It would have knocked some of that insufferable self-assurance out of him, at the very least.)

The film is just one big, long appeal to the Pope to have Forrest Gump canonised, and is about as bearable as any such appeal - and, as is so often the case, the subject of this appeal is someone you wouldn't want to spend five minutes with.

`Forrest Gump' is one hundred and forty-two minutes long."
"1784883441-68","https://www.imdb.com/title/tt0109830/reviews/?ref_=tt_ov_ql_2","Forrest Gump","jboothmillard","Mar 11, 2005",""
"1784883441-69","https://www.imdb.com/title/tt0109830/reviews/?ref_=tt_ov_ql_2","A reasonably enjoyable romp through recent history and pop culture  any more than that and it's a crass conservative message (spoilers)","bob the moo","Nov 1, 2003",""
"1784883441-70","https://www.imdb.com/title/tt0109830/reviews/?ref_=tt_ov_ql_2","The Real movie","nobuyuki_shinoh","Mar 4, 2019","I would say within all the movies I have been watching, the movie Forest Gump is the one and only movie that I feel it is the real movie, to be honest, this movie should have been Oscar winner.
Except for the amazing war scenes on the movie, Forest Gump also succeeded in illustrating the whole development of the character from his childhood to his adult."
"1784883441-71","https://www.imdb.com/title/tt0109830/reviews/?ref_=tt_ov_ql_2","One movie thousand lessons.","ddelgerjamts","Mar 4, 2019","What a movie. This is so interesting movie in the world. I can't stop watching. I feel like there is too many things in this world I cannot solve...And to silly, stupid Forrest everything is simple and he don't want to solve.The promises that Forrest made to his mother, Bubba, Jenny and Lieutenant Dan were all kept. His love, passion, drive and spiritual understanding were all unconditional."
"1784883441-72","https://www.imdb.com/title/tt0109830/reviews/?ref_=tt_ov_ql_2","My best movie","yassine_azaou","Feb 8, 2019","This movie has a lot of meaning
The most important one, don't be smartass.
Just be a good person, honest and kind, and God will help you."
"1784883441-73","https://www.imdb.com/title/tt0109830/reviews/?ref_=tt_ov_ql_2","My favorite movie of all time","BlackDogCEO","Feb 18, 2019","I have watched this movie several times and shared with my children. Recommend to anyone that wants to feel good."
"1784883441-74","https://www.imdb.com/title/tt0109830/reviews/?ref_=tt_ov_ql_2","Run Forest,Run","mword-60551","Feb 15, 2019","This is a great film. love how it is a history like film"
"1784883441-75","https://www.imdb.com/title/tt0109830/reviews/?ref_=tt_ov_ql_2","A magical and powerful celebration of life. A true classic.","Science_Fantasy_Guy","Apr 21, 2009","Every so often there are movies that seemingly get released right at the right time and subsequently become cultural phenomenons beyond their creators' wildest dreams. These movies often largely retain that success and esteem over the years (Gone with the Wind, Star Wars and Jaws among others) or age poorly and get viewed as undeserving of their huge success at the time (for instance, Independence Day). Although no movie appeals to absolutely everyone's taste, Robert Zemeckis' Forrest Gump certainly can be said to belong more in the former category. Released in 1994 it raked in nearly seven hundred million dollars worldwide, becoming the second biggest box office hit of '94 (after The Lion King) and mopped the floor at that year's Academy Awards, winning six trophies including Best Picture (although I prefer Pulp Fiction and The Shawshank Redemption by the tiniest of margins, but this isn't about those two), Director and Actor. It's a classic that, after first seeing it in 1997 when I was 9, has stayed with me to this day. I'm about to explain why.

I don't think there's any need for me to talk about the story, so let me begin with the cast ensemble Zemeckis assembled for this film. Sally Field will always be Mrs. Gump to me, and she turns in a beautiful performance as a strong woman with integrity who vehemently refuses to think of her son as a retard and does her best to make sure he never sees himself as one. An Oscar-nominated Gary Sinise is riveting as the hard-bitten but scarred military man Lt. Dan who comes to learn from Forrest the values of redemption and selflessness. Robin Wright Penn is heartbreaking as Forrest's free-spirited but deeply troubled true love whose life takes a very different route to Forrest's, and Mykelti Williamson also gives a very touching turn as Bubba, the African-American young man with a heart of gold who becomes Forrest's best friend in Vietnam.

But at the risk of sounding like a hyperbolic and dangerously obsessed fanboy, I daresay the acting masterclass Tom Hanks puts forth here is the finest display of acting I have ever witnessed. No other actor before or since has made such a convincing transformation into the heart, body and soul of another person as Hanks does here. Every delayed or confused mannerism is spot-on, his Southern accent is flawless and his every emotion letter-perfect. In the whole film, particularly the grave scene towards the end, you look into his eyes and you don't see Tom Hanks, you see Forrest Gump. Utter perfection.

Many will say the storyline is a contrived, manipulative and even conservative affair (and, admittedly, in some respects they may be right), but they're oblivious to the darker subtext in Eric Roth's screenplay and the many postmodern storytelling methods Zemeckis deploys here. While we watch Forrest encounter so many historic people and events, we see Jenny experience the negative side of '60s and '70s counterculture as she protests the Vietnam War, embraces alcohol, drugs and illicit sex and also for much of the film's duration Forrest's impairments are exploited for laughs. When we analyze this side of the story the film becomes much darker than it initially seems. The unconventional methods Zemeckis uses in telling Forrest's story enhance this – in his narration he discusses things that are yet to happen and the placing of Tom Hanks into old footage of the real-life events gives the movie a revisionist historical feel.

Another huge plus is the soundtrack, containing most of the greatest artists from the '50s to the early '80s.

Forrest Gump's charm and appeal is timeless, and its artistic craft is even better. It's a rollicking tapestry of American history from the '50s to the '80s (both good and bad), driven by a powerhouse ensemble cast and a brilliant crew working on a brilliantly constructed screenplay filled with dozens of lines that have entered the lexicon, all brought together by the love and passion of a genius director. Forrest Gump is a classic that will look handsome in any DVD collection, and is yet another movie that never leaves me feeling amazed no matter how much older I get. A true classic."
"1784883441-76","https://www.imdb.com/title/tt0109830/reviews/?ref_=tt_ov_ql_2","""Run Forrest, Run!""","ofpsmith","Jun 9, 2014",""
"1784883441-77","https://www.imdb.com/title/tt0109830/reviews/?ref_=tt_ov_ql_2","Exquisite warmth","madgelhisayo","Aug 26, 2022","Delicate and warm American theme. The different fates of Forrest Gump and Jenny are almost a mockery of the affirmative action movement in the 1960s, and Forrest Gump's burial of Jenny is also the burial of America's own history in the 1960s. The writing is beautiful, the editing is clever, the monologues are soulful, and Tom Hanks' acting is flawless, but the film's values are dubious. So divided."
"1784883441-78","https://www.imdb.com/title/tt0109830/reviews/?ref_=tt_ov_ql_2","Gets Better Every Time I Watch It","zkonedog","Mar 4, 2017","When it comes to the greatest dramatic films ever produced, ""Forrest Gump"" has to be near the top of that list. Put succinctly, it has everything a movie could possible hold: adventure, great characters, drama, emotion, and humor. There are very few films that combine all those things with such aplomb as director Robert Zemeckis does with ""Gump"".

For a very basic summary, this movie tells the story of Forrest Gump (Tom Hanks), a man who, on the ""scale of normal"", falls a wee bit short in the intelligence department. However, via the guidance of his beloved Mama (Sally Field), the constant wanting for childhood sweetheart- turned-wild child Jenny (Robin Wright), and friends like Bubba (Mykelti Williamson) and Lt. Dan (Gary Sinise), viewers are shown a life that, despite coming from such a simple mind, touches so many others.

First and foremost, this is a movie that perfectly captures the angst of the Baby Boomers generation. Throughout the course of the film, everyone takes a stand on something and refuses to budge. Jenny is a hippie, Lt. Dan has a death wish, and even Mama Gump is okay with her boy selling out for U.S. ping-pong. The ultimate point made, however, is that such behavior cannot last forever and eventually one has to find their true self. That's exactly where Forrest comes in, as he never loses himself to begin with. Despite his simple mind, he ""knows what love is"" and shows it to everyone around him, even when they are using him for various reasons. In a swirling, turbulent world, Forrest is a bastion of self-awareness (ironic, as his awareness in other life areas is so low!).

In order for all those things to work, it takes the acting performance of a lifetime--exactly what Hanks is able to give. There may never be a more deserved Best Actor Oscar given to anyone, as he perfectly nails both ""goofy simpleton"" and ""emotionally self-aware adult"", often in the the same scene. As many juicy themes as there are for Zemeckis to work with, this is as much a Hanks masterpiece as anything else

Overall, ""Forrest Gump"" is no less than landmark cinematic effort. It captures the essence of Baby Boomer social struggles and does so in ways that make it timeless. Much like Zemeckis' earlier ""Back To The Future"", it is also a film in which not one scene is wasted. There is something interesting to either behold or ponder in quite literally every frame. Every time I watch this movie, I appreciate it a little bit more."
"1784883441-79","https://www.imdb.com/title/tt0109830/reviews/?ref_=tt_ov_ql_2","Impressive film","nicholls905-280-546911","Jan 18, 2020","It's a feel good film, that's not a bad thing. In this modern era of sequels and reboots, films like Forrest Gump offer an escape. I still believe Pulp Fiction was the better film for the best picture Oscar, but this is still an incredible film. Touching and heartwarming storyline leads our central character through some important moments in history. One of a kind film, that was not followed by a sequel. Tom Hanks is the foundation here, but is surrounded by a great support cast."
"1784883441-80","https://www.imdb.com/title/tt0109830/reviews/?ref_=tt_ov_ql_2","Great flick","antmon","Mar 27, 2021","Great flick. Have to say anything under a 7 rating are just kids posting to goof around."
"1784883441-81","https://www.imdb.com/title/tt0109830/reviews/?ref_=tt_ov_ql_2","everyman,,,","yooeun228-1","Jun 4, 2007","Robert Zemeckis directed this movie, Forrest Gump, in 1994. It well maintained the theme from the original version of book, ""Life is like a box of chocolates"" and ""Stupid is as stupid does"" This movie contains a lot of great actors and actresses who could act their own characters very well and showed the theme or plot. The reason why this film became so popular is because this story isn't just for the certain period or certain people, but for everyone.

The movie begins in the small fictional town in Alabama but soon; the setting of this movie goes on to the whole world. The setting also proves about the universal theme, ""Everyman"" All the important events happen between late 1950s to late1980s. This movie doesn't only affects about late 1950s to late1980s but the present time also. Such as white trash and people who have physical problems didn't live only between 1950s to 1980s but they still exist.

There are several characters that strongly affect the theme or the plot of this movie. First of all, the surrealistic character, Forrest Gump who was acted by Tom Hanks well represented the theme and also well showed of physical problem of Forrest. His IQ was under 70 and he had a problem with his legs when he was young. When he became an adult, he was still prejudged by people based on his intelligence. However, later he becomes really famous and rich. This event doesn't really mean to show that Forrest Gump became a successful person, but the movie is trying to break a strong stereotype of people, by using Forrest Gump. Also, it is telling not to judge people's ability or characteristics by intelligence or physical abilities. Like his quote ""stupid is as stupid does."" Mrs. Gump, Sally Fields, the actress was actor playing the mother of Forrest shows the theme of strong determination of all mothers in the world. Even though only ten year older than the grown Forrest Gump, her acting was so realistic that the audience didn't realize her age. Jenny, who was acted by Robin Wright, showed the reality of dark side of Americans' life. In the movie Jenny was the ""white trash"" but she isn't the only who is showing the theme of American life but partly, but through L.T he is somehow showing it too. He's character was so realistic. A deep friendship is expressed through his characterization.

Generally, there are six most interesting events that are happening in this movie. In my opinion, starting the movie by grown Forrest Gump talking about his childhood from the present time on the bench is a good idea. His first interesting event starts when he entered school. He had a hard time. On the school bus everyone seemed to avoid him or be as far away from him, only because of his physical appearance. But later, Jenny who didn't look about her appearance came to him and be friend. Other than this, there are three events that Forrest Gump becoming all famous and meeting the U.S president three times. With this event, the plot goes really high in audience interest and I'm sure that viewers loved these events. Lastly, there is one important event left, about Jenny and Forrest that went audience very pleased but not a real happy ending.

I was very impressed with this movie, especially with the acting skills and the themes of this story. This is a film that everyone would like and feel empathy with all these characters. The plot also appeals to average and ordinary people. I recommend this movie to all people no matter how old they are."
"1784883441-82","https://www.imdb.com/title/tt0109830/reviews/?ref_=tt_ov_ql_2","I loved this movie since I was little","FireFly390","Jan 24, 2014","I remember seeing this movie for the first time when I was eight years old. My grandfather always showed this to us when we were younger. It became one of my favorite movies , not because of the story line , but what it meant to me in real life. I remember watching the beginning when Forrest had his legs braces, like me. I thought ""He is like me and I know how it is to be teased."" considering I have mild cerebral palsy this movie meant my life and how I can see others treat you different when you have ""special legs"". I learned from this movie just because you have special legs and you are not considered ""smart"" don't let that hold you back. It never did and I'am thankful for this movie. People need to understand just because you have a disability does not mean we are stupid. We can do many things."
"1784883441-83","https://www.imdb.com/title/tt0109830/reviews/?ref_=tt_ov_ql_2","Life is so beautiful..","raulbora","Sep 5, 2012","Never wrote a review before but every time I watched Forrest Gump I got the urge to do it.. This time I couldn't resist it and here I am sharing a few lines with you folks :) FG is one of my favourite movies. I think that if I had to choose a word to described this movie that would be LIFE. Forrest shows me how simple, beautiful and basic life is and how easy is to miss it and let it pass you by. The movie is very detailed and keeps you hooked in until the end. Towards the end though it touches you, puts a knott in your throat and even squeezes some tears out of you. I am sure I have absolutely nothing new to add but I wanted to show and share my appreciation for this wonderful and brilliant movie. Beautiful, beautiful, beautiful ..."
"1784883441-84","https://www.imdb.com/title/tt0109830/reviews/?ref_=tt_ov_ql_2","American History Through The Eyes Of A Simpleton","gavin6942","Nov 4, 2014","Forrest Gump (Tom Hanks), while not intelligent, has accidentally been present at many historic moments, but his true love, Jenny Curran (Robin Wright), eludes him.

This film is fun, funny and touching, if not a little bit sad. If a school wanted to (and no doubt some have), it would be an interesting way to teach the second half of the 20th century. Elvis, Wallace, the Kennedys and more.

This is probably the film that ""made"" Tom Hanks. Although he was already big in the 1980s with ""Big"" (no pun intended), this was probably the turning point where he went from comedy to serious actor (well, somewhat serious). And it probably remains his most-watched movie of all time (well, besides maybe ""Sleepless in Seattle"")."
"1784883441-85","https://www.imdb.com/title/tt0109830/reviews/?ref_=tt_ov_ql_2","""Bye Bye Jenny. They sendin' me to Vietnam. It's this whole other country.""","cocaine_rodeo","Feb 6, 2002","I loved this movie. I don't care what people say. either you loved this movie or hated it. I loved it. I thought it was the second best film of 1994, and in the top ten best films of the 90's. It's one of my favorite movies. Tom Hanks gave a great, if not his best performance in Forrest Gump (it's either this, 'Saving Private Ryan', or 'Big'). 

Robin Wright and Sally Field gave outstanding to Tam Hanks, but I thought that the performance to match with Tom Hanks' was Gary Sinise. This is his best performance (next to 'Of Mice and Men'). His character, Lieutenant Dan, is the most tragic as he goes from being a proud platoon leader in Vietnam to a faithless, surly man who is confined to a wheelchair, who blames Forrest for his legs. One of the most moving scenes is when he is on the shrimp boat with Forrest, thanks him for saving his life, and swims into the sunlight, where he makes his peace with God.

Many people didn't like this movie because of the hype, or the lewdness (I've heard people complain of it before), or the story itself, but on any account, I loved this movie. It is very sad, funny, exciting, and heart warming. Robert Zemeckis did a great job with the direction. I think my favorite part was either the running scenes or the shrimp boat scenes. I think that any one could enjoy this movie, keeping in mind you know what your about to watch. 10/10"
"1784883441-86","https://www.imdb.com/title/tt0109830/reviews/?ref_=tt_ov_ql_2","That's one special man...","emrelanur","Sep 24, 2007","I think that the best movies are those that you 'appreciate' or understand after seeing it more than once. However, with 'forrest gump', i fell in love with it after the first 15 minutes and knew it would be in my top 10 straight away.

It is so unique because of the character Forrest Gump himself, who has a low IQ of only 75. Although he is 'mentally challenged', he finds himself in historic and troublesome situations and like that he manages to 'forrest gump' his way out of it and end up a hero or role model. but the real beauty in this movie to me was his ability to simplify the complexities of the world we live in and somehow do what some war movies fail to do. show the importance of world peace or what love movies can't deliver...the importance of love.

I love that Forrest doesn't lose his innocence and purity throughout the movie, or maybe he just can't but either way, this shows you don't need to be evil or really intelligent to be recognised or successful. Then again it is just a movie (and a very good one too). So maybe it doesn't work like that in reality. what that simply means is that the acting and story of this film was incredibly touching on a real level. And in my definition that's what a good movie should be able to do.

Every award the movie received was well deserved especially Tom Hanks. Now that's an actor for ya. I love this movie and don't hesitate to give it a 10."
"1784883441-87","https://www.imdb.com/title/tt0109830/reviews/?ref_=tt_ov_ql_2","Be simple and you'll be happy","a.grassick","Aug 12, 2000","Entertaining (but long!), however the message seems to be ""be simple, don't question authority and life will be fine, be angry, politically active, and come to a bad end"".  Not quite the message I think is healthy to spread!"
"1784883441-88","https://www.imdb.com/title/tt0109830/reviews/?ref_=tt_ov_ql_2","The most ridiculous movie I have ever seen in my life","SpaniardInTheWorks","Jun 18, 2000",""
"1784883441-89","https://www.imdb.com/title/tt0109830/reviews/?ref_=tt_ov_ql_2","...And that's all I have to say about Forrest Gump","Galina_movie_fan","Feb 14, 2010","I think of Forrest Gump (1994) directed by Robert Zemeckis as a fantasy or a fairy tale set in the real world, and what a marvelous tale it is. It's been 15 years since I saw the film for the first time with my 13- years-old son. We were impressed, touched, and moved by it equally. We laughed, we could not contain tears, and we lived together with the hero, the childlike, naive, and innocent Forrest Gump, the most unusual lead character you can think of. FG was a big hit when it was released, and it went on to receive 6 Oscars including for The Best Picture, Director, Best Actor, Best Visual Effects, and Best Screen Play. The film's Oscar status has made it one of the controversial choices among the film viewers. Some completely agree that FG deserved all its awards and its love. The others, and quite few to that believe that the film is totally overrated, sickly sweet, and it is nothing more than the American propaganda of mediocrity. They believe that the film's main idea is, follow the orders, do what you are told, and even if your intellect is low or almost non-existent, with a little bit of luck, you would achieve the success in your life and even would change the history by simply being at the right place in the right time. How wrong I believe they are. You can't think of Forrest Gump as a real person. He is a fairy tale character, or rather the embodiment of a human with no cynicism whatsoever, the candid, pure, innocent man who is not quick or witty but who knows bad from good and right from wrong and through whose eyes we see the historical events in the live of this country for about thirty years of the last Century. Forrest may not be an intellectual prodigy but he was led through life's hardships, by the inner moral compass if you will and he knows the very simple truths that he never misses - love and loyalty to his mother, his friends, the girl he loves and his Country. 

The movie covers the look at America not only from Forrest's point of view. Another look at alternative, rebellious, counterculture America was very well presented through Jenny's life. Between them two, I believe the film's creators were able to show the changing times and changing face of this country. Technically and visually, the film is a marvel. The best songs of the time that were used in the film soundtrack are great and I don't mind them sound almost all the time -the more the better. Tom Hanks had achieved the very difficult task. His Forrest is simple but not laughable. He is a decent and very good man. It is not easy to create such idealistic character and to make him alive and sympathetic. There is not a single false note in Hanks' performance, and he absolutely deserves the Oscar. 

When I rewatched the film recently, it touched me as deeply now as it did 15 years ago, and this is for me the sign of not just good but a great movie. And that's all I have to say about Forrest Gump."
"1784883441-90","https://www.imdb.com/title/tt0109830/reviews/?ref_=tt_ov_ql_2","Superior Life-Guide Movie","sielger","Nov 23, 2024","This movie is a classic of cinematography, beautifully filmed and edited with such an amazing, heartwarming story about an individual named Forrest Gump and his epic life journey featured with timeless themes such as love, friendship, and kindness.

Robert Zemeckis did a great job making such an amazing movie, which can be shortly described as a Life Guide.

And here's why:
Forrest Gump is a simple, generous guy with an estimated IQ of 75 and some autistic features. He doesn't care about what people think and say about him. He just does what he wants to. You won't expect something extraordinary from a guy like this. But his low intellect and independence from the opinions of other people are actually his secret powers, which give him the ability to do the same thing for a long period of time and allow him to be doubtless about new beginnings. Forrest is not afraid to do anything he wants, while other people doubt everything, sitting in the same place their whole life. Also, Forrest is very kind to everyone, even though people sometimes treat him meanly.

Lots of people are dreaming about changing the world, but hardly any of them are thinking to start this change from themselves. Pursue your own path, do what you desire, and treat others as you would like to be treated yourself."
"1784883441-91","https://www.imdb.com/title/tt0109830/reviews/?ref_=tt_ov_ql_2","The Best Movie Of All Times","javieryalless","Jun 20, 2019","Forrest Gump is a love-able film about an idiot savant and how he made an impact on history without even trying to. This is such a wonderful film that will make you laugh and cry from scene to scene"
"1784883441-92","https://www.imdb.com/title/tt0109830/reviews/?ref_=tt_ov_ql_2","Think More About Life","radinm-94070","Mar 15, 2025","This movie made me laugh , cry and also changed my opinion about my life and made me to think more deeply about my life and also changed my prespective to my life and how the world works . If you have no hope in your life you shold watch this movie and think more about your life and the hopes that still exists in your life. It will have good impact on your daily life and work because it changes how you think about different things that happen in your life and also gives you a better prespective about your home family and friends that can change your life compelitely. Innocence of this man in this film showed perfectly and awsome."
"1784883441-93","https://www.imdb.com/title/tt0109830/reviews/?ref_=tt_ov_ql_2","The eyes through the world of Forrest Gump","rickbakewell7285","Jan 15, 2020","If only the world saw the world the way Forrest Gump saw it. An idiot to some, but a genius and hero to millions. Forrest Gump has the charm, the humor, the drama, and the tie ins to the most historical moments in history that make this film a true masterpiece."
"1784883441-94","https://www.imdb.com/title/tt0109830/reviews/?ref_=tt_ov_ql_2","A Beautiful Reminder of What Matters","kiot-52174","Jul 3, 2025","Forrest Gump delivers an unexpected emotional rollercoaster that caught me completely off guard. From the very first scene, Tom Hanks' masterful performance brings genuine laughs one moment and profound tears the next. The screenplay brilliantly weaves comedy with life's deepest lessons about cherishing each moment and loving those who matter most.

What struck me most was how the film seamlessly transitions between humor and heartbreak. One minute you're chuckling at Forrest's innocent observations, and the next you're absorbing profound wisdom about living in the present. The movie doesn't just entertain-it teaches us fundamental truths about happiness and human connection.

Several pivotal scenes had me on the verge of tears, demonstrating the film's incredible emotional power. The relationship between Forrest and Jenny, his unwavering loyalty to his friends, and his simple yet profound outlook on life create moments of pure cinematic magic.

This isn't just entertainment-it's a beautiful, moving reminder of what truly matters in life. A timeless masterpiece that stays with you long after the credits roll."
"1784883441-95","https://www.imdb.com/title/tt0109830/reviews/?ref_=tt_ov_ql_2","Epic","person-52076","Sep 12, 2020","Best film ever. I can't believe that it isn't more highly rated"
"1784883441-96","https://www.imdb.com/title/tt0109830/reviews/?ref_=tt_ov_ql_2","Life, luck, and a whole lot of heart","pranabchaudhury","Apr 18, 2026","The kind of film that feels simple on the surface but quietly sneaks up on you emotionally. Through Forrest's wide-eyed journey across decades of American history, it blends humor, heartbreak, and pure sincerity in a way that rarely feels forced. Tom Hanks carries the film with a performance that's both gentle and unforgettable.

It's charming, a little naive, and surprisingly profound-like life itself, it just keeps going... and somehow, it works every single time. I still remember how I felt watching it for the first time; I wish I could experience it again with no memory of it at all."
"1784883441-97","https://www.imdb.com/title/tt0109830/reviews/?ref_=tt_ov_ql_2","Forrest Gump: A Story About Being Kind and Brave","jhonsstive","Feb 18, 2024","""Forrest Gump"" isn't just a movie about a guy running through history. It's a touching story that shows us how unexpected life can be and how simple kindness can change the world. Forrest, played by Tom Hanks, is a man who might not be the smartest by book standards, but his heart is bigger than most. He finds himself in the middle of big events from history, but it's his innocent view of life that really makes us think.

This movie is special because it mixes real history with Forrest's personal adventures, making it feel like you're going on a journey with him. It's funny, sad, and heartwarming all at once. Forrest's way of seeing the world teaches us about love, friendship, and doing what's right, no matter how hard it gets.

What's cool about ""Forrest Gump"" is that it's more than a history lesson. It's a reminder that being kind and true to yourself can lead to amazing things. It's a movie for anyone who's ever felt a little out of place, showing that it's okay to be different. In a world that can be tough and complicated, Forrest Gump is like a breath of fresh air, reminding us of the good in people."
"1784883441-98","https://www.imdb.com/title/tt0109830/reviews/?ref_=tt_ov_ql_2","A young man is involved with historic events","blanche-2","Feb 7, 2025","I saw this film, I liked it, but I have to admit I didn't know what all the fuss was about. However, it's a sweet story.

Forrest Gump is a young man with an IQ of 75 who never lets any of his problems get in the way of his cheerful demeanor. He happily pursues his goals.

One good thing - after a period of time where he has to wear leg braces, he finds he is a very fast runner, which serves him well. Not only can he outrun bullies, but he wins a football scholarship, and later saves the lives of soldiers. He becomes well known.

One goal that seems beyond him is getting together with his one true love, Jenny Curran (Robin Wright). Jenny's life has been filled with hardship. The two grew up together but grow apart. Somehow, though, they keep re-entering each other's lives.

I loved how, like Zelig, Forrest is seamlessly placed in so many events in history.

A beautiful, simple performance by Tom Hanks makes the film, the characters are rich, and the sentimentality is tear-producing, even though I wasn't as insane about it as others.

Well worth seeing for the feel-good story, Hanks, Sally Field, Gary Sinese, Robin Wright, Mykelti Williamson, and the rest of the great cast."
"1784883441-99","https://www.imdb.com/title/tt0109830/reviews/?ref_=tt_ov_ql_2","Too much sugar","joemy","Nov 10, 2001","All that money, all those clever effects, all those stars ... and for what? A mind-numbing stream of syrup with no discernible purpose except to fool very dull people into thinking they have seen an epic movie. Life is like a box of chocolates? No, but some movies are as sickly sweet."
"1784883441-100","https://www.imdb.com/title/tt0109830/reviews/?ref_=tt_ov_ql_2","MASTERPIECE","inalecc","Feb 29, 2024",""
