web_scraper_order,web_scraper_start_url,title,data3,data4,data5
"1784280955-1","https://www.imdb.com/title/tt0111161/reviews/?ref_=tt_ov_ql_2","An incredible movie. One that lives with you.","Sleepin_Dragon","Feb 17, 2021","It is no wonder that the film has such a high rating, it is quite literally breathtaking. What can I say that hasn't said before? Not much, it's the story, the acting, the premise, but most of all, this movie is about how it makes you feel. Sometimes you watch a film, and can't remember it days later, this film loves with you, once you've seen it, you don't forget.

The ultimate story of friendship, of hope, and of life, and overcoming adversity.

I understand why so many class this as the best film of all time, it isn't mine, but I get it. If you haven't seen it, or haven't seen it for some time, you need to watch it, it's amazing. 10/10."
"1784280955-2","https://www.imdb.com/title/tt0111161/reviews/?ref_=tt_ov_ql_2","Don't Rent Shawshank.","EyeDunno","Nov 21, 2005","I'm trying to save you money; this is the last film title that you should consider borrowing. Renting Shawshank will cost you five bucks... just plunk down the $25 and own the title. You'll wind up going back to this gem time and time again. This is one of few movies that are truly timeless. And it's entertaining and moving, no matter how many times you view it.

Forget about what others (including myself) might suggest you'll discover in ""The Shawshank Redemption;"" when you watch it, you'll identify something very personal in your own life with a scene, a character, or a moment in this uncomplicated movie. When you need hope, you'll look for Shawshank. When you want to believe in the will of overcoming even the greatest obstacles, Shawshank will uplift you in ways that you can't find in movies today. 

Some liken the film to some kind of spiritual awakening. Of course, some can go to a church or mosque to find enlightenment and Faith in humanity, but most places of worship are open only certain days or times. But when you need affirmation of the lasting bond of friendships that prevail over the most dire circumstances, Shawshank will give it to you. It makes grown men (like me) cry, still. I wonder whether Shawshank was truly meant for viewing in the privacy of the home, because it is a personal experience that really makes you look inward. Nominated for seven, this is the best film that never one a single Oscar. 

How ironic that an innocent man winds up being surrounded by the corruption of the legal system. Shawshank itself is similar to the character of Andy Dufresne. Prejudging this classic film, critics couldn't get past the title. The public followed suit, initially dismissing Shawshank, which failed in the box office just like ""It's a Wonderful Life"" and ""Citizen Kane."" It could have just whithered away on the store shelves, like Andy Dufresne could have in his own cell. But the characters prevailed, because Andy -- And Shawshank -- stayed true. Now, these movies are right up there as the most popular films of all time. 

Anyone who has yet to watch Shawshank may be so jaded of movies, or the film's title, or how a 2-1/2- hour movie set inside the walls of a prison can manage to tap the soul of such a wide range of people. Shawshank has not one explosion. I wonder if it even has a single special effect or digitally- enhanced frame. 

But every aspect of Shawshank fit together. The acting from the top to the bit part. The musical score. The editing. The photography. The story, from opening credits to final scene. All involved, including the town of Mansfield, Ohio (where Shawshank was actually filmed) played their roles perfectly. Shawshank is a must- see, must- own title."
"1784280955-3","https://www.imdb.com/title/tt0111161/reviews/?ref_=tt_ov_ql_2","A classic piece of unforgettable film-making.","kaspen12","Feb 10, 2006",""
"1784280955-4","https://www.imdb.com/title/tt0111161/reviews/?ref_=tt_ov_ql_2","This is How Movies Should Be Made","alexkolokotronis","Feb 18, 2008","This movie is not your ordinary Hollywood flick. It has a great and deep message. This movie has a foundation and just kept on being built on from their and that foundation is hope.

Other than just the message of this movie the acting was phenomenal. Tim Robbins gave one of the greatest performances ever. He was inspiring, intelligent and most of all positive. His performance just made me smile. Robbins plays Andy Dufresne who was wrongfully convicted of murdering his wife and her lover. He is gets to life sentences but yet never gives up hope. In he becomes friends with Ellis Boyd ""Red"" Redding played by Morgan Freeman. Freeman who gives the finest performance of his career has unlike Robbins lost hope. He is in deep regret of the crime that he committed. His way of deflecting the pain away is by trying to not feel anything at all. With his friendship with Andy he learns that without our hopes and dreams we have nothing. Andy also becomes friends with the rest of Red's group. James Whitmore also gave a great performance as Brooks Halten who gets out of prison parole but in the words of Red he has been ""institutionalized"". 

The directing by Frank Darabont was just magnificent. He kept this movie at a great steady pace along with the writing and great cinematography. He portrayed prison life in such a horrifying way, but not in terms of the physical pain but the stress and pain that wares mentally on the inmates, some of which deserve a second chance. 

Whatever you do, don't listen to the people who say this movie is overrated because this is one of the most inspiring and greatest movies ever. It has everything you could possibly want."
"1784280955-5","https://www.imdb.com/title/tt0111161/reviews/?ref_=tt_ov_ql_2","Prepare to be moved","speedreid","Feb 8, 2001","I have never seen such an amazing film since I saw The Shawshank Redemption. Shawshank encompasses friendships, hardships, hopes, and dreams.  And what is so great about the movie is that it moves you, it gives you hope.  Even though the circumstances between the characters and the viewers are quite different, you don't feel that far removed from what the characters are going through.

It is a simple film, yet it has an everlasting message.  Frank Darabont didn't need to put any kind of outlandish special effects to get us to love this film, the narration and the acting does that for him.  Why this movie didn't win all seven Oscars is beyond me, but don't let that sway you to not see this film, let its ranking on the IMDb's top 250 list sway you, let your friends recommendation about the movie sway you.

Set aside a little over two hours tonight and rent this movie.  You will finally understand what everyone is talking about and you will understand why this is my all time favorite movie."
"1784280955-6","https://www.imdb.com/title/tt0111161/reviews/?ref_=tt_ov_ql_2","Shawshank Redeems Hollywood","weswalker","Aug 27, 2002","Can Hollywood, usually creating things for entertainment purposes only, create art?  To create something of this nature, a director must approach it in a most meticulous manner, due to the delicacy of the process.  Such a daunting task requires an extremely capable artist with an undeniable managerial capacity and an acutely developed awareness of each element of art in their films, the most prominent; music, visuals, script, and acting. These elements, each equally important, must succeed independently, yet still form a harmonious union, because this mixture determines the fate of the artist's opus.  Though already well known amongst his colleagues for his notable skills at writing and directing, Frank Darabont emerges with his feature film directorial debut, The Shawshank Redemption.  Proving himself already a master of the craft, Darabont managed to create one of the most recognizable independent releases in the history of Hollywood.  The Shawshank Redemption defines a genre, defies the odds, compels the emotions, and brings an era of artistically influential films back to Hollywood.

The story begins with the trial of a young banker, Andy Dufrense, victimized by circumstantial evidence, resulting in a conviction for the murder of his wife and her lover.  After a quick conviction, Andy finds himself serving a life sentence at Shawshank prison, with no hope of parole.  He exists in this prison only in appearance, keeping his mind free from the drab walls around him.  His ability to do this results in the gaining of respect from his fellow inmates, but most of all from Ellis Redding.  Ellis, commonly referred to as Red, finds gainful use of his entrepreneurial spirit within the drab walls of Shawshank by dealing in contraband and commodities rare to the confines of prison.  Andy's demeanor and undeniable sense of hope causes Red to take a deeper look at himself, and the world around him.  Andy proves to Red and the other inmates that in the conventional walls of Shawshank prison convention will find no home in his lifestyle.

By creating the film's firm foundation, the meticulously chiseled screenplay paved the way for this film's success.  Frank Darabont outdoes himself with the phenomenal adaptation of Stephen King's equally noteworthy novella, Rita Hayworth and Shawshank Redemption.  In this novella, King demonstrates that he can break free from the genre he dominates and still create a marvelous piece of modern literature.  Though the film mirrors the novella in many ways, Darabont illustrates a focused objective of improving upon the areas where the novella came up short, resulting in one of the best book to film transitions ever.

While maintaining some of the poetic and moving dialogue of the novella, Darabont also proves that a film's score can generate a great deal of emotional response from its audience, as dialogue does.  He employs the cunning Thomas Newman, son of the legendary Hollywood composer, Alfred Newman.  Darabont shows recognition for the film's needs by employing Newman, who makes the gentle piano chords whisper softly to the viewer, as if a part of the scripted dialogue.  Newman lends himself to individualism and tends to drive more towards the unique in the realm of score composition.  His effort in Shawshank did not go unnoticed, as his score received an Oscar nomination in 1995.  While unique and independent, Newman's score never once intrudes on your concentration or distracts from the film.

With work from vast array of talented scene designers, costume designers, composers, cinematographers, and various other Hollywood artists, the cast of The Shawshank Redemption had a strong foundation to work with.  The marvelous cast of this film will dazzle you with some of the most convincing performances you will witness in a film.  While both Tim Robbins and Morgan Freeman shine as Andy and Red, respectively, the true spectacle of acting lies within the plethora of amazing supporting actors who easily disappear into their roles.  Most noticeable of these, the veteran film star James Whitmore, who portrays the elderly Brooks Hatlen.  Brooks, a man incarcerated for an unmentioned crime for so long that he finds himself attached to the Shawshank and the daily life he has lead.  Each of these actors show a true dedication to their art, and a focused purpose in their motivations, creating a convincing setting that never once caters to anything unbelievable.

With all of the aesthetic touches and attention to cinematic detail, the most beautiful part of the film lies within its thematic material, such as its focus on the human desires for the most abstract concepts, like hope and freedom.  These themes, which concern things the human spirit undoubtedly yearns for, seem so intricately woven into the plot that it easily draws its audience in to its story.  Though full of hardened criminals, your heart will go out to these men as they display the most basic of human emotions, and deliver some of the most quotable lines in a film to date.  Like a great novel, this film manages to succeed at greater things than simply entertaining an audience.  Darabont tells his story most masterfully, illustrating principles and inspiring his audience to think.  He leaves us a poignant film with a powerful message of hope, and redemption, something we all seek.

This film manages to redeem Hollywood in the eyes of people who feared it long lost in a dark sea of clichés and predictability.  Darabont shows us that artists still work in the Hollywood studios and production facilities. These artists show their capability to produce art; real art that inspires you to look at the deeper aspects of life and the world around you.  The Shawshank Redemption delivers much-needed breath of fresh air for anyone who realizes the capability of film.  It proves that masters of the craft still live on this earth, and still bless us with timeless masterpieces that we will never forget."
"1784280955-7","https://www.imdb.com/title/tt0111161/reviews/?ref_=tt_ov_ql_2","Eternal Hope","nowego","Jun 15, 2018","I've lost count of the number of times I have seen this movie, but it is more than 20. It has to be one of the best movies ever made. It made me take notice Morgan Freeman and Tim Robbins like I had never noticed any actors before.

I have from a very young age been a huge fan of anything Stephen King writes and had already read the short story that this movie is based on years prior to seeing this movie.

Not everything Stephen King has written that gets turned into a movie comes out well, but this is as close to perfection as it gets and has everything you could ever want in a movie.

Something that is outstanding is the fact that it has no real action, no special effects and no gimmicks. 99% of the movie is just men in a prison uniforms talking. Yet it absolutely hooks you almost from the beginning and has you glued to the screen to the end.

For me what really makes this film one of the best is the message of eternal hope it conveys throughout. The never ever give up hope attitude of the main character so well conveyed by Tim Robbins. The ending is just spine tingling every time I see it, no matter how many times I have seen it.

Brilliant, brilliant movie and a must see for everyone."
"1784280955-8","https://www.imdb.com/title/tt0111161/reviews/?ref_=tt_ov_ql_2","IMDb and the Greatest Film of All Time","gavin6942","Nov 6, 2014","Two imprisoned men (Tim Robbins and Morgan Freeman) bond over a number of years, finding solace and eventual redemption through acts of common decency.

Is this the greatest film of all time? IMDb would have you believe so. Despite being a box office flop (that barely recouped its budget), the film received multiple award nominations and outstanding reviews from critics for its acting, story, and realism. It has since been successful on cable television, VHS, DVD, and Blu-ray.

And it deserves this praise that seems to be growing each year. Now twenty years old, the film has not aged a day, and instead seems to be getting better. This is Tim Robbins' best role, and a fine performance from the always wonderful Morgan Freeman."
"1784280955-9","https://www.imdb.com/title/tt0111161/reviews/?ref_=tt_ov_ql_2","the shawshank redemption","auuwws","Oct 8, 2020","The best movie in history and the best ending in any entertainment business"
"1784280955-10","https://www.imdb.com/title/tt0111161/reviews/?ref_=tt_ov_ql_2","The Shawshank Redemption","Coxer99","Mar 25, 1999","One of the finest films made in recent years. It's a poignant story about hope. Hope gets me. That's what makes a film like this more than a movie. It tells a lesson about life. Those are the films people talk about 50 or even 100 years from you. It's also a story for freedom. Freedom from isolation, from rule, from bigotry and hate. Freeman and Robbins are majestic in their performances. Each learns from the other. Their relationship is strong and you feel that from the first moment they make contact with one another. There is also a wonderful performance from legend James Whitmore as Brooks.

He shines when it is his time to go back into the world, only to find that the world grew up so fast he never even got a chance to blink. Stephen King's story is brought to the screen with great elegance and excitement. It is an extraordinary motion that people ""will"" be talking about in 50 or 100 years."
"1784280955-11","https://www.imdb.com/title/tt0111161/reviews/?ref_=tt_ov_ql_2","Stephen King's best adapted movie","baumer","Jul 13, 1999","Misery and Stand By Me were the best adaptations up until this one, now you can add Shawshank to that list.

This is simply one of the best films ever made and I know I am not the first to say that and I certainly won't be the last. The standing on the IMDb is a true barometer of that. #3 as of this date and I'm sure it could be number 1. So I'll just skip all the normal praise of the film because we all know how great it is. But let me perhaps add that what I find so fascinating about Shawshank is that Stephen King wrote it.

King is one of the best writers in the world. Books like IT and the Castle Rock series are some of the greatest stories ever told. But his best adaptations are always done by the best directors. The Shining was brilliantly interpreted by Kubrick and of course the aforementioned Misery and Stand By Me are both by Rob Reiner. Now Frank Darabont comes onto the scene and makes arguably the best King film ever. He seems to understand what King wants to say and he conveys that beautifully. 

What makes this film one of the best ever made is the message it conveys. It is one of eternal hope. Andy Dufresne, played by Tim Robbins, has been sent to prison for a crime he did not commit. But he never loses hope. He never gives up his quest to become a free man again. His years of tenacity, patience and wits keep him not only sane, but it gives his mind and a spirit a will to live. This film has a different feel to it. There has never been anything like it before and I don't know if there will again.

I'm not going to say any more about this film, it has already been said, but just suffice to say that I am glad that Forrest Gump won best picture in 94. I would have been equally glad if Pulp Fiction or Shawshank would have won. It is that good of a movie and one that will be appreciated for years to come."
"1784280955-12","https://www.imdb.com/title/tt0111161/reviews/?ref_=tt_ov_ql_2","Good movie, but best of all time? Hardly . . .","DrJoTab","Apr 12, 1999","I was a little surprised at first to see this film ranked #1 out of all possible candidates in the IMDB user ratings. When I thought about it, though, it made more sense--this is a ""Rocky""-type feel-good movie that doesn't really make you think and reinforces what we would all like to believe about human nature. Don't get me wrong--it's a fine film (I gave it a solid 7 out of 10), it's just not, in my view, up there with _Casablanca_ and _The Graduate_.

I guess the main problem I have with _Shawshank_ is the nature of the script and characters. Think about it: is there a single person in the film who isn't a one-dimensional cardboard cut-out with very simple motivations, or a Hollywood cliche or stereotype? We have (in no particular order), a corrupt, bigoted prison warden (who is a religious hypocrite for good measure), a brutal prison guard, a man who is wrongly accused of murder, an old convict who knows all the ropes and can't live on the outside, and a convict who is murdered by the brutal guards. Now where have we seen this stuff before? Only in a few dozen movies made from the 20s to the 90s. There's really nothing new here. Probably this comes from the fact that the story is from Stephen King, who doesn't really do well with complex characters (a problem I noted as far back as _Carrie_).

If you want to see a good prison picture, try _Cool Hand Luke_ (from which this movie borrows considerably). If you want an escape picture, see either _The Great Escape_ or _Papillon_, both with Steve McQueen. Or if, by some chance, you want a crime and punishment movie that really makes you think, go with the late great Stanley Kubrick's _A Clockwork Orange_.

I couldn't stop thinking about the warden: doesn't he have a family? How did they feel? What are they going to do now? I realize the story is inside the prison, but I wish the movie had made better use of its characters than simply as simple-minded symbols of EVIL or VIRTUE.

I'm not Mr. Cranky, I did enjoy the movie, but I enjoyed it the same way I do an Italian dinner at the Olive Garden--a well-constructed genre product with nothing special to commend it."
"1784280955-13","https://www.imdb.com/title/tt0111161/reviews/?ref_=tt_ov_ql_2","Enthralling, fantastic, intriguing, truly remarkable!","TheLittleSongbird","Apr 17, 2009",""
"1784280955-14","https://www.imdb.com/title/tt0111161/reviews/?ref_=tt_ov_ql_2","Two movies in one","Douglas-2","Aug 16, 1998",""
"1784280955-15","https://www.imdb.com/title/tt0111161/reviews/?ref_=tt_ov_ql_2","Simply known as ""The Movie""","schnad","Feb 6, 1999","Whenever I talk about this movie with my friends, I do not even refer to it by title, but rather as ""The Movie"".  When I say ""The Movie"", my friends know exactly what I'm talking about.  In fact the main reason that me and my friends don't refer to it by title is because this movie is so great, that we do not feel worthy enough to say it's name in vain! I still remember the first time I saw The Shawshank Redemption.  Some friends of mine and I went to see it at one of those ""Budget Theaters"" over the summer of 1995.  None of us really knew anything about the movie, but we had heard that it was pretty good.  So, not having any real expectations, we saw it.  When the final credits rolled and the lights came on in the theater, all of us just sat there with our jaws hanging down on the floor. I turned my head towards my friend Bob and said ""That was the greatest movie I have ever seen in my entire life!"" There's really no other way I can put it in words.  Every moment of this movie captivated me and inspired me to believe in the one true thing in life...... ""HOPE"".  This movie is sad, uplifting, inspiring, harsh, cold, funny (at the right times), jaw-dropping, and heart-warming all at the same time.  I get chills every time I watch this film and this film contains the greatest ending (which takes place over the last 30 minutes or so)in movie history!  How it all just ""comes together"" is so incredible and uplifting. I should also mention the music in this movie is nearly flawless as well, and the soundtrack is a ""must buy"" for any music fan. The only bad thing about this movie is the fact that I know I will never see a better movie, no matter how many I may see.  I've seen many movies over the past few years, many excellent films.  However, every time I walk out of the theater, I turn to my friend or family member that I saw it with and I say, ""That was a great movie, but it wasn't nearly as good as 'you know what'!""  There have been many movies over the past few years that thought would really move me or that I might one day call my ""favorite of all time"", but they've all fallen far short of ""The Shawshank Redemption"". So, if you have yet to see this movie, please run to the video store immediately.  You're guaranteed to find it in the ""employee picks"" section. And if it isn't in that section, then you should tell the employees there that there is something seriously wrong with them.  If you have seen this movie, go see it again.  If you haven't bought your own copy yet, buy one. In fact buy two, and put one in a fire-proof safe, just in case of an emergency. :o) So, you want a 1-10 rating???  I give it a 13!!!!!!"
"1784280955-16","https://www.imdb.com/title/tt0111161/reviews/?ref_=tt_ov_ql_2","All-time prison film classic","Leofwine_draca","Dec 18, 2016",""
"1784280955-17","https://www.imdb.com/title/tt0111161/reviews/?ref_=tt_ov_ql_2","My favorite movie of all time.","0U","Feb 23, 2020","The Shawshank Redemption has great performances, extremely well written script and story all leading to a deeply emotional climax! One of the best dramas of all time!"
"1784280955-18","https://www.imdb.com/title/tt0111161/reviews/?ref_=tt_ov_ql_2","Simply amazing. The best film of the 90's.","reismark","Sep 6, 2000",""
"1784280955-19","https://www.imdb.com/title/tt0111161/reviews/?ref_=tt_ov_ql_2","The absolute GREATEST movie of all time.","KORN-6","Oct 21, 1998",""
"1784280955-20","https://www.imdb.com/title/tt0111161/reviews/?ref_=tt_ov_ql_2","A Timeless Tale of Hope and Resilience","hosodi-11867","Jul 23, 2023","It is a timeless tale of hope and resilience that remains deeply impactful to this day. Set within the confines of Shawshank State Penitentiary, the film intricately weaves a narrative of human spirit's triumph over adversity and the enduring power of hope. Tim Robbins and Morgan Freeman deliver captivating performances, infusing life into their characters and making their journey truly unforgettable. Under the skilled direction of Frank Darabont, the film's storytelling unfolds seamlessly, drawing the audience into a world of despair and redemption. Through its exploration of friendship, injustice, and the pursuit of freedom, ""The Shawshank Redemption"" resonates with audiences worldwide, leaving a profound and emotional impression that lingers long after the credits roll."
"1784280955-21","https://www.imdb.com/title/tt0111161/reviews/?ref_=tt_ov_ql_2","""I'm a convicted murderer who provides sound financial planning"".","classicsoncall","Jul 30, 2011",""
"1784280955-22","https://www.imdb.com/title/tt0111161/reviews/?ref_=tt_ov_ql_2","Mystery","mocpacific","Jun 3, 2010","I still can't quite get the enormous reputation of this film. I saw it again last night and instead of clearing up the mystery, the mystery got thicker. It is enjoyable film with very good performances by Tim Robbins, Morgan Freeman, James Whitmore etc, but...the most highly rated film ever? I don't get it. The voice over alone seems to belong to a so so film. I love Morgan Freeman's voice but he's telling us what we're seeing. So, the sterling reputation damages the enjoyment of the film because one is expecting something that never, really, arrives. The most interesting aspect is Tim Robbins's psychological journey. Credible or incredible doesn't quite matter, I did go with him without asking too many questions. Morgan Freeman's humanity is contagious and inspiring, whether credible or not because I bought it. So, a masterpiece? No. Good, even very good? Yes."
"1784280955-23","https://www.imdb.com/title/tt0111161/reviews/?ref_=tt_ov_ql_2","Hope is everything","djhenebury-1","Jan 3, 2006","This movie surprised me so much I watched it twice in one day the first time I saw it. Sure I hadn't just picked a movie at random, at the local DVD-shop, but I didn't expect it to be so good. After I watched it I had a look on the IMDb website and was surprised once again that i found it placed number 2 on the top 250 movies list. I wondered to myself, why didn't I know about this movie. Afterall Morgan Freeman and Tim Robbins are quite well-known actors. Frank Darabont however only just caught my attention in 1999, when 'the Green Mile' was released. Finally I came to the conclusion that it must have been either television, because it surely isn't on television often enough, or it could just be me, not knowing very much about the film-world before 1995. For in fact, everyone in my school seemed to have known 'the Shawshank Redemption' for a very long time. ""One of the best movies ever"", my best friend said, ""My favorite movie in the whole wide world"", another one of my friends. THEN WHY DIDN'T YOU TELL ME!!!! I replied. If you liked 'the Green Mile', I'm telling you now, you'll love this!!!"
"1784280955-24","https://www.imdb.com/title/tt0111161/reviews/?ref_=tt_ov_ql_2","Simply the best","bhester0806","Nov 13, 2019","There's a reason this is rated the #1 . It is the same reason you watch this movie every time you see it on tv even if it's already half way over. It's captivating, brilliant and full of heart. It's one of the best films ever made."
"1784280955-25","https://www.imdb.com/title/tt0111161/reviews/?ref_=tt_ov_ql_2","The best story ever told on film","Si Cole","Aug 3, 2001",""
"1784280955-26","https://www.imdb.com/title/tt0111161/reviews/?ref_=tt_ov_ql_2","The Greatest Movie of all Time","josephledbury","Jul 16, 2013","Could a movie be any more perfect? This movie is just absolutely stunning in so many ways. Acting perfect, storyline perfect, soundtrack perfect, emotional drama perfect, everything about this movie is perfect.

When this movie first came out it did not reach the expectations that many people expected it to. But as the years went one it was nominated for seven Academy Awards and as it was available for rent everywhere more people started appreciating it and it's popularity grew. Eventually after many years in the top 5 of IMDb's top 250 movies of all time list, it hit number 1 with over one million votes.

The story is about a well educated vice president of a large bank being wrongly accused of murdering his wife and her lover and is sentenced to spend life at a large prison in new England called Shawshank prison. As the years go on in his new home he makes friends, enemys and a dramatic twist at the end which became one of the most legendary scenes in movie history.

I love this movie. The acting is just so passionate and their performances increases the drama and horror of life in prison. The soundtrack is one of the main reason behind the emotional drama this movie. Many scenes in this movie almost left me in tears mainly because of the soundtrack in the background which increases the emotion. 

The cast of this movie include Academy Awards winners Morgan Freeman and Tim Robbins. And also William Sadler, Bob Gunton and many other who made this movie what it is.

Overall it is defiantly the Greatest movie ever made with passionate acting, great storyline and plenty of emotional drama about how hope overcomes fear in a beautifully crafted film about the strength of the human spirit."
"1784280955-27","https://www.imdb.com/title/tt0111161/reviews/?ref_=tt_ov_ql_2","One of the most powerful movies I've ever watched","antoinepana","Oct 7, 2019","The characters are so well developped and well interpreted by the actors that you really feel for them which makes the whole story even more compeling. The structure builts up emotionnaly like only Darabont can do it. Breathtaking!"
"1784280955-28","https://www.imdb.com/title/tt0111161/reviews/?ref_=tt_ov_ql_2","From my favorite movies..","hjpog","Dec 13, 2015","It is one of the best movies in the world that many people will join me. Watching very, very impressed. What it might be called the great stories of Stephen King anyway. Acting on cues can say is enormous. There's no posturing. Especially when Andy Dufrense incredible music that review still stands wandering on everyone's lips. Finale as you lose yourself in it is a movie you are getting into. Finals if he so exhilarating you a high-quality music. And finding that deserves really deserve. I watched this film very young age and it has taught me that the magic of cinema in a nice way. This film is one of the reasons I hate the Oscars. Will remain as the best film in more than 10 years, I believe wholeheartedly sites. Definitely one of the best films in the world."
"1784280955-29","https://www.imdb.com/title/tt0111161/reviews/?ref_=tt_ov_ql_2","Masterpiece","Michael_Elliott","Dec 2, 2008",""
"1784280955-30","https://www.imdb.com/title/tt0111161/reviews/?ref_=tt_ov_ql_2","Over Rated","dbborroughs","Apr 24, 2004","There is no denying that this is a very good movie. The acting is great and it tells a good story. 

Personally, I find it a bit too long and a little too sweet for my taste, but its far from a bad film. 

On the other end of the spectrum I have yet to understand why this film was nominated for as many Oscars as it was and why so many people have fallen in love with it. To place it on the same level as The Godfather and several hundred other films has to be the result of different tastes.


This is a film that should be seen because its a good movie, not because its a great one."
"1784280955-31","https://www.imdb.com/title/tt0111161/reviews/?ref_=tt_ov_ql_2","Papillion is much better","Mad-John","Jul 5, 2002","Oh come on 2nd best movie ever, I don't think so.  It's unrealistic and overly sentimental, the people who voted so high can't have seen many films. By all means watch it, but Papillion for example, is far superior, who can forget Steve McQueen's red rimmed eyes and pasty face as he catches bugs, and crushes centipedes into his watery broth to get nourishment in that incredible portrayal of hardship and determination.  I wouldn't put Papillion as the 2nd best film of all time, but it has to be the best Prison drama.  Watch Shawshank and you'll enjoy it as a lightweight entertaining feel good movie, but there are so many classic films better than this."
"1784280955-32","https://www.imdb.com/title/tt0111161/reviews/?ref_=tt_ov_ql_2","Sublimely powerful.","movibuf1962","Feb 4, 2003","It deserves ten stars. Its beauty lies in its slow pace and genteel wit, although some may not have the patience for the slowness. But the whole premise of life inside a prison cell makes better sense when told in a calm, emotion-building, pace such as this. Otherwise, one would never get to know Tim Robbins's quiet accountant (and what makes him appear alternately shy, snobbish, and suicidal all at the same time); or Morgan Freeman's genial-but-cynical lifer- not to mention how he's ""a man who knows how to get things."" I love what the film doesn't do: it doesn't make an issue of its two leads being different races (although one could claim that makes their friendship all the more marvelous), it doesn't pull any sensational, far-out, action punches (as films with an all-male cast often do), and it doesn't freeze its characters into types. Everyone is real and everyone is flawed- from James Whitmore's bird loving veteran to Bob Gunton's pretentious, icy, warden. But the finish (which really starts around the film's last twenty minutes) is one of the most powerful and moving things ever committed to film. Get it in either format."
"1784280955-33","https://www.imdb.com/title/tt0111161/reviews/?ref_=tt_ov_ql_2","Hope can set you free and so can this remarkable film","blairgallop7","Dec 30, 2007","One of my favorite movies ever,The Shawshank Redemption is a modern day classic as it tells the story of two inmates who become friends and find solace over the years in which this movie takes place.Based on a Stephen King novel,this movie makes us feel different watching this film than most others as this is an incredibly realistic film.Tim Robbins stars as Andy Dufresne who is convicted of murder and Morgan Freeman as Ellis Boyd ""Red"" Redding who is a fellow inmate and close friend of Dufresne and Bob Gunton as Warden Samuel Norton who is the Warden of Shawshank State Prison and is a character who has mixed feelings and emotions towards everyone around him and a character who is sometimes easy to like and at other times easy to despise.This film is easily considered one of the greatest films of all time and I definitely agree with this fact.It was nominated for seven Academy Awards including (Best Picture, Best Actor  Morgan Freeman, Best Adapted Screenplay, Best Cinematography, Best Editing, Best Original Score, and Best Sound) but didn't win any due to tough competition from the film Forrest Gump.I personally think that Tim Robbins should have been nominated for the Best Actor award as he really gave the performance of his career.Bravo to this brilliant modern day classic!"
"1784280955-34","https://www.imdb.com/title/tt0111161/reviews/?ref_=tt_ov_ql_2","never give up hope","lee_eisenberg","Jul 1, 2005","""The Shawshank Redemption"" should have won Best Picture for 1994. A story of banker Andy Dufresne (Tim Robbins) getting falsely convicted of murder and sent to the hellish Shawshank prison, the movie is beyond amazing. In prison, Andy meets Ellis Boyd ""Red"" Redding (Morgan Freeman), who was imprisoned many years earlier. Red gets Andy a poster of Rita Hayworth. Over the next twenty years, Andy experiences all the horrors that one would expect in jail: beatings by the guards, rapes by other inmates, and so on. But he never gives up hope.

This movie, like ""Carrie"", ""The Shining"", ""Dolores Claiborne"", ""The Green Mile"" and ""Hearts in Atlantis"", just goes to show what a great author Stephen King is. When we think of horror, we think of spooky horror, but ""The Shawshank Redemption"" is a different kind: personal horror. Pure genius. I can only hope that in the coming years, this movie is recognized as what it is: a masterpiece. I can't believe that it won no Oscars!"
"1784280955-35","https://www.imdb.com/title/tt0111161/reviews/?ref_=tt_ov_ql_2","A movie revolution upon all others","Bloker-1","Sep 7, 2006","We have all see movies, comedies, action and dramas. We all liked ones, hated others, got into some other even and felt like part of it. In Shawshank Redemption; you start slowly, after a while you get attached, by the time you reach the middle of the movie you simply totally forget about anything outside the screen and feel a mixed stream of emotions going through you head before anything else! then comes a last 20 minutes of heart storming that is surely enough to raise the adrenaline to extreme levels even in diabetics! I felt warm, strong, happy and all other emotions one can think of, I felt I was the one who won, who got out of prison, i was simply fully satisfied.

This movie must be used as an Anti-depression by therapists! this movie proves that Oscars are either money bought gifts! or that who ever in charge of them are so smart that they couldn't give any Oscar to The Shawshank Redemption knowing that the movie is on different - much higher- rating scale than the Oscars.. it's simply over qualified!"
"1784280955-36","https://www.imdb.com/title/tt0111161/reviews/?ref_=tt_ov_ql_2","""I Had To Go To Prison To Learn To Be A Crook""","bkoganbing","Feb 17, 2011",""
"1784280955-37","https://www.imdb.com/title/tt0111161/reviews/?ref_=tt_ov_ql_2","Greatest movie of all time!","sbrahman","Jul 16, 2013","This movie is one of my all time favorites. Undoubtedly, one of the most brilliant movies I have ever seen. Story, cast, screenplay all are great. The directing by Frank Darabont was just magnificent. The amazing casting of both Morgan Freeman and Tim Robbins is amazing, and couldn't be more accurate. It was narrated by Morgan Freeman, who is the best narrator in Hollywood, I believe. Actually the film depends on the story and the way in which it unravels. It will change the way u think about things around u. Surely, It will teach you one thing that it is easy to take away a man's bread, even his freedom, but impossible to take away his hope.

I can say with confidence this is the best movie I have ever seen - or ever will see. If you haven't watch it yet, just GO! Watch it! Now!"
"1784280955-38","https://www.imdb.com/title/tt0111161/reviews/?ref_=tt_ov_ql_2","Highly Overrated But Still Good","utgard14","May 28, 2014","A good prison movie whose cult of fans has made it into something so much more than it is. Greatest movie ever made? Get real. It's not even the greatest prison movie ever made. Hell, it's not even the best movie released in 1994! It's predictable and borrows heavily from decades of prison movie clichés. It's also nowhere near as deep as its staunchest admirers would have you believe. Still, it's an entertaining movie. Nice direction from Frank Darabont. Morgan Freeman is the highlight with a solid supporting cast. Tim Robbins, however, is borderline ridiculous at times with his cartoonish facial expressions and silly ""stares-off-into-the-distance"" moments. He's so far beneath Freeman as an actor it's sad. With a normal movie like this, I would focus more on the positives. I did give it a 7, after all. Unfortunately, it is easily the most overrated movie of all time (on IMDb, for sure) and as such the balance of positive to negative is out of whack."
"1784280955-39","https://www.imdb.com/title/tt0111161/reviews/?ref_=tt_ov_ql_2","absurd and so predictable","CDexterHaven","Jan 21, 2002","This movie is annoying in several ways.  The criminals are all goodhearted, thoughtful, sensitive guys while the guards and warden are the REAL bad guys.  gimme a break.  What is this?  Dukes of Hazard? (which was far better than this).  Further, the plot is so, so, so predicable.  Good guy outsmarts the bad guys and real justice is served. spare me.  I know, a lot of people love this flick, but in my humble opinion it is a big waste of time."
"1784280955-40","https://www.imdb.com/title/tt0111161/reviews/?ref_=tt_ov_ql_2","life changing","ellandanne","Nov 27, 2011","I first saw this film, like many others, by chance and on DVD. And like others, I have since watched it over and over again. When I feel sad, it makes me feel happy, when I need hope, it gives me hope.When I want to reaffirm my very belief in life, and all it can offer, this film gives me a new sense of purpose that no other film has ever come close to doing.It soars above anything any other movie has tried to achieve in the way it touches on the true virtues of life itself. The portrayal of friendship, the devastation of loss and the maintaining of hope. Outstanding performances from the two leads and the most beautiful of narratives are the tip of the iceberg of why this film is so great. The cinematography from the very first shots of the prison are stunning and the accompanying soundtrack add to the haunting atmosphere when we first venture inside the prison walls. Thank you Mr Darabont, Mr Robins and Mr Freeman. Thank you to every one else involved. You changed my life"
"1784280955-41","https://www.imdb.com/title/tt0111161/reviews/?ref_=tt_ov_ql_2","My #1","Food_For_Thought","Aug 4, 2010",""
"1784280955-42","https://www.imdb.com/title/tt0111161/reviews/?ref_=tt_ov_ql_2","One of the Best If You Get It","Matador07","Jul 31, 2003","People look for all sorts of things in movies, and you can see it in the occasional negative review that pops up for this movie.  Some viewers are looking for gritty realism in everything on the screen.  Others are action junkies.  Still others perhaps take film too seriously and reduce moviemaking to nothing more than a game of who can come up with the edgiest shot, or the niftiest angle.  For all of these, there is the very real chance that they simply will not ""get"" this film, and that's too bad -- they are missing out on a classic.

At its best, film can transcend merely being a series of pictures, no matter how pretty, and can reach down and touch people.  That is where Shawshank succeeds so brilliantly.  It is not the fastest moving movie, not the edgiest, not the grittiest, it is filmed in shades of gray.  But this movie absolutely sings with human spirit, and captures an universal human theme as well as any movie has ever done.  And THAT is filmmaking at its finest.  Not a game, not eye candy -- this movie stays with you long after the credits have rolled."
"1784280955-43","https://www.imdb.com/title/tt0111161/reviews/?ref_=tt_ov_ql_2","The Greatest Movie of All Time ( after Godfather 1972)","chiragrathod09","Jul 17, 2024","When using the word 'epic' one should never use it lightly where movies are concerned. This is an epic, in every sense of the word. I used this word only in GODFATHER (1972). It's second movie in which I used 'epic' word. This might quite possibly be the best movie ever made.

""The Shawshank Redemption"" stands as a timeless masterpiece that transcends genres and captivates audiences with its profound storytelling and exceptional performances. Directed by Frank Darabont and based on Stephen King's novella, the film unfolds as a poignant tale of hope, friendship, and resilience against the backdrop of a harsh prison environment.

At its core, the film revolves around the transformative journey of Andy Dufresne, played brilliantly by Tim Robbins, and his bond with fellow inmate Red, portrayed with equal brilliance by Morgan Freeman. Their characters navigate the complexities of life behind bars, revealing layers of human emotion and moral introspection.

Darabont's direction is masterful, capturing both the brutality and humanity within Shawshank Penitentiary with equal measure. The cinematography beautifully contrasts the confinement of the prison walls with the vastness of hope symbolized by Andy's determined spirit.

The screenplay intricately weaves together themes of justice, redemption, and the enduring power of the human spirit. Each character, no matter how minor, contributes to the film's rich tapestry, reinforcing its message of resilience and the quest for inner freedom.

Thomas Newman's evocative score complements the narrative perfectly, enhancing the emotional depth of key moments without overshadowing the film's poignant silence.

""The Shawshank Redemption"" is more than just a prison drama; it is a timeless testament to the indomitable nature of hope and the triumph of the human spirit against all odds. Its universal themes and impeccable craftsmanship make it a must-see for cinephiles and casual viewers alike, solidifying its place as one of the greatest films ever made."
"1784280955-44","https://www.imdb.com/title/tt0111161/reviews/?ref_=tt_ov_ql_2","Oh my godmother","shiny-metal-ass","Dec 25, 2008","Three words: Oh. My. God.

How am i supposed to describe this absolutely fantastic and unbelievable film in words? I don't know. But I'll give it a shot. Here goes.

This movie is just bloody excellent, brilliant, fantastic, unbelievable, not a thing wrong with it, shocking (in a good way), heck, pretty much every single good comment word you can think of.

I mean, for gods sake, its so damn good it takes your breath away! i seriously could not speak after it! it instantly took every other film i had seen under its shadow, and that's saying something, as i have seen some pretty excellent films.

There's not a single actor or actress in this movie who is crap!!! standouts are Morgan freeman, Tim Robbins, and the dude who plays brooks.

I could say 1239643609260246704272628xinfinity more things good about this movie, but unfortunately I haven't got that much space, and my fingers would get sore.

An absolute must see for everyone, and I'm positive that ill never see another movie better than this, and this will stay at #1 on my list forever."
"1784280955-45","https://www.imdb.com/title/tt0111161/reviews/?ref_=tt_ov_ql_2","i swear","kshihab-82620","Apr 3, 2020","I have never watched a better movie than this before"
"1784280955-46","https://www.imdb.com/title/tt0111161/reviews/?ref_=tt_ov_ql_2","Masterpiece","saimaq-27868","Oct 2, 2021","This for me and many other people is the greatest movie of all time it has amazing directing it has amazing acting by Tim Robinson and Morgan freeman whoever says that they don't like this movie should never watch another movie again overall the greatest movie of all time."
"1784280955-47","https://www.imdb.com/title/tt0111161/reviews/?ref_=tt_ov_ql_2","Best movie of all time!","maubejr","Aug 10, 2017","The first time I ever saw this movie I was just floored at how incredible it was. What wonderful casting that was done to help this amazing story be told. Stephen King has a way about creating such memorable characters. For those of you who think this movie is a ""prison movie"" you are sadly mistaken. This movie merely takes place in a prison but this story is about so much more...friendship, hope, survival and dreams! There is a reason this movie is voted #1 on the IMDb site! Not only have I enjoyed watching this movie over a hundred times but I have been lucky enough to have been in that prison numerous times doing paranormal events. My last visit out there was last weekend and I decided to also go and visit all of the filming locations! That was a real treat! All I can say is that if you have not seen this film just take the time to watch it and just take in the amazing story and the incredible performances turned in by the cast! I promise you that you won't be sorry!!!"
"1784280955-48","https://www.imdb.com/title/tt0111161/reviews/?ref_=tt_ov_ql_2","A movie about an innocent clever man who learns to live within prison walls.","The Boz","Jul 30, 1998","This is Tim Robbins best performance ever. It is a compelling heart warming drama about an innocent man(Andy Dufresbe) who is sent to prison and learns to use his intelligence to make the best of prison life. He meets a mentor in Red(Morgan Freeman) and they build a friendship that is stronger than the walls that surround them. Andy steadies a relationship with the warden that keeps him in the good eyes of the prison. Andy is full of surprises and uses his resourcefulness to not only win the friendships of his fellow prisoners, but also of the prison guards. Both Andy and Red both hold on to their dream of one day enjoying their freedom. They turn their friendship and dreams of freedom into a bond that no prison could ever take away."
"1784280955-49","https://www.imdb.com/title/tt0111161/reviews/?ref_=tt_ov_ql_2","Undeservedly top 1","tikywts","Feb 9, 2021","An overrated film that I watched as a teenager and recently decided to re-watch. I must say right away that I like this film, but it is undeservedly and too popular and occupies the first line - this is completely undeserved in comparison with other films of more talented authors.
I am very saddened that people do not see other works, and for so long this film has been number one among the best films. The actors are talented, the plot is just good, not brilliant, like Stanley Kubrick in ""A Space Odyssey"". Even this I am ready to see in the top-1, but not ""Shawshank Redemption"". I understand that many will disagree with me or say that I just hate, but this is not true, and you can understand this by comparing it with other films, is this film so good and does it deserve the first place?"
"1784280955-50","https://www.imdb.com/title/tt0111161/reviews/?ref_=tt_ov_ql_2","I thought there were supposed to be no fairytales?","Marmaduke Grove","May 26, 2002",""
"1784280955-51","https://www.imdb.com/title/tt0111161/reviews/?ref_=tt_ov_ql_2","Shawshank Redemption- Prison Film is Redeemed by Quality ****","edwagreen","Jan 26, 2011",""
"1784280955-52","https://www.imdb.com/title/tt0111161/reviews/?ref_=tt_ov_ql_2","Busy dying or busy living?","ProperCharlie","Sep 1, 2002",""
"1784280955-53","https://www.imdb.com/title/tt0111161/reviews/?ref_=tt_ov_ql_2","Finding Beauty in the Shadows","jiposek","Jul 23, 2023","It is a cinematic masterpiece that delves into the profound human experiences hidden within the darkness of a prison. Tim Robbins' portrayal of Andy Dufresne and Morgan Freeman's captivating performance as Red create an indelible bond that transcends the boundaries of their confined world. Director Frank Darabont weaves a poignant tale of hope, friendship, and the pursuit of redemption against the backdrop of injustice and despair. The film's visual splendor and evocative soundtrack enhance the emotional depth of the story, leaving audiences inspired and deeply moved. ""Finding Beauty in the Shadows: The Shawshank Redemption"" reminds us that even in the bleakest of circumstances, the human spirit can find solace and beauty, making it an enduring and cherished classic."
"1784280955-54","https://www.imdb.com/title/tt0111161/reviews/?ref_=tt_ov_ql_2","One of my favourites...","rkeaney","Mar 12, 2006","*******MINOR SPOILERS AHEAD**********

The story begins with the court case of Andy dufresne for the alleged murder of his wife and her lover (the first few minutes at the start captivate you from the beginning)Andy is wrongly convicted and sent to Shawshank maximum security prison set with a double life sentence.Andy finds a new companion called Red(Morgan Freeman) the man who can get things for anyone in the prison for the right price. 

As a person that can get things or has been known to locate things from time to time for somebody Red doesn't find it particularly odd that andy asks him if he can get him Rita Hayworth in 1949.Of course he accepts.

The line that defines this great piece of cinema is ""get busy living or get busy dying"".This movie is without a doubt one of my favourites and remember always- FEAR CAN HOLD YOU PRISONER HOPE CAN SET YOU FREE!"
"1784280955-55","https://www.imdb.com/title/tt0111161/reviews/?ref_=tt_ov_ql_2","its an excellent piece of art","muzahid-13629","Nov 30, 2017","i watch this movie for minimum 5-6 times first to last. so every time i enjoyed as i watching it first time. its a piece of art. and we now know how to entertain with no action or fighting scenes. its a pure drama that anyone can enjoy with family in silence. so i rate this movie 10 out of 10 because of amazing screen play, acting, casting, background scoring editing etc. this is my first movie review so pardon me if i did any mistake."
"1784280955-56","https://www.imdb.com/title/tt0111161/reviews/?ref_=tt_ov_ql_2","Prison thriller with violence, hatred, corruption, friendship and joy.","sunnynash1","Jul 16, 2013","""The Shawshank Redemption"" is a timeless story of heartbreak, deception and ultimate growth under the most deplorable conditions. 

The acting is superior, some of Tim Robbins' and Morgan Freeman's best work as they allow me an intimate look inside the sometimes contradictory nature of a convict's existence, where I am torn emotionally between danger and safety, light and shadow, sanity and sorrow, truth and lies, injustice and justice. In fact, I am lost in all the actors' poignant and memorable portrayals of young thugs, cruel guards, swindlers, thieves, rapists and murders, all standing in their respective spaces quietly listening together to an operatic aria over a loudspeaker on the prison yard.

In this movie, I find almost no one to be all good or all bad. There are exceptions, though. Although there are those in charge of the prison I wish to be caught in a snare of their own making or worse, there are still others behind prison walls that turn out to be heroes I cheer on to win in the end. Like people in real life, most of the characters in ""The Shawshank Redemption,"" both prisoners and guards (those that are not miserably rotten to the bone), represent many shades of gray.

One of the most touching moments in ""The Shawshank Redemption"" is a scene in which an elderly convict, who has spent the better part of his adult life locked up, is brokenheartedly paroled into a modern world that is as alien to him as his outdated suit and boyhood memories. And his fear of this new and unnatural terrain, crawling with shadier creatures than those he had known behind bars and the exhaust fumes of a thousand horseless carriages rushing past, engulfed him with no hope of ever escaping.

""Fear can hold you prisoner. Hope can set you free,"" from ""The Shawshank Redemption.""

As bonds form between people of different ethnic groups, economic backgrounds and intellectual levels, I rejoice in their discovery of the human dignity they share. As the story unfolds, my heart hurts so hard, I cry. Then, with tears still in my eyes, I laugh, the same way my family used to laugh together at dinner or a movie when I was a little girl.

Getting older. Times changing. People leaving. Dying. 

But at the core of the main character's spirit there shines upon all those who are within its range, including me, a contagious hope eternal. I am still astonished with the euphoria that fills my being each time I view this incredible story about the invincible human spirit."
"1784280955-57","https://www.imdb.com/title/tt0111161/reviews/?ref_=tt_ov_ql_2","The closest thing to poetic perfection Hollywood has ever produced","Dave-79","Aug 2, 1998","This touching and heart warming film is the most perfect celebration of the human spirit I have seen. Andy Dufresne, wrongly convicted of murdering his wife and her lover, finds the strength not only to change himself, but to bring hope to those around him in Shawshank Prison.  This inspiring story is interwoven with a soundtrack which invokes every emotion, from haunting and chilling, to stirring and beautiful. When you go to see a movie and it touches you with its poetry, music, and its atmosphere, and leaves you with a sense of victorious satisfaction, it is a triumph.  Field of Dreams was the first movie which invoked these emotions in me.  Shawshank Redemption is even more powerful for its simplicity.  It doesn't pretend to be clean, nor could it be called a family movie.  It is brutal and violent at times, horrifying and sickening at others. However the title says it all. Redemption is what this story is all about.  And it is not necessarily redemption for the actual crimes you might have committed, but it is redemption for the way you have lived your life.  What emerges can only be called a maginificent piece of art.  This is what movies were meant to be."
"1784280955-58","https://www.imdb.com/title/tt0111161/reviews/?ref_=tt_ov_ql_2","This is a wonderful movie!!!!","ZeyuZhang_1229","Apr 20, 2017",""
"1784280955-59","https://www.imdb.com/title/tt0111161/reviews/?ref_=tt_ov_ql_2","impressive","Kirpianuscus","Dec 28, 2015","not for a reason. but for the fine art to create a story who seems be more than fiction and who use a script, a cast and location for a puzzle who becomes part of precious memories. its themes, the tension, the moral questions, the meeting between Morgan Freeman and Tim Robbins and the result of dialogs who are truth axis of movie and wise adaptation, are bones of a splendid film. a film who reminds more than presents. values, roots of justice, beauty of original source, the end who is expression of a deep expectation of the viewer are elements who transforms The Shawshank Redemption in an experience for the viewer. short - a film who must see !"
"1784280955-60","https://www.imdb.com/title/tt0111161/reviews/?ref_=tt_ov_ql_2","Stephen King's prison tale with a happy ending...","Doylenf","Sep 17, 2006","THE SHAWSHANK REDEMPTION is a kind of morality tale that is definitely one of Stephen King's more restrained kind of stories, dealing mostly with a character study of two individuals sharing imprisonment and the consequences that await them when the tale ends.

TIM ROBBINS is a man wrongly convicted of murder and serving a long prison term while MORGAN FREEMAN (who plays the narrator with great dignity) describes himself as ""the only guilty man in Shawshank."" The hardships of prison life are captured in brief scenes that make the viewer wish that Robbins will find a way of escape. 

Along the way, he is gang raped by prisoners and treated harshly by a brutal warden and some of his spirit seems to vanish. But Robbins is quietly effective as a prisoner who makes a good adjustment when he takes charge of the prison library and sees to it that there's a wider selection of books than the kind of potboilers that King is noted for writing. A touch of irony here, no? The closing scenes are a bit of a stretch and a reminder of just who wrote this prison tale--but still, they make an impact because of all that happens before.

It's a bittersweet story, a sort of horrific fairy-tale of what might have happened, but the viewer will be caught up in the story because of the tremendously skillful story-telling magic of Stephen King and director Frank Darabont who also wrote the screenplay."
"1784280955-61","https://www.imdb.com/title/tt0111161/reviews/?ref_=tt_ov_ql_2","Overrated","ilkka-laine","Aug 9, 2006","I cannot possibly realize why this movie is rated in top movies. There is nothing new in this film and there isn't anything in it that makes it special. Wake up people! Quote Bill Hicks ""Piece of Sh*t"".

OK I'll give it that there isn't anything to complain about the acting or directing, etc. But this entire movie seems to be a compromise. I also think that the success of this film is based on the ""least worst principle"" and that makes it bad.

I'm also fed up with the narrator and all the dramatic film music. All this seems like fishing Oscar nominations. Am I really the only one who can see how transparent this is? I doubt it so please vote movies that really will make difference."
"1784280955-62","https://www.imdb.com/title/tt0111161/reviews/?ref_=tt_ov_ql_2","Simply Wonderful","Kubrickfan15","Nov 13, 2020","One of the best movies ever made. Simple as that. Top 20 ever, and top 3 of the 90s. The ending is just so powerful."
"1784280955-63","https://www.imdb.com/title/tt0111161/reviews/?ref_=tt_ov_ql_2","About a very very long escape from prison","lutu-10364","Mar 4, 2019","It's amazing how long I could not watch this movie. However, I became interested in them only after reading the book. And the book is very good. However, the same can be said about the film. Yes, there are some nuances ..."
"1784280955-64","https://www.imdb.com/title/tt0111161/reviews/?ref_=tt_ov_ql_2","Redemption","jusdafide","May 16, 2009",""
"1784280955-65","https://www.imdb.com/title/tt0111161/reviews/?ref_=tt_ov_ql_2","When There is Life, There is Hope; When There is Hope, There is Life","drdos43","Sep 4, 2005","Like many of the reviewers, I hate prison movies with all the clichés and stereotypes of innocent prisoners, nasty guards, and evil wardens; and upon first viewing, many years ago, I especially disliked being forced by this film to feel sympathy and empathy with murderers, rapists and the like.

Shawshank has somehow transcended the test of time; and I believe that it has endured, not because of the great performances (which don't seem to be acting at all, but real), not because of the simple, but multi-level, story line with its twists and turns, not because of its magnificent photography, not because of its score, and not because of any individual element that went into the making of this film. (Hence, the lack of academy awards.) However, when all those elements are combined, Shawshank becomes one of those masterpieces which is greater than the sum of its parts...and this film is so much greater that in the desperation of its characters, it invokes a multitude of good emotions in the viewer...that there is divine, poetic justice and hope in this hell of a world.

Shawshank has become my favorite film of all time, but it took a while. ""When your're feeling down and out, watch Shawshank!"" Raising my vote from 8/10 to 10/10 (however subjective that vote may be.)"
"1784280955-66","https://www.imdb.com/title/tt0111161/reviews/?ref_=tt_ov_ql_2","The Shawshank Journey","vawigo-56663","Jul 23, 2023","It takes audiences on an unforgettable cinematic journey, exploring the indomitable human spirit and the pursuit of redemption. Tim Robbins delivers a compelling performance as Andy Dufresne, a man wrongfully convicted and sentenced to life in Shawshank State Penitentiary. Through his unlikely friendship with Red, portrayed brilliantly by Morgan Freeman, the film delves deep into the complexities of human connection and the transformative power of hope. Frank Darabont's directorial finesse brings Stephen King's novella to life, painting a poignant portrait of resilience amidst a harsh and unforgiving prison environment. With its thought-provoking themes, stellar performances, and emotionally resonant storytelling, ""Finding Redemption: The Shawshank Journey"" continues to captivate audiences, earning its place as one of cinema's most beloved and timeless classics."
"1784280955-67","https://www.imdb.com/title/tt0111161/reviews/?ref_=tt_ov_ql_2","Hope","kimi-77","Oct 4, 2019",""
"1784280955-68","https://www.imdb.com/title/tt0111161/reviews/?ref_=tt_ov_ql_2","Hope is a Good Thing. Maybe the Best of Things. And No Good Thing Ever Dies.","cinemasauron","Jul 25, 2010","Out of the three genre-defining classics released in 1994, The Shawshank Redemption was the one that ended up bearing the maximum brunt. First commercially by failing to recover its budget for it debuted in theatres together with one of cinema's greatest watershed events; Pulp Fiction. And then at Academy Awards where it was nominated for seven Oscars yet failed to win any, thanks to the sweeping show by the critics' darling, Forrest Gump.

But life ever since has been very kind to this film, and both critics & viewers have embraced its uplifting story of hope & friendship with remarkable amount of respect, love & kindness. Today, The Shawshank Redemption enjoys a position that's arguably even higher than the two classics which eclipsed it back in 1994 and while it was discarded at its time of release, it is now rightly & universally acknowledged as one of the greatest films of all time.

The Shawshank Redemption tells the story of Andy Dufresne, a successful banker, who is wrongfully convicted of murdering his wife & her illicit lover and is ultimately sentenced to two consecutive life terms in prison where his coping with the brutal hardships of confined life slowly earns him the respect of his fellow inmates & prison staff, including that of ""Red"" in whom Andy finds a trusted ally. The remainder of the film explores their friendship over the next two decades.

Written & directed by Frank Darabont, this prison drama is a simple but profoundly moving tale of hope, friendship & redemption that'll manage to connect deeply with most of us in one way or another plus it also marks Darabont's directional debut and he couldn't have asked for a better start. All this film has is men in either prison or police uniforms talking to one another over the course of its runtime and yet it never looked dull or felt like dragging at any given moment.

Cinematography exquisitely captures the monotonous daily life inside prison and provides considerable depth & realism to the era this film is set in. Every moment of despair has a shadowy appearance while moments of hope gleam with light. Editing is spectacular too as the gradual progression of Andy's life, his friendship with Red, and his determination to not give in to the four walls containing him is effectively unfolded. And Thomas Newman's score beautifully blends with the film's tone & characters' lives, and is emotionally fulfilling.

Coming to the performances, Tim Robbins delivers a swashbuckling performance as Andy Dufresne, the banker wrongfully convicted for the crime he didn't commit. And if Robbins is at his best, then Morgan Freeman is even better as Red, Andy's friend who is also serving a life sentence & is notorious amongst the inmates for he can smuggle goods into the prison. Freeman also narrates the story to us at which he does an even better job. His work is grounded & can go easily unnoticed, but the character of Red is the soul of this story.

There is a reason why this film still connects with so many people & why many of them have latched on to it. There is a reason why even after two decades, its legacy keeps flourishing & viewers keep returning to it despite its low entertainment value. One major reason is that even though The Shawshank Redemption is a prison drama, its story of imprisonment goes far beyond the bricks & steel rods of a jailhouse. The entire picture is a reflection of our own imprisonment in the institutions of our daily lives; institutions like work, family, society etc & living up to the expectations of each one of them.

On an overall scale, The Shawshank Redemption stresses that based on the outlook of life, there are only two types of people: one who can be free even in prison while others who find themselves imprisoned even in freedom. The message it is trying to resonate is clear: Fear can hold you prisoner, Hope can set you free. And if we all give ourselves some hope, there is nothing we can't survive. Yes, it all seems preachy n everything, but then if there's ever been a motion picture that has earned this sort of right, it's The Shawshank Redemption. Strongly recommended."
"1784280955-69","https://www.imdb.com/title/tt0111161/reviews/?ref_=tt_ov_ql_2","A Bit Over-Rated Perhaps, But Still A Good Movie With Great Performances From Freeman and Robbins","sddavis63","Aug 31, 2002",""
"1784280955-70","https://www.imdb.com/title/tt0111161/reviews/?ref_=tt_ov_ql_2","absurdly overrated","calebwilliams","Aug 31, 2004","This movie is absurdly overrated by people who think soppy affirmative moviemaking accompanied by a lush score is synonymous with aesthetic brilliance.    

The direction is nothing to write home about, the cinematography is, frankly, standard.  The script has Steven King written all over it - a melodramatic plot involving the woes of an educated bloke told in overwrought dialogue full of clumsy metaphors.  (A good example: the moment when the scriptwriter decided that the prisoner's interest in geology had to be spelled out for the dumber members of the audience ""It's all about TIME and PRESSURE..."" just in case anyone managed to miss the connection). Morgan Freeman is, as usual, superb but Tim Robbins is inconsistent as a man who goes from being the gaol newcomer to an old hand.  While the film's sympathetic liberal political stance can be commended, it's certainly not a great work of art."
"1784280955-71","https://www.imdb.com/title/tt0111161/reviews/?ref_=tt_ov_ql_2","Powerful Masterpiece","ethlaid","Feb 22, 2021",""
"1784280955-72","https://www.imdb.com/title/tt0111161/reviews/?ref_=tt_ov_ql_2","nice","shiaunmiles","Mar 2, 2020","Nice title :) 10/10 best one i have seen my dude couldn't get any better"
"1784280955-73","https://www.imdb.com/title/tt0111161/reviews/?ref_=tt_ov_ql_2","An astonishing tale of endurance, courage, life, and perspective..","shahmatt","Oct 25, 2007","At the time of writing this comment, IMDb ranks the Shawshank Redemption as No. 2 in top 250 best movies of all time. Let me tell you that this is no exaggeration and no small feat given IMDb's strict rating criteria. Shawshank is indeed, up there amongst the best, and if you haven't seen it yet, you should make it a point to watch it, at least once sometime in your life. For it is an astonishing tale, of endurance, courage, life, and perspective, combined with a stunning score that flows so closely with the highs and lows of emotion that it could make grown men cry. No words can explain how good Shawshank really is, but let the sheer volume of good user reviews made by devotees in this website be proof enough of its greatness."
"1784280955-74","https://www.imdb.com/title/tt0111161/reviews/?ref_=tt_ov_ql_2","My own personal view","aziz-737-972827","Jul 14, 2013","I don't care if there are some poor souls who would like to belittle this film. Just think of these misfits as beyond redemption.

I saw this film in 1995 and still vividly felt the euphoria of the final half hour which stayed with me for a couple of weeks.

I was convinced this was the best film I had ever seen in my life, even better than Akira Kurosawa's Ran and One flew over the cuckoo's nest, which was my all time favorite until TSR came along.

I excitedly contacted my best friend who shared the same passion and he confirmed my thoughts,""this must be the best film I've ever seen!"" But it is sad though that I will probably never see a better film for the rest of my life as I have seen the best.

In music I have heard the best in Rush and Jackson Browne which made others pale in comparison and in movies I have TSR.

Hail Frank Darabont!"
"1784280955-75","https://www.imdb.com/title/tt0111161/reviews/?ref_=tt_ov_ql_2","really superb","yuvrajhanspal","Oct 24, 2006","i watched this movie just to pass out some good time... and you know what.. i had sore and wet eyes at the end.. i don't know why but the movie's end, couldn't stop myself..

andy's portrayal by tim robbins and red's by morgan freeman was absolutely great..

i like and love andy's philosophy that ""hope is a good thing.."" .. and i have tried to inculcate that in me.. i just loved the movie.. i was like.. whats this, its ended so fast.. i didn't it want to end.. i am not a con and neither i wanna be.. but it has shown even the guys out there in the prisons also can be innocent.. and to prove their innocence they can go to any lengths.. i mean that they also have got something in them.. their hearts.. the spirit shown by andy was absolutely great.. it shows that when you want to do something, do it with full heart.. i have just finished it..but i'm sure i m gonna watch this very often, and am not going to forget it for a long length of time.."
"1784280955-76","https://www.imdb.com/title/tt0111161/reviews/?ref_=tt_ov_ql_2","I didn't think films could be this good....","kasparov","Mar 16, 2006","The Shawshank Redemption came out in 1994 and was an absolute flop but found its real audience in home video, peaking as the most rented video of 1995 in the USA. 

A wonderful film that takes you into the prison experience of Red(Morgan Freeman) and Andy (Tim Robbins). Andy being a banker convicted of murder and Red a murderer already serving time, this movie takes you to the limits of human endurance, where the human spirit eventually prevails. 

The TSR takes you on an emotional journey that you will remember for a long time, thanks to the superb crafting of the film and sincere performances by the cast. The score is deep and haunting, this film is for the ages and will permenantly have a place in my heart. To me it is the best film of the 90's and quite possibly one of the best of all time.

The fact that this film is sitting at No.2 is a testament to just how many people love this film, many viewers seem to have an emotional bond with the film, and I don't blame them. I only wish that I could view the film for the first time again, and experience that redeeming feeling Andy and Red experienced at the end.

Ignore the hype surrounding the film and judge it on your own experience, the last half hour are especially beautiful. Watch this if you already haven't, and enjoy the masterpiece that Frank Darabont has so gracefully given us the privilege of viewing. 10/10"
"1784280955-77","https://www.imdb.com/title/tt0111161/reviews/?ref_=tt_ov_ql_2","An extraordinary and unforgettable film about a bank veep who is convicted of murders and sentenced to the toughest prison","ma-cortes","Nov 19, 2018","Superbly played film set in 1946 , a bright young New England banker is convicted of the slayings of his spouse and her lover and sentenced to life at a strict State Prison . Introspective and quite Andy (Tim Robbins) gradually befriends inmates and over the next 2 decades wins the trust of prisoners and wardens but in his heart he still yearns for freedom . There he forms a peculiar friendship with Red (Morgan Freeman), the prison fixer , he experiences the brutality of prison life with a sadistic head guard (Clancy Brown), and is also mistreated and raped ; however , he adapts himself and offers financial advice to the guards and the selfish governor (Bob Gunton) , all in a shot 19 years. As two imprisoned men bond over a number of years, finding peace and redemption through acts of common help , friendship and decency . But when the proof of Andy's innocence is ripped away by those who need his services ,we learn that all is not quite what it seems at this State Penitentary , provoking a few susprises in the last two reels .


This is a very good and serious prison movie with thrills , emotion , exciting scenes , colour-blind relationships , hardnut camaraderie , gang opression , and violent disavowal of any homosexual implications . Prison buffs will find a lot of incidents to relish and the great spiritual resolution takes some swallowing and unexpected surprises . Adapted from the novella ¨Rita Hayworth and Shawshank redemption¨ ; the twist here is the upright starring is exceptionally bright , as his ability with accountancy leads to his handling the finances of everyone , from the humblest guard to the prison boss . Wonderful spectacle in watching time-passer while changing the bombshell actresses of the history : Rita Hayworth , Marilyn Monroe , Raquel Welch . US prison films have been making solid fares for more than sixty years and apart from slowness of pace in the second half , this one is well up to prison standards . This Frank Darabont's theatrical debut turns out to be a throwback rendition to the kind of literate , thought-provoking prison drama Hollywood used to make , such as : I am a fugitive from a chain gang , Birdman of Alcatraz and Escape from Alcatraz .

Tim Robbins plays magnificently Andy , an inmate finding solace and eventual redemption , Tim provides his usual talent for playing ambiguous roles , as his notable skills are put to good use. Along with Robbins' best screen acting there are various Oscar-worthy supporting characters with special mention for Morgan Freeman as the good fixer who brings his ordinary grace to what could have been a thankless role , the veteran James Withmore as the crow-keeping librarian , the sympathetic newcomer inmate Gil Bellows ,William Sadler , Mark Rolston and the ruthless guardian Clancy Brown and , of course , the egoistic and nasty governor excellently played by Bob Gunton .

It contains a colorful and evocative cinematography by Roger Deakins . And an enjoyable and really feeling musical score by Thomas Newman . In his engrossing direction debut ,Darabont avoids boring by fleeing most prison movie cliches . It results to be a pleasure of discovering a first-time filmmaker with evident respect for the intelligence of his audience , giving sensitive scenes , and brave enough to let roles details accumulate without recourse the excessively maudlin and over-sentimentality. It is a true masterpiece , being marvelously acted and perfectly paced."
"1784280955-78","https://www.imdb.com/title/tt0111161/reviews/?ref_=tt_ov_ql_2","The best film of all time ?","laurin-02109","May 13, 2020","I liked this film. That sums it up pretty well. This film is good, in some aspects very good, but the best film of all time? I usually don't say this, but I think The Shawshank Redemption is overrated. I don't want to take away from the performances, the story or the score, those were really good. I guess Opinions differ and that's fine. For me personally the fact that I knew that this film was ""the highest rated film of all time"" unfortunately hurt my experience. I was expecting a lot more, which in the end I didn't get.
But still a good watch nonetheless."
"1784280955-79","https://www.imdb.com/title/tt0111161/reviews/?ref_=tt_ov_ql_2","Excellent Stephen King adaptation; flawless Robbins & Freeman","george.schmidt","Apr 22, 2003","THE SHAWSHANK REDEMPTION (1994) **** Tim Robbins, Morgan Freeman, Bob Gunton,Clancy Brown, William Sadler, James Whitmore, Gil Bellows. Excellent adaptation of Stephen King's novella ""Rita Hayworth and The Shawshank Redemption"" with falsely accused of murdering his wife Robbins facing hard time in a corrupt prison and a solid friend (Freeman in an unforgettable Oscar-nominated performance of stoicism). Great acting and above the preconceived ""prison film"" genre that also breaks away from the cliché of the human spirit yet enables its elements. Nominated for several Oscars including Best Picture, Screenplay Adaptation and Director."
"1784280955-80","https://www.imdb.com/title/tt0111161/reviews/?ref_=tt_ov_ql_2","#1 ? SERIOUSLY ??","b33joy","Apr 13, 2020","This is a normal average movie . People are just hyped because it is in #1 . And I don't think those people have seen a lot of movies . It's way too much overrated in my opinion . My honest rating would be 7/10"
"1784280955-81","https://www.imdb.com/title/tt0111161/reviews/?ref_=tt_ov_ql_2","Very unoriginal","bigdupe","Sep 21, 2006",""
"1784280955-82","https://www.imdb.com/title/tt0111161/reviews/?ref_=tt_ov_ql_2","Near perfect","Greyrat2","Sep 13, 2021",""
"1784280955-83","https://www.imdb.com/title/tt0111161/reviews/?ref_=tt_ov_ql_2","Good for the spirit","neil-476","Jun 14, 2010",""
"1784280955-84","https://www.imdb.com/title/tt0111161/reviews/?ref_=tt_ov_ql_2","A classic","Tweekums","Apr 23, 2015",""
"1784280955-85","https://www.imdb.com/title/tt0111161/reviews/?ref_=tt_ov_ql_2","A Truly Uplifting Film","Sara-18","Dec 28, 1998","Shawshank Redemption is without a doubt the most uplifting and touching film I have ever seen. It is the only movie I've seen that has made tears of happiness come to my eyes. I would (and do) recommend this film to anyone and everyone."
"1784280955-86","https://www.imdb.com/title/tt0111161/reviews/?ref_=tt_ov_ql_2","""I have to remind myself that some birds aren't meant to be caged""","ashi-lance","Feb 7, 2013","""Every mind has billions of ideas and each one of us do things that no one expects us to do, some of those things are visible, some not but one of those things that make our life worth living is FREEDOM""

Tim Robbins stars as Andy Dufresne, a young man who faces a long, long time in prison after he is wrongfully found guilty of murdering his wife and her lover. While inside he learns an awful lot about what a man can hold onto and let himself be put through if there is still an ounce of hope in his soul. Bottles of cool drink on a hot rooftop, a slowly building library collection, the moment of musical joy that sees Dufresne severely punished for his overstepping of the mark and many other scenes spring to mind as classic moments in a movie almost chock full of classic moments. Andy quickly gets befriended by ""Red"" (Morgan Freeman), actually the narrator of the story, both soon prove that even in the worst circumstances, within the ""hell on earth"" they can maintain human dignity and strive on their own way to freedom... Morgan Freeman is the film's secret strength, playing ""the guy who can get it for you"" with a note of welcome ambiguity. Watching him in an early scene, when a fat, new convict (fresh fish) is being beaten by cruel head guard Captain Hadley (Clancy Brown), you don't know whether Red looks so crestfallen for the victim or for the packs of cigarettes he just lost betting the guy wouldn't break before Dufresne James Whitmore was equally memorable as a prisoner who was unable to adjust to the outside after his parole following a 50 year stint. This shows that people who have been incarcerated for such a long period, need some sort of readjustment training before they rejoin society. For Whitmore, freedom meant ultimate doom, making the scene one of my all-time favorite displaying the ultimate dark side and a certain fear in freedom. Tim Robbins, Morgan Freeman along with James Whitmore etched unforgettable performances as prisoners charged with crime. The film shows what prison life is all about. Subjects dealing with prison survival, brutality, corruption and ultimate redemption are well shown. An outstanding film dealing with prisons as seen by several prisoners. Many social problems are discussed here. The picture earned a well-deserved best picture Oscar nomination. It certainly should have tied with the winner, the equally good ""Forrest Gump.""

My Rating - 10/10"
"1784280955-87","https://www.imdb.com/title/tt0111161/reviews/?ref_=tt_ov_ql_2","Top Three Favorite Movies","email-142-427029","Apr 25, 2021","This film is easily in my top three favorite films. I return to it time and time again, still captivated! Bravo to everyone involved in this timeless production."
"1784280955-88","https://www.imdb.com/title/tt0111161/reviews/?ref_=tt_ov_ql_2","Hope Unchained: The Shawshank Redemption","vogeli-14492","Jul 23, 2023","It is an extraordinary cinematic masterpiece that unfurls a profoundly moving tale of hope, friendship, and the unyielding human spirit. Tim Robbins portrays Andy Dufresne, a man unjustly imprisoned for a crime he didn't commit, while Morgan Freeman delivers a captivating performance as Red, his fellow inmate and confidant. As the story unfolds within the walls of Shawshank State Penitentiary, the film explores the resilience of the human soul and the transformative power of hope in the darkest of circumstances. Directed with skill and sensitivity by Frank Darabont, this timeless classic weaves a tapestry of emotions, leaving a lasting impression on its audience. ""Hope Unchained: The Shawshank Redemption"" continues to inspire and uplift, reminding us that even in the face of adversity, hope can set us free."
"1784280955-89","https://www.imdb.com/title/tt0111161/reviews/?ref_=tt_ov_ql_2","Simply a great story that is moving and uplifting","bob the moo","Apr 13, 2004",""
"1784280955-90","https://www.imdb.com/title/tt0111161/reviews/?ref_=tt_ov_ql_2","A bit overhyped","Wistfull","Apr 7, 2022","Decent entertainment, somewhat memorable. Why this is seen as such an incredible, sensational work of art is beyond me... I feel like this is one of the few crime-thriller-prison-action related films that met my expectations, as in, was A Good Film, but that alone doesn't make it a classic."
"1784280955-91","https://www.imdb.com/title/tt0111161/reviews/?ref_=tt_ov_ql_2","Decent film, highly overrated","Sans Berger","Dec 21, 2002","I finally decided to see this film after reading good reviews and noting that this film ranks in IMDB's top ten list (currently #2). At the very least I disovered where all the noble people are: they're in prison!

The film is decent, but it certainly isn't what I would call great or extraordinary. There are good performances by Robbins and Freeman, but the pace of the movie is very slow and the cinematography is unremarkable. Characters are largely stereotypes, the story is somewhat formulaic (and sometimes ludicrous), and the noble prisoners vs wicked guards dichotomy is simplistic and unrealistic. I was also particularly annoyed at the narration, which always seemed to explain more than it needed to. As for the ending, I guess I was not as suprised as others since I did read the Stephen King novella many years ago. Still, given that the story takes place in a prison, you don't need to be a genius to guess part of it.

This movie reminds me of Dead Poets Society in terms of its tone and theme of uplifting the human spirit against a backdrop of despair. If that's your thing, you'll love the movie. It's not really my thing.

5/10"
"1784280955-92","https://www.imdb.com/title/tt0111161/reviews/?ref_=tt_ov_ql_2","The UNIVERSALITY OF SHAWSHANK: ANDY DESFRENE AS ""EVERYMAN""","Tony-Kiss-Castillo","Feb 29, 2024","WHAT is the highest rated movie in the history of CINEMA??? Just in case You DIDN'T know... it is SHAWSHANK!

If you have never seen SHAWSHANK, this review is aimed, primarily, at you. I suppose there must be a few of you out there!?!? ...What is quite difficult to fathom is that anyone with any REAL interest in Cinema could have managed to avoid seeing it for the 30 years since its release!

In a Perfect World, SHAWSHANK is the movie of choice. What a serendipitous confluence of diverse and inspired elements! It is the exception that proves the Murphy's Law rule. Just look at the IMDb breakdown analysis of the vote...In every area of human activity, there is always that ""2%""! SHAWSHANK is no exception. Precisely 2% of voters rated SHAWSHANK 1 Star! I invite you to check!

In our culture there is a recurring undercurrent nightmare scenario of long-term wrongful imprisonment. Make that a Universal scenario, perhaps, in ALL cultures. Not a SPOILER here, because this point is clearly established in the opening 5 minutes. SHAWSHANK is the ultimate Black/White ""BRO-mance""...Yet, uniquely, Morgan Freeman's character, ""Red"", is anything but the pre-destined to an untimely end sidekick...The entire film is literally narrated from Red's perspective. Thusly...If anything, Red's ""Main-Man"" prison status gives him a bit of a dominant role in their relationship. But the interaction of their characters is clearly that of 2 equals, gradually morphing into one of lifelong best BUDS!

I can't help but wonder if, while cast and crew were in the midst of making SHAWSHANK, any of them imagined the magnitude of the cinematic milestone they were involved in! Box Office results are rather jaw-dropping, but in a negative sense: Opening Weekend-A starkly paltry Position #144 among 1994 releases of just $750K U. S.! Overall 1994 Box Office, did not even make the Top 50! SHAWSHANK occupied a lackluster Spot #51, to be exact, with just over $28 Million taken in!

A theater trailer piqued my interest, but I had to go by myself...My wife, who is a rather avid movie goer herself, said...""H-m-m-m-m, a prison drama?....What's the Title?"" After hearing it, she responded, ""The SHAW-What? No...I PASS!"" Well, needless to say, after a first viewing, my was awe complete and unmitigated, so I insisted on dragging her along just days later, for my second viewing. My wife became an instant SHAWSHANK believer. We both categorize this film in our lifetime top 5 favorites! Perhaps SHAWSHANK got off to such an inauspicious Box Office start for the same reasons that almost resulted in my wife NOT going to see it in 1994!

I could literally write volumes on this movie, but, of course cannot here! A few more highlights: Interestingly, 7 Oscar Nominations, but ZER0 wins! Had the amazingly bad luck of having to compete with the mighty feel-good classic, FORREST GUMP, which steamrolled that year with 6 Oscars and #1 at the Box Office with $330 Million, about 12X SHAWSHANK's $$$! Wonder what the Academy's members take on this would be today? Just look at the 7 categories where it was nominated...Each one is exquisitely superb! Not a single Golden Statuette...WOW!

As far as Suspension of Disbelief is concerned, in the self-contained and totally insulated prison environment, it isn't much of a stretch to imagine an Old-Testament thumping Warden anointing himself with almost god-like powers! Stranger things have happened, yes? In one odd twist, when one thinks of Illegal Immigration, MEXICO, or Central America, to the USA invariably is the route that comes to mind...not the opposite, right!?!?!?

Despite having seen SHAWSHANK at least 15 times, it never ceases to mesmerize me. My only real critique: I think Andy would have to have been a magician to do what he did at the end, at least, so seamlessly...Can't go into any more detail without treading into SPOILER territory, so you'll just have to figure it out for yourself! SHAWSHANK is truly a film for the ages!

....ENJOY! / DISFRUTELA!

Any comments, questions or observations, in English o en Español, are most welcome!"
"1784280955-93","https://www.imdb.com/title/tt0111161/reviews/?ref_=tt_ov_ql_2","Great story, wondrously told and acted","DennisLittrell","May 20, 2004",""
"1784280955-94","https://www.imdb.com/title/tt0111161/reviews/?ref_=tt_ov_ql_2","I make the questions here!","for_and","Feb 17, 2012","It has a formula that gives you this kick; Darn what a good movie! But I need to say this, sometimes it happens.. So WHY do people love this movie and rate it high, when, or WHY isn't the ""smart"" people declare it like a a peace of art? Or do they?! Still I think it's darn good...but I bet the producer(s) didn't expect that!

Like when we vote, for anything, we need to follow our heart. This is a typical movie that is worth every penny, every letter... and it's a typical 90' movie! Oh.. there we have it! Between gone with the wind and now, we NEED this! Love me as I am.. says the storyline, in my head anyway. And I do, yes I do!"
"1784280955-95","https://www.imdb.com/title/tt0111161/reviews/?ref_=tt_ov_ql_2","Why it is ranked so highly.","TxMike","Nov 12, 2001","Over the years many IMDb users have wondered why ""The Shawshank Redemption"" was ranked so high, and many ""wished"" that in time it would sink to a lower, more appropriate slot. Many analyses missed the mark. Following is my take on the real reason it is ranked so high, and why it will never sink much, if any. And I hope it never does.

This film deals with several ""hot"" buttons in us. A cheating spouse. A husband wrongly convicted and sent to prison. Corrupt law enforcement. A prison where inmates get maimed or killed. A smart inmate who plots a brilliant escape. The corrupt warden getting his just reward. Two friends being re-united with a good life ahead of them. Combined with a good script and good cinematography. What's not to like about this story?

I have seen this movie a number of times. Each time I get something new out of it that I either didn't see before, or had not made a mental connection to. I recently (year 2014) upgraded my personal copy from DVD to Blu-Ray and both the picture and sound are better.

This film continues to spark the occasional argument of whether it really should be rated on IMDb as the top film of all time. I don't know exactly where ""Shawshank Redemption"" should rank on the all-time list. That is akin to comparing home run hitters or golfers from different centuries. The games are quite different, as is true in cinema. I gave this film a ""10"", and on my list it is in one of the best movies of all time, along with a number of others. At the same time, I recognize that everyone else has their own opinion. I don't really see any value in trying to decide a rank order for all time. Each film should be appreciated for what it has to offer, no more, and no less.

And this one offers a lot."
"1784280955-96","https://www.imdb.com/title/tt0111161/reviews/?ref_=tt_ov_ql_2","What's SO special?","slayerholmes","Sep 21, 2006",""
"1784280955-97","https://www.imdb.com/title/tt0111161/reviews/?ref_=tt_ov_ql_2","Frankly, I don't get it","Buckywunder","Aug 28, 2013","''He that lives upon hope will die fasting.'' - Benjamin Franklin 

Frankly, I really don't get the praise for this film. It wouldn't even be in my Top 250. 

The only thing my spouse has been able to glean from researching the topic on the internet is that psychologically people seem to like the film more and more upon repeated viewings. Well, that and Morgan Freeman's calming voice. 

Not that challenging cinematically and a bit of a fantasy that pawns itself off as gritty realism, to be honest. 

Not to be an alarmist, but part of me wonders whether this film would be Exhibit A should the country ever descend into a fascist dictatorship much like ""From Caligari to Hitler"" by Siegfried Kracauer examined German film during the rise of the Nazi's after World War I. There is something going on on a group psychology level here that bears examination."
"1784280955-98","https://www.imdb.com/title/tt0111161/reviews/?ref_=tt_ov_ql_2","The Shawshank Redemption","yaols-53324","Jun 7, 2020","The classic can be recalled repeatedly. Andy is full of yearning for life and freedom. To get out of prison is a new life for him; and red, who has been used to prison life, has become numb. To get out of prison is death for him."
"1784280955-99","https://www.imdb.com/title/tt0111161/reviews/?ref_=tt_ov_ql_2","Why can't they make films like this anymore?","AlsExGal","Oct 23, 2020",""
"1784280955-100","https://www.imdb.com/title/tt0111161/reviews/?ref_=tt_ov_ql_2","the Shawshank redemption is a world class film","curtisbates9","Apr 17, 2012","the Shawshank redemption should be played throughout the world in all schools to teach people the hard life of prison but the bond between friends and the idea of hope. Morgan freeman is a second to none actor he lays the role perfectly and i could not think what the film would be like without him. all the other actors perform perfectly. this movie is a movie of inspiration and one of which will get people through harsh times. this film always restores my faith in mankind i simply love it. I first saw this film sitting on my brothers desk and i was intrigued by the idea of a film set in prison where hope and other morale values were the storyline instead of violence and havoc, this is a amazing film which brings pride to the actors and crew who produced it. the setting of the movie is one of perfection the Gothic grounds and the stunning facilities astound me i'am finding it hard to put in to words how much this film means to me i would say it is one of the greatest film's ever made in my time and i love it."
"1784280955-101","https://www.imdb.com/title/tt0111161/reviews/?ref_=tt_ov_ql_2","Brilliant & Excellent","meetnavpk","Sep 13, 2013","By far the best movie ever...

No Doubt this is the best ever movie you will ever see, It is easily the best movie of my life-time so far.

Morgan Free is a legend and Rest of the Crew did a marvellous job as well. Well written / narrated and directed movie of all times.

10 out 10.

It has been on number one ranking on IMDb and most of the other movie rating websites forever now.

The best past of the movie is narrated voice by Morgan Freeman.

The character Andy Dufrain is a very well composed and the Warden character has lot of punch into it.

Escape from prison was the best it can ever get.

Marvellous piece of Art."
"1784280955-102","https://www.imdb.com/title/tt0111161/reviews/?ref_=tt_ov_ql_2","So amazing","aurora-41206","Oct 1, 2019","The emotions, the plot, originality, everything tied together so well at the end - normally I criticise the way movies end, but this ending was phenomenal, not cliche at all. The brutality of the prison was well portrayed, and made me feel sorry for the characters.

All the characters were believable and had depth, and none of the scenes were dramatic, but there was tension throughout the film. I'm going to stop fangirling now, but this movie is my favourite tied with the Godfather!!"
"1784280955-103","https://www.imdb.com/title/tt0111161/reviews/?ref_=tt_ov_ql_2","Better Late Then Never","jnelso19","Dec 23, 2012","Along with Q and Pulp Fiction, Frank Darabont (The Walking Dead original writer) and his debut film got screwed by the Hollywood Powerhouse that is Tom Hanks with this now can be considered an American Classic. The fact that this film barely and I emphasize barely made it's money back in US theaters (which is usually a signal for a film to turn into a DOA when released at home) and it made such a splash, that the film is exceeding what anyone thought a simple 18 years ago. This includes some of Hollywood's best critics including EW's Owen Gleiberman who originally gave the film a B- back in late '94. Yet over time, this story of redemption, like the rise of hope this film gives from beginning to end, grows on you to the point where at the very end, you have no choice but to clap (I clapped in my basement in front of my parents and I haven't looked the same since). Darabont found a formula that worked and it shows in his future films. He made Robbins human, made Morgan Freeman's voice as American as a Big Mac and made the late great Rita Hayworth relevant again. The only regret that one should have is the fact that if it was released two years later it would've swept away the Oscars (Sorry Ralph Fiennes, The English Patient won on a weak year.)"
"1784280955-104","https://www.imdb.com/title/tt0111161/reviews/?ref_=tt_ov_ql_2","This is one of the most inspiring n one of the greatest film.","Fella_shibby","Mar 5, 2016","The Shawshank Redemption is undoubtedly deserves to be the highest rated movie. I watched this movie for the umpteenth time. A movie I would never ever get bored of. Written & directed by Frank Darabont, this prison drama is a simple but profoundly moving tale of hope, friendship & redemption. Cinematography exquisitely captures the monotonous daily life inside prison. The bond that grows between the two main characters is unforgettable and the score is the best I have heard. Morgan Freeman makes us feel the sadness and Tim Robbins, the faith. The more times you watch it, the more you love it, and the more you learn from it. Whatever you do, don't listen to the people who say this movie is overrated because this is one of the most inspiring and greatest film. It has everything you could possibly want in a movie. If you don't love Shawshank, chances are you are beyond redemption. It is hard to find a more proper word for the film than a masterpiece. It's in my top five movies of all time. I feel so bad about not writing a review of this masterpiece during the late nineties."
"1784280955-105","https://www.imdb.com/title/tt0111161/reviews/?ref_=tt_ov_ql_2","G.O.A.T","darshansr-93257","Sep 12, 2022","I've watched great movies. The Godfather, The Lord of the Rings Trilogy, Citizen Kane, Casablanca, Lawrence of Arabia, The Mummy (1999), The Green Mile, Silence of the Lambs, E. T. the Extra-Terrestrial, 2001: A Space Odyssey, etc. Inasmuch as they are outrageously great, none of them come close to this absolute masterpiece.

In a world where there's so much despair, so much crime, so much death and destruction, you would think there's no light at the end of the tunnel. But nope. This movie reminds us that, despite the trials and tribulations we face everyday, there's one thing that cannot be toppled....
HOPE.

""To live without hope is to cease to live."" - Fyodor Dostoyevsky
""Get busy living.... or get busy dying!"" - Andy Dufresne

This movie, in my own opinion, is the greatest movie of all time."
"1784280955-106","https://www.imdb.com/title/tt0111161/reviews/?ref_=tt_ov_ql_2","Easy-breezy, obvious as a child's lie.","secondtake","Sep 25, 2009",""
"1784280955-107","https://www.imdb.com/title/tt0111161/reviews/?ref_=tt_ov_ql_2","Overrated, absolutely not a classic.","bas-24","Jul 29, 2001","After seeing this movie I could not notice to be misled by the IMDB rating. The movie is nice, even good, but no way it should receive a 9.0.

The movie could easily have been produced by Disney: strong moral & a happy ending. Sure, there are strong points. The scene of the old man who have been imprisoned for almost his whole life is very well placed and Tim Robbins' performance is good but the story itself does not leave anything behind. 

3 out of 5. That's all there is to it."
"1784280955-108","https://www.imdb.com/title/tt0111161/reviews/?ref_=tt_ov_ql_2","The best movie i ever watched","mtaimoor-96645","Nov 1, 2020","Tye movie is just perfect. The acting the story the characters are just so good that they will even make you cry"
"1784280955-109","https://www.imdb.com/title/tt0111161/reviews/?ref_=tt_ov_ql_2","Truly the greatest prison movie ever!","UniqueParticle","Sep 23, 2019","So worth seeing in the theater thanks to fathom events and 25th anniversary plus Stephen King turned 72 recently! I admit I've been on the fence about enjoying Shawshank Redemption for a while but seeing it in the theater and re watching after not seeing it for a long time, I cried, I laughed, felt sympathy, and was very immersed.

Truly remarkable and well deserving of every good opinion even after I was on the fence about it, I love the movie a lot now; Tim Robbins embodied such a glorious character! Frank Darabont made such a crafty, dark and heart wrenching experience! Fathom events is excellent, I am glad I paid over $13 dollars to see such drama perfected film."
"1784280955-110","https://www.imdb.com/title/tt0111161/reviews/?ref_=tt_ov_ql_2","Timeless: Shawshank Works Across Every Generation","FiftyTwo_52","Apr 17, 2026","The Shawshank Redemption hasn't left me since I first saw it, and watching it again with my teenage son proved something remarkable: this slow-burn masterpiece can captivate even the TikTok generation. He sat riveted for over two hours... no phone, no distractions, completely absorbed.

Tim Robbins and Morgan Freeman deliver exceptional performances, but what elevates this film is its portrayal of the human spirit. The themes of hope and friendship transcend the prison walls, speaking to something universal in all of us.

Frank Darabont transformed a Stephen King short story into an exceptional prison fable that feels both intimate and epic.

This isn't flashy filmmaking - it's patient, methodical, trusting the audience to invest in characters over nearly two decades. That patience pays off in one of cinema's most satisfying narratives. The fact that it works on both someone who's seen it multiple times and a teenager experiencing it fresh speaks to its timeless power.

9/10: A masterpiece that earns every bit of its legendary status."
"1784280955-111","https://www.imdb.com/title/tt0111161/reviews/?ref_=tt_ov_ql_2","Possibly the greatest movie of all time!","kaydonstrutzel","Aug 3, 2025","This was my first time seeing this movie and I absolutely loved the movie. The drama and the story were really interesting of the whole movie. The violence was also very interesting of the film, it shows what it's like in prison after committing a crime and it shows what friendships in prison. It shows a lot of the film, just like escaping prison and Reuniting with a friend you have not seen in years. Very emotional and very good film, the director made this masterpiece well done and well made. The cast were really good and the acting was really impressive. We need another Shawshank redemption because the first one was amazing, also VERY RECOMMEND TO WATCH!"
"1784280955-112","https://www.imdb.com/title/tt0111161/reviews/?ref_=tt_ov_ql_2","For hope, see it only.","ms-42106","Oct 11, 2020","My top film. Hope is good, and it never dies.
🌲🌲🌲"
"1784280955-113","https://www.imdb.com/title/tt0111161/reviews/?ref_=tt_ov_ql_2","Greatness","sivam-66902","Nov 13, 2020","This is the best movie I ever watched in my entire life.whenerver I feel sad or depressed I always watch this movie.it always gives me hope.Hope is a good thing."
"1784280955-114","https://www.imdb.com/title/tt0111161/reviews/?ref_=tt_ov_ql_2","what can i say","packarduk","Apr 17, 2021","Best movie ive seen.

This movie 20 years on is still first class."
"1784280955-115","https://www.imdb.com/title/tt0111161/reviews/?ref_=tt_ov_ql_2","The 2nd Best Movie Ever Made","alexanderhuggard","Jul 15, 2021","This film is perfect in every sense of the word. The second the movie starts it grabs you and holds your attention for the rest of the film. It is never boring. All of the hints that lead to the finale is absolutely genius, and the attention to detail is perfect. The third act is the best of all time. Roger Deakins gives one of his more subtle works, and it plays out beautifully. The dialogue is perfect, and you deeply care about the characters."
"1784280955-116","https://www.imdb.com/title/tt0111161/reviews/?ref_=tt_ov_ql_2","Relentless Storytelling","tedg","Nov 4, 2000","I reviewed this film recently with a specific question in mind. At this writing, this film is ranked by IMDB viewers as the second best film ever made. The SECOND BEST EVER MADE!

Why? This was my question.

The acting is good. Robbins and Freeman are quality craftsmen in the Caine and Hackman tradition. But these are not truly great actors and in any case, they are only asked to play appealing persons, deliberately less-dimensional than real (as opposed to believably hyper-real which is much harder).

The director is a first-timer, and it shows. There is simple framing and staging here. In fact, there seems to be a deliberate strategy to be as plain as possible. And that is the core of where I think people find the appeal of this film.

The story is very tight in the sense of narrative flow. All the chunks are the same size, with no fancy rhythm. There is no distracting backstory. No element has irony, not writing, acting, shooting, even the score.

Now for me, I expect and demand art in my films -- that's why I register this as plain. But I think it is well liked because it is totally without pretense. It is straight and honest; people seem hungry for honesty, and this has the appearance of what they need at just the right time.

Is a film great because it merely fulfills? I hope many people think not, and dream that this film moves down the list to be replaced with more intelligent efforts."
"1784280955-117","https://www.imdb.com/title/tt0111161/reviews/?ref_=tt_ov_ql_2","A very good film, but it's not Papillon","dwassmann","Nov 3, 2006","I really liked this movie, which I just recently saw for the first time, strange indeed since it is more than 10 years old. It reminded me, naturally I would say, to Papillon, the 70's McQueen/Hoffman classic.

I like the story, the acting, basically everything, and I definitely recommend it to everybody. But compared to Papillon? There are so many similarities that one has to think that idea of the movie did not came out of the blue. Because of that the movie has to accept to be compared with Papillon. And Papillon is simply even better. It is emotionally much more touching, and when even Freeman's great performance doesn't match Hoffman's, there is no doubt that Robbins is not close to McQueen - in that role I mean! Tim gave a great performance but his role didn't give him the chance that Steve had.

Anyway, a joy to watch. But please watch the ""original"" too, it's not old-fashioned at all! I can only guess, but I think the huge differential of 9.1 for SR and 7.9 for Papillon is because most young people have never seen Papillon."
"1784280955-118","https://www.imdb.com/title/tt0111161/reviews/?ref_=tt_ov_ql_2","Too flawed","kevjfarrell","Aug 8, 2015","This movie is a total piece of manipulation. It does have a few redeeming features though - Morgan Freeman's narration all through is pure art!!! This guy acts with his mouth!!! As a piece of fiction it has some merit and I can see why many people would enjoy it. But to be classed as one of the best movies of all time - really? C'mon!!! Certainly the portrayal of the brutality of the guards during those times I would say is fairly realistic.

The one part of the story where an old timer gets released does ring true. There are many people like that who are totally institutionalized and do not have the skill to survive on the outside without a good support network in place.

This is a movie for those people who like everything laid out perfectly for them and doesn't require any thinking. Personally I like a bit more depth and reality.

I don't want to put people off seeing it - it should be watched once. But for me the flaws outweigh its redeeming features."
"1784280955-119","https://www.imdb.com/title/tt0111161/reviews/?ref_=tt_ov_ql_2","A movie to fuel one's life.","jcpixiemedia","Apr 5, 2021","""Hope is a good thing, maybe the best thing.""said Andy.

I've been told a couple of times this movie is a must-watch before I die. A movie with almost all actors, and in a prison, is a bit masculine to me. Yet I occasionally read it on Wikipedia and also saw that in Netflix by chance, I gave it a go.

On the ground of some personal experience I could feel how Andy feels. This movie is about persisting faith of oneself and of life, even for those serving lifetime sentence.

""Get busy livin' or get busy dyin'"" is the best quote. If you are in search of a powerhouse movie, this would be the choice.

I am from Hong Kong, I would also recommend ""The Greed of a Man"" (a Hong Kong drama) and ""Itaewon Class""( a South Korea drama). The male lead achieved their lifetime goal spending long enough time like Andy. We all know they are fictions, but so what? Just learn the message."
"1784280955-120","https://www.imdb.com/title/tt0111161/reviews/?ref_=tt_ov_ql_2","Classic","dickinsonjason-34081","Aug 30, 2020","This Is Such A Classic And One Of My Favorite Movies Always Loved Watching This Movie"
"1784280955-121","https://www.imdb.com/title/tt0111161/reviews/?ref_=tt_ov_ql_2","Hope Springs Eternal:Rita Hayworth And The Shawshank Redemption.","morrison-dylan-fan","Mar 9, 2006",""
"1784280955-122","https://www.imdb.com/title/tt0111161/reviews/?ref_=tt_ov_ql_2","Number two?  Fine by me **** (out of ****)","jaesboxer","Sep 11, 2003","I have long viewed the Shawshank Redemption as the most underrated film of all time.  That isn't to say that it wasn't universally acknowledged by the movie-going public as a great movie, but in terms of awards, critical acclaim, and best ever lists, this has somehow kept on losing out.  Now that I see it has the number two position, as voted by the movie-going public, on probably the most accurate best ever list in the world (AFI be damned), I am eminently pleased.  There is no way Forrest Gump should have won best picture over Shawshank.  Certainly, Forrest Gump is a charming, well-acted film, but it is nothing compared to this.  Morgan Freeman excels, and Tim Robbins turns in his best performance.  If you haven't seen this masterpiece, get up and rent it immediately."
"1784280955-123","https://www.imdb.com/title/tt0111161/reviews/?ref_=tt_ov_ql_2","Richly human, uplifting","Bob Pr.","May 4, 2012","Deservedly ranked at the top of IMDb's all-time best 250 films ever.

The casting is superb: Morgan Freeman is ""Red,"" a wise observer of people and an entrepreneur inmate who's made ""connections"" so he can get contraband to other inmates for a price; he's under a life sentence for murder. Tim Robbins is ""Andy,"" a smart banker and accounting whiz who was sentenced to 2 life terms for killing his wife and her lover (which he--like most other inmates, say they're not guilty of). And Bob Gunton is ""Warden Norton"" who, when we first meet him, is touting the virtues of Bible reading and strict discipline. While, fortunately, I've had no first hand experience, ""Shawshank"" certainly gives the feel of authenticity of prison life and its society.

A long movie, most of it takes place inside a semi-corrupt state penitentiary in the late 1940s. ""Red,"" in talking his thoughts out loud to himself, becomes our narrator for many developments. As the story unfolds, increasingly we come to see Andy as a person with strong personal values which he upholds in the most difficult situations. And in Andy's work for Warden Norton, we also increasingly find the warden as morally his opposite: selfish and fundamentally lacking decent moral character--all show and appearance and with no integrity, substance.

In Roger Ebert's first review (of his two) of this movie, he said: ""....the film is an allegory about holding onto a sense of personal worth, despite everything....the word redemption is in the title for a reason...."" Most viewers will agree."
"1784280955-124","https://www.imdb.com/title/tt0111161/reviews/?ref_=tt_ov_ql_2","prison escape","sefa-kayabasi-739-747500","Jul 16, 2013","This film manages to redeem Hollywood in the eyes of people who feared it long lost in a dark sea of clichés and predictability. Darabont shows us that artists still work in the Hollywood studios and production facilities. These artists show their capability to produce art; real art that inspires you to look at the deeper aspects of life and the world around you. The Shawshank Redemption delivers much-needed breath of fresh air for anyone who realizes the capability of film. It proves that masters of the craft still live on this earth, and still bless us with timeless masterpieces that we will never forget.These artists show their capability to produce art; real art that inspires you to look at the deeper aspects of life and the world around you..."
"1784280955-125","https://www.imdb.com/title/tt0111161/reviews/?ref_=tt_ov_ql_2","Salvation lies within....","FlashCallahan","Oct 2, 2014",""
"1784280955-126","https://www.imdb.com/title/tt0111161/reviews/?ref_=tt_ov_ql_2","Very Cool!!!","Nuncio","Aug 6, 1998","Since I bought (a lot of years ago) a videotape with two Stephen King's short films, one of them ""The Woman In The Room"", directed by Frank Darabont, I had the strange sensation that this guy could very well become one of the good directors in the filming industry... and here we are, with another King's story he managed to do one of the best films in this decade (90's), of course, with the help of nonetheless but mr. Freeman and mr. Robbins, who could have spoiled it?"
"1784280955-127","https://www.imdb.com/title/tt0111161/reviews/?ref_=tt_ov_ql_2","Help me!","Rodwac","Feb 28, 2002","What's going on here? At the moment I am writing these words The Shawshank Redemption is 3rd in IMDb's all-time top250. I don't think the movie is particularly bad, but to rank it even in the Top50 is a crime against a lot of brilliant film makers further down the Top250 and even more people whose works don't even appear on the list!

So now I ask if anybody can please explain to me: 1) Why is this movie's average rating over 9? Does it appeal to some basic American sense of justice and love of happy endings? 2) Why did more than 65.000 people rate it? I'm pretty sure it wasn't nearly as commercially succesful as The Lord of the Rings or the Godfather with about 50000 votes. Did it do well on video in the US?

And if you REALLY feel like watching movies about people behind bars why not give Cool Hand Luke or the 1974 classic(!) Caged Heat a try?

I don't mean to demean The Shawshank Redemtion or anything, but I just don't get it's massive rating. Is this one of the most overrated movies of all time? Well, according to the statistics of this, the odds are that you do not think so. But would you then please be so kind as to explain it to me. Feel free to email me."
"1784280955-128","https://www.imdb.com/title/tt0111161/reviews/?ref_=tt_ov_ql_2","Overlong, Overblown and Over-rated","richard-mason","Sep 3, 2002","Come on guys! According to the IMDb Top 250 THIS is the second best film EVER!! Better than Citizen Kane? Better than Godfather Part II? Better than ALMOST EVERYTHING?!?!

No, it's a very, very long, very, very predictable, very, very cliched, very. very old-fashioned and sentimental film, blessed by some good performers (especially James Whitmore, who, alas, does not figure prominently enough.)

It worries me that many of the comments  here seem to think the film artistically transcends the usual Hollywood fare, when in actual fact, it wallows in all the conventions of its genre.

I give it 6/10, mainly because I like Tim Robbins and Morgan Freeman.

The only people who could mistake this for a Great Film, would be those who mistake the works of Stephen King for Great Literature."
"1784280955-129","https://www.imdb.com/title/tt0111161/reviews/?ref_=tt_ov_ql_2","Hope!!!","sundaram-sunil","May 6, 2011","I watched this movie for the umpteenth time probably last Sunday and how much I loved it yet again!!! A movie I would never ever get bored of and definitely, one of my all time favorites. A simple yet wonderful story about HOPE!!! HOPE – One word that drives all of us and gives us reason to live. We push ourselves through our mundane lives in the hope of achieving / finding something that we dream of. In the words of this movie's protagonist – ""hope is a good thing, maybe the best of things, and no good thing ever dies""!!! Superlative performances by Tim Robbins and Morgan Freeman.

A must watch if you haven't!!!"
"1784280955-130","https://www.imdb.com/title/tt0111161/reviews/?ref_=tt_ov_ql_2","The shortest long movie I've ever seen. Kept me wanting more and more, minute by minute.","Zaitzev","Dec 20, 2002","At first, before starting the movie, I thought ""Sounds like a typical prison riot and break-out kind of movie"". At the beginning of the movie, my thoughts was even more convincing. A large prison (Which immediately reminded me of the movie ""The Last Castle"" from 2001), housing people of all sorts, having it's guards, warden and of course, the inmates. The typical inmate; Roughneck, hard on the outside, broken on the inside. And they all claim their innocence, as an internal joke sort of speak.

It gets to a point where I started comparing it with others. That proved wrong in quite a short while, from the point where a prisoner, framed for murder of his wife and her lover, is being convicted and sentenced to life in prison. His name was Andy Dufresne. In short terms, a straight-up bank employee, excellent with numbers and taxes, which he also uses to benefit within the walls of the prison. His reputation as a numerological genius spreads out, and soon all kinds of people, inmates and guards, are coming to him for financial advice. He builds up a library, he maintains a strict surface. He has his hobbies, to keep his mind busy (as said in the movie). He carves chess pieces out of stone, using an axe as the tool. Seemingly, this is a nice and lucrative hobby, but underneath it all, he has a secret...

The movie keeps the viewer thrilled and excited, because in every minute, something could happen. The dialog is good, Tim Robbins and Morgan Freeman, both great actors, shows and outstanding play. The crew really did good work on the set, the right camera angles, the light, sounds and so on...it was almost like I could smell the prison!

A brilliant movie. Not too short, not too long. It's worth every minute watching! My highest recommendation for those who like drama, action and humor."
"1784280955-131","https://www.imdb.com/title/tt0111161/reviews/?ref_=tt_ov_ql_2","Perfection!","brentn","Feb 14, 2021","Andy Dufresne (Robbins), a well educated banker, is wrongfully convicted of killing his wife and her lover and sentenced to life in prison at Shawshank Penitentiary. This movie follows his life as it falls apart and he succumbs to living as an inmate surrounded by hardened criminals and a strict bible thumping warden with his henchmen prison guards.

Saw this movie years ago and was absolutely stunned. This film is a genuine masterpiece and probably the greatest movie ever made. Tim Robbins and Morgan Freeman are amazing and just steal the show as convicts turned best friends. The movie is perfectly paced with very real characters and emotions that are all captivating. The prison itself is very authentic and the set pieces are very realistic which captured the prison environment better than any other prison set film except for maybe Escape From Alcatraz. Even as a hard drama this movie is never slow or boring or dry it is simply just that good."
"1784280955-132","https://www.imdb.com/title/tt0111161/reviews/?ref_=tt_ov_ql_2","A CLASSIC","ben2104","Oct 13, 2018","This film will stand the test of time 
And it will remain one of the best films ever made

Please do not remake this gem 
It must be left alone..

Superb"
"1784280955-133","https://www.imdb.com/title/tt0111161/reviews/?ref_=tt_ov_ql_2","The greatest movie ever made and to be made","Dessitta","Dec 23, 2006","The Shawshank Redemption is a story of life itself. It is not about a person in prison, it is about the soul and the battle it accepts and carries on to deserve the life it has been given by God. I watched the movie for the first time some months ago. That evening I was about to go out with some friends but out meeting was canceled and I had to stay home. Being unhappy about that, I started watching the movie on the TV just by chance, not knowing about its existence before that at all. At first I was skeptic, I admit that. But oh God, at the end of it I was screaming and jumping in my room at 1 AM! It gave me so much emotions and so much hope, I had never felt before that. I could hardly believe that a movie could make me feel that way - so excited, so happy about my life, leaving me believing so much in my own self. It is a great story of what the strength of your thoughts can make you do. In The Shawshank Redemption desire does not make you weak, just the opposite - gives you wings to fly away from fear, fly closer and closer to freedom. Morgan Freeman's voice is just another advantage that makes the movie even more impressive. Tim Robbins' act is just beyond perfection! I bought the DVD this summer and every time I feel weak or just bad about something, I watch the movie. It has become my personal shrink, making me feel strong enough anytime I watch it. Can never imagine a better movie made anywhere in the world even after 1000 years!"
"1784280955-134","https://www.imdb.com/title/tt0111161/reviews/?ref_=tt_ov_ql_2","Compensatory Incarceration...","Xstal","Sep 4, 2022","What would you do, if the world came down on you, wrongly sentenced for a crime, that will take all your life's time; you're quite gentle and quite shy, don't feel the need to shout or cry, so you take it on the chin, accept the view, and settle in.

Then distractions take their toll, incarceration's in control, prison guards dealing in pain, fellow cons who can't refrain; new friends help, you're not alone, surrounded by these walls of stone, movie pinups play their part, to lift spirits and keep good heart.

Soon the governor fills his tills, make's the most of all your skills, he's an unforgiving kind, but there's money to be mined; you disperse what you collect, keeping covered all aspects, knowing channels have been primed, and overwhelmingly begrimed.

Perpetually entertaining stuff."
"1784280955-135","https://www.imdb.com/title/tt0111161/reviews/?ref_=tt_ov_ql_2","Highly Overrated But Only Good","kaushalkrushnakantraj","Jun 28, 2022",""
"1784280955-136","https://www.imdb.com/title/tt0111161/reviews/?ref_=tt_ov_ql_2","Without a doubt one of the best movies of all time","aaronmaclellan","Jun 18, 2011","When I saw that the Shawshank Redemption was #1 on the top 250 movies of all time, I thought ""Yea, I could understand that"". I don't necessarily agree that it's absolutely the best, but it is so good that it makes sense that a forum of popular consensus for film rankings would rank it at the top.

It is the story of Andy Dufresne, played by Tim Robbins and his time at Shawshank Prison. It is a perspective of what it is to be human and to have hope for the future even in the face of insurmountable adversity. 

It's funny, because I don't really think that any one particular thing stands out as spectacular. The performances are very good, but nothing really noteworthy. The characters all serve the story beautifully, but none of them really stand out from the others. Frank Darabont is great, the shots are exactly what they should be. Almost the entire film is shot at the prison, adding to the feeling of isolation and routine.

And yet, we are captivated from the outset. Morgan Freeman could read a Sears catalogue and I'd pay to hear it, his narration breathes life into every scene that it's spoken over. The real beauty of this film is it's story, mostly about Andy and Red (Robbins and Freeman), but it's the way that each character contributes symbiotically to the development of the story that is the absolute mastery. 

Stephen King's novella ""Rita Hayworth and the Shawshank Redemption"" was the short story that was used as the basis for the film and it serves as evidence that King is not just a master of horror, but a true literary genius. Sure, he doesn't use as many fifty cent words as histories other great masters, but does anyone tell as good a story? King always gives his writing such distinct atmosphere and energy that you can't help but get swept away. The Shawshank Redemption is no different. 

If there is a film by which other films should be judged, this is as good as it can get. Powerful, engaging, visceral, despairing, a masterfully woven dialogue of what it means to be human. It's one of those journeys of the human spirit that just makes you feel happy to be alive.

An amazing story translated beautifully to the screen. A masterpiece, 10/10."
"1784280955-137","https://www.imdb.com/title/tt0111161/reviews/?ref_=tt_ov_ql_2","The best movie ever?","joose90","Aug 24, 2010","Before watching Shawshank Redemption for the first time, I really didn't think much of it. I thought it had probably wrongfully earned the #1 spot here on IMDb, and couldn't be better than The Godfather for example. A movie that was ""cool"" to like, if you will. I could imagine fashion conscious movie-hipsters discussing movies over their glasses of Napa Valley Chardonnay, arguing who liked Shawshank Redemption the most, and which movie by Ingmar Bergman had the strongest metaphorical messages. You get the idea.

I'm sure everything I have to say about the way the movie has been made has been said better in one of the other comments. That said, the reason I'm posting this review is because Shawshank Redemption isn't only a hardcore movie freak's wet dream. While it's brilliantly written, has some of the most fluent acting I have seen and shows the fantastic directing skills of Frank Darabont, you really don't have to be an expert of film theory to appreciate it. It appeals to so many different groups of people, and so many different human feelings at the same time. The ""weaknesses"" it had as it came out (the idea of a jail movie not being compatible with the female population, and the idea of a movie about lifelong friendship between two men not being compatible with the male population) is actually the reason Shawshank Redemption is loved by nearly all: It offers something for everyone.

In my opinion rating something 10/10 is a bit too absolute for anything, but since this is probably the best movie I remember seeing, and my first 10/10, I think I'll let it slide this time."
"1784280955-138","https://www.imdb.com/title/tt0111161/reviews/?ref_=tt_ov_ql_2","The Most Over-rated Film Ever Along With American Beauty","thefailure","Apr 3, 2001","O.K. you've seen the summary and you're screaming ""What kind of sour limey b@!*&%$£ says that about one of the greatest films ever made?"" Well I've got news for you, look again. The Shawshank Redemption is a very good movie, i agree but is it all it's cracked up to be? - no. At first you think ""I feel great - what a feel-good movie!"" One can't help wondering that this film, on closer inspection, is actually unbelievably cheesy. Every other second i was hearing violins about how this poor guy got landed in jail for a murder he didn't commit. It's stereotypical - and you guys who voted 10 bought it hook, line and sinker. ""But what about the great twist?"" O.k., the twist was good but come on...like i said before was it THAT great? Ask yourselves honestly, was that better than The Sixth Sense's or The Usual Suspects? Also, how come foreign films which are far superior to this get no credit? Watch Le Samurai, or La Haine or Todo Sobre Mi Madre. Far more superior."
"1784280955-139","https://www.imdb.com/title/tt0111161/reviews/?ref_=tt_ov_ql_2","Saccharine","faceisonfire","Feb 8, 2003","Why do you like this so much? It steals directly from every other GOOD prison movie I've ever seen: The Great Escape, Escape from Alcatraz, Midnight Express, you name it. Because it allows the hero to be raped it's somehow brave or profound or heaven forbid realistic. Far from it folks. The work of hacks, only the MAIN performances are redeemable. How 'bout that warden, quite a 3 dimensional character that one. As are all the peripherals. Its bad, but in an average hollywood way. Of course it's overblown but it entertains decent enough in that much. Nothing memorable, infact I'd have forgotten it totally if it weren't for the persistant and oh so undeserved praise heaped upon it. But hey if it does it for you more power to you. Just don't talk about it's ""power"" in front of me, I may puke."
"1784280955-140","https://www.imdb.com/title/tt0111161/reviews/?ref_=tt_ov_ql_2","One of the best movies I have ever seen","AS-5","Apr 23, 1999","This movie is one of the best I have ever seen. I first read the book, and I didn't liked it that much, but then I saw the movie. And that's a things that's never happened to me before, the movie was better than the book. It's the other way normally. But in this case, the movie is so much better, I like the end more than in the book. Watch the movie, it is great."
"1784280955-141","https://www.imdb.com/title/tt0111161/reviews/?ref_=tt_ov_ql_2","For the first time the Movie defeats the Book!","mash34th","Jun 17, 2006","As an omnivorous reader movies are always second to books to me. I believe....movie can never defeat the book because while reading book we use our own imagination....and movie narrows down the imagination.....it only allows us to see how the director has imagined the book.

But Believe me...this is not the case of The Shawshank Redemption...which I rate as the best movie I have ever seen.For the first time in history the book(the Stephen King Novella) has been defeated by its movie version.After watching the movie I was crazy about reading the book....I thought wow!the movie is so good...how will be the book!!To tell U frankly,the book is good, but the movie is best.There are some unforgettable scenes in the movie which were not in the book.Some examples are: The scene when Andy locks up the guard and play the opera on the microphone.The narration goes on like..""I didn't understand a single word that Italian lady was singing...but I tell U..for that single second every soul in the Shawshank prison felt free...""The scene just fill my heart with Andy's yearn for freedom...I was kinda shocked when I didn't find it in the original book version.

I can remember another scene.While Andy creates the prison library and starts listing books sent to prison from charity organizations...a fellow inmate tries to read a name on the book...Alexandre Dumas as ""Dumb-Ass"". Andy says....""its not Dumb-ass...its Dumas..and U may like the book..The Count of Monty Cristo...its about a jailbreak.And the category it falls is Fiction"" Then Red says..""Why don't we put it on Educational category?""(Right before Andy listed an engineering handbook as ""Educational"" category).As Count of Monticristo is one of my favorite books, I was hysteric watching this sophisticated joke.This was also not in the book.

This DVD is my favorite gift I give my friends. And after they watch it....they always thank me . Like many other IMDb friends commenting on this movie..I would also like to say..""Shawshank Redemption is the best movie I have ever seen in my life"".Thanx to all."
"1784280955-142","https://www.imdb.com/title/tt0111161/reviews/?ref_=tt_ov_ql_2","Hope is a dangerous thing","osnelgro","Feb 6, 2006",""
"1784280955-143","https://www.imdb.com/title/tt0111161/reviews/?ref_=tt_ov_ql_2","One of the best movies ever made?","stozasumodrakinetu","Dec 29, 2008","Probably yes, acting was good, plot brilliant, I mean Stephen King wrote the book, but it can't match the film. When I sow this movie I thought ""thats it, this is it, best movie ever"". Sure you can find people who didn't like it, and when I ask ""why"", and try to guess what then happened? They just confused themselves, they can say reason why they don't like this movie... When I try to read comments with 1/10 star, I can't find comment with good reasons that could make me realize, that this movie is a bad movie, If there is no reason, then this means, that its the best movie ever made!The only reason people are giving 1 star is that they don't like ratio ""9,2"", they want to do more effect by pull this high ratio down, I really hate them :) Sorry for my bad English language, I live in EUrope, my English teacher is big cow with no knowledge..."
"1784280955-144","https://www.imdb.com/title/tt0111161/reviews/?ref_=tt_ov_ql_2","A melodramatic, motherf***ing masterpiece","Science_Fantasy_Guy","Jan 31, 2006","In this review I'm not going to give a plot synopsis of this film because I'm sure everybody else who has commented on it has. However, I will express the positive effect it can have on the viewer if they let it.

The acting is uncommonly magnificent. Morgan Freeman delivers the greatest performance of his brilliant career as the seasoned life-serving prisoner Ellis Boyd ""Red"" Redding, Tim Robbins holds his own against Freeman as Andy, the central character, James Whitmore's portrayal of the institutionalized Brooks provides the backbone of the story, Bob Gunton is wonderful as the corrupt Warden Norton, and Clancy Brown's commanding performance as Captain Hadley, the sadistic head prison guard, almost makes him steal the show from Freeman.

Frank Darabont's restrained direction of the delicate story is critical for the film to not become sentimental or clichéd, and his beautiful adaptation of the Stephen King story on which the movie is based is a real breath of fresh air. On account of Darabont, the film shows that special effects are not needed to tell a great story in film. As a 17-year-old male, I love special effects movies as much as the next person, but they get boring after a while. Plus many people forget that there was a time in cinema when the blockbuster didn't exist, when they made movies that just told great stories and gave the audience a chance to be uplifted by those stories without the creators having to resort to special effects. I applaud you for having the guts to make a non-commercial film that reminds people of that in this day and age, Mr. Darabont.

SPOILER ALERT! 

As with all truly great films, 'The Shawshank Redemption' is full of scenes that have become entrenched in the public's collective consciousness. There's the scene where Andy plays the opera record over the loudspeaker for all the inmates in the prison, Captain Hadley bashing ""Fat @$$"" to death for crying during his first night in prison (a very powerful scene), Red giving his ""Rehabilitated?"" speech to the board of parole officials, the Warden getting his final judgement, and of course, Andy crawling to freedom through what Red in his narration calls ""500 yards of s**t-smelling foulness I can't even imagine,"", the scene which for me is perhaps the greatest movie scene of the '90s.

END OF SPOILERS! 

I thoroughly recommend this cinematic masterpiece, which has earned its place in my humble top ten films of all time list, to anybody. Whatever gender, age, religion, nationality etc. you are and whatever language you speak, I guarantee it will change your life, or perhaps even save it. Movies like 'The Shawshank Redemption' only come along once every decade, if that. Unforgettable.

10/10."
"1784280955-145","https://www.imdb.com/title/tt0111161/reviews/?ref_=tt_ov_ql_2","Simply Perfect","fossilwwjd","Jan 1, 2006","Like I did a few years back, you might be hesitating about watching this film. The title didn't appeal to me, and neither did the subject matter, so it was only by chance that I started to watch it.

I can only say that the film was a revelation for me and has stayed with me ever since. There are so many dark and hopeless films out there which, whilst they leave an impression, leave the wrong one i.e that there is no hope in life. Watch this film and be uplifted and be encouraged by the message...that there is ALWAYS hope....in any situation.

Please watch this film and the watch it again. It's a great answer to all the cynicism that is out there."
"1784280955-146","https://www.imdb.com/title/tt0111161/reviews/?ref_=tt_ov_ql_2","The Shawshank Redemption","luva1s","Oct 24, 2008",""
"1784280955-147","https://www.imdb.com/title/tt0111161/reviews/?ref_=tt_ov_ql_2","The greatest movie ever!","Keegen","Aug 10, 1998","The Shawshank Redemption is easily my favorite movie of all time. It has every single element that should be looked for in a film. A brilliant script (with the best dialogue ever written), a perfect cast (not one bad performance), and not to mention an original, complex and ultimately uplifting story.

Based on the Stephen King novel, Shawshank Redemption is a delight from first scene to last. The opening is a brilliantly done sequence with Andy's (Tim Robbins) trial intercut with his actions on the night of his crime. This leads to him being taken to Shawshank with one of the best shots ever captured on film, with the camera sweeping from behind the prison bus in the air and diving into the middle of the prison yard. There Andy meets Red (Morgan Freeman) and others, and a gradual friendship begins to develop.

This movie has that certain indefinable screen magic, every line of dialogue spoken has real conviction and meaning, and the performances in this movie are nothing short of magnificent. Tim Robbins delivers his best screen performance ever, as the quietly spoken Andy. Here is a character like no other, so vivid, so real, that you can't help but like him. Morgan Freeman also delivers his best work ever as Red, Andy's friend. Freeman, while playing a different character from Robbins, is also able to give off a quiet dignity for his character. 

The supporting cast is perfect. From Bob Gunton, chillingly evil, but never over the top as to become cartoonish, as the Warden. Clancy Brown, as the prison Guard Hadley is brilliant, as is Veteran James Whitmore, as Brooks, who while given relatively small screen time is brilliant as the lifer con who's sad journey the film details.

There is not a dull moment or poor line of dialogue in this film. Credit first time director Frank Darabont for this remarkable piece of work. He is a director of the future. I still can't believe this was his first movie!, he will find it hard to top this masterful film. Special mention must be made of the music score by Thomas Newman, who has composed a simple, but perfect score for this film. His scoring of the scene with Andy and Red sitting up against the wall discussing their plans for release is nothing short of brilliant, as is the rest of his score.

I encourage everyone who has not seen this to grab it now, as it is surely not only the best movie of the 90's but the best movie of all time.


***** out of *****"
"1784280955-148","https://www.imdb.com/title/tt0111161/reviews/?ref_=tt_ov_ql_2","Overrated sappy drama","stregeria","Jul 30, 2003","Little more than average drama for popular tastes. Predictable,  overly sentimental, and excessively long.

It's a mystery to me that such a mediocre piece of cinematic art is at number 2 in the all time chart! However, predictably it's not in the top 100 more serious 'Sight and Sound'  critics and directors polls that are held every  ten years. Frank Darabont later proved to be no master with his two following films, the second rate 'The Green Mile' and the truly appalling 'The Majestic'. The fact that this pedestrian movie is, in this chart, ahead of the works of  real masters such as Kubrick, Welles, Kurosawa, Fellini and Hitchcock causes consternation."
"1784280955-149","https://www.imdb.com/title/tt0111161/reviews/?ref_=tt_ov_ql_2","Entertaining but still very much a piece of fiction","SimonHeide","Dec 18, 2007","Watching this film made me think about the genre of ""prison""-movies and what the theme really is in these stories. All of them seem to have some common elements; the warden is a psychopath, there is almost always some inmate that is out to get the protagonist in some way, there is the companionship and last but not least the portrayal of the human spirit that will not be broken in the direst of circumstances. And maybe that is what ""shawshank"" wants to tell us; that the strong individual can beat an unfair and cruel system by different means. In this story we have Andy Dufresne who is clever but also able to endure visits in ""the hole"" many times without developing psychiatric phenomena. In this sense I will claim that this movie is just as much a piece of fiction as lets say ""starwars"" is. It is simply not possible to stay sane if you are repeatably treated in a degrading manner and if you live in constant fear. The movie is highly entertaining but should not be seen as a serious attempt to explore human reactions in a prison environment where inmates are treated as garbage. Don't fool yourself on this account. Luke Skywalker is just as real as the character of Andy Dufresne is.

Regards Simon

Ps. When you read reviews that gives max score check to see if the user has made more than one review. If not consider the possibility of a lobbyist. If you agree consider putting this post scriptum at the bottom at your own reviews."
"1784280955-150","https://www.imdb.com/title/tt0111161/reviews/?ref_=tt_ov_ql_2","The greatest movie ever made..!","akele_ker","Jan 23, 2006","The greatest movie ever made..! Period. Pure and simple, it is what every director hope to achieve. The film will keep you glued to your seat if you know what it means.It will bring tears to your eyes. It will make you think how you have lived your life so far...or in fact how you have wasted it. It will teach you the value of freedom which we enjoy without giving a second thought. And it will leave you with a sense of happiness which you will experience only rarely. The performances are simply mind boggling, be it Tim Robbins or Morgan Freeman or countless others. And it is difficult to believe this was the debut of Frank Darabont as a director.If you haven't already seen it... please do, otherwise you are missing something."
"1784280955-151","https://www.imdb.com/title/tt0111161/reviews/?ref_=tt_ov_ql_2","A Sort of Secular Redemption","JamesHitchcock","Mar 13, 2009","The story of this film takes place over a twenty-year period between 1947 and 1967. Andy Dufresne, a young banker from Portland, Maine, is wrongly convicted of murdering his wife and her lover, and sentenced to life imprisonment. (""Shawshank"" is the name of the prison where he serves his sentence). The prison is a brutal place, and Andy is frequently beaten and sexually assaulted by a gang of homosexual inmates called ""The Sisters"". Two things, however, help him to survive. One is his friendship with another convict, Red, who has a reputation for being able to acquire almost any item and, for a price, to smuggle it into the prison. The other is his financial expertise, which he puts to good use, becoming a tax and financial adviser to the prison guards and even the Warden himself. As a reward for these services, Andy is given a privileged job in the prison library and protection from molestation. To avenge their attacks on Andy, the leader of the ""Sisters"" is so badly beaten by the guards that he is crippled for life; Andy is not molested again.

The Warden devises a scheme under which inmates are put to work on local construction projects. The purpose of this is ostensibly to prepare them for life after they are released, but in reality he is exploiting their free labour for his own personal profit, and using Andy's financial skills to launder the proceeds. This arrangement seems to work to Andy's advantage, because of the extra privileges he is granted, but things change when a new young prisoner named Tommy Williams is sent to Shawshank. Tommy has evidence that could secure Andy's release; a former cellmate in another prison has confessed to him that he committed the murders for which Andy was convicted. Tommy confides this secret to the Warden who, fearing that his illegal schemes will be revealed should Andy ever be released, arranges to have Tommy murdered by a corrupt guard.

There is a long history of American prison films, including the likes of ""I am a Fugitive from a Chain Gang"", ""Cool Hand Luke"", ""Brubaker"" and the more recent ""The Last Castle"". (Frank Darabont was later to direct another prison film, ""The Green Mile"", based, like ""The Shawshank Redemption"" on a Stephen King story). Most of these were made with a liberal social agenda in mind, aiming to expose the harsh prison conditions and thereby inspire their reform. ""The Shawshank Redemption"" falls, to some extent, within this tradition; it is made from a basically liberal viewpoint and vividly depicts the brutality of prison life, although the fact that it is a period piece, set several decades in the past, might suggest that social issues were not the filmmakers' sole concern. Perhaps more important are the analysis of the nature of freedom and of the relationship between Andy and Red.

The word ""prison"", from the French ""pris"" (""taken""), merely indicates a place where captives are held, and the authorities, especially in America, prefer to describe many prisons by some more positive term such as ""penitentiary"" or ""reformatory"" which implies their purpose of rehabilitating criminals. Shawshank, a prison where the Warden and guards are at least as crooked as the inmates, has precisely the opposite effect. Andy goes in innocent of any crime and comes out guilty of being an accessory to corruption and fraud. Yet, despite his involvement in the Warden's dishonesty, Andy retains a certain integrity; he refuses to give up hope and refuses to allow himself to be beaten by the system. Although he is in prison he has found a sort of freedom. A key moment comes when he defies the guards to play a Mozart aria over the prison loudspeakers for all the inmates to hear- a reminder of spiritual values even in the harshest of environments.

Red faces a different problem. He fears that he has become so institutionalised that he will be unable to survive freedom, as happened to another long-term prisoner who committed suicide shortly after his release. In prison, his role as the ""fixer"" who can obtain anything, be it a packet of cigarettes, a rock hammer or a poster of Rita Hayworth, makes him the king of the inmates. (These latter two items will play an important role in the plot). On the outside he will be just another ex-con trying to make ends meet in a dead-end job. Paradoxically, he is more free in jail than he will be on the outside. I won't give away the ending, but it involves Andy repaying Red's previous kindnesses by showing him how he can be free in all senses of the word.

The film was not a great box office success when first released but has since acquired a status as one of the classics of the modern American cinema; it has now supplanted ""The Godfather"" as number one on IMDb's Top 250 list. The film would perhaps not be number one on my personal list, but it is a fine one and would certainly be in my top 250, perhaps the top 100. Its two stars, Tim Robbins as Andy and Morgan Freeman as Red, are both excellent. Its initial lack of success may have had something to do with its rather clumsy title. ""Shawshank"" is not a word that will mean anything to the average person (according to one story Darabont was once asked how his ""rickshaw"" film was going) and ""redemption"", except in technical legal contexts, normally has a religious connotation. This is not an explicitly religious film; indeed, in its portrayal of Warden Norton as a sanctimonious, Bible-bashing hypocrite, it can be seen as critical of religion. Nevertheless, the word ""redemption"" is perhaps appropriate in this context, after undergoing the hell of Shawshank Andy and Red manage to find a sort of secular redemption. It may be this message of hope that accounts for the film's continuing popularity. 9/10"
"1784280955-152","https://www.imdb.com/title/tt0111161/reviews/?ref_=tt_ov_ql_2","Compelling masterpiece","bevo-13678","Mar 29, 2020",""
"1784280955-153","https://www.imdb.com/title/tt0111161/reviews/?ref_=tt_ov_ql_2","Not that much good to get the rank 1","tameries","Jun 13, 2020","After ten years, I watched this movie again. I wanted to see whether my thoughts will change or not, because ten years ago I did not understand why this movie is at the top. Still, I think it should not be even in top 50 movies, because nothing is special. Years are passing just like a moment, I could not feel his pain or hope. In one scene, he wants something than bum it is happening. Again, for one scene his situation is so bad, than guess what happens? After just 30 seconds, he is good. So you never go top or down during this movie. My suggestion is it is better to watch this movie without the number 1 expectations.
The best coutes:
""I have to remind myself that some birds aren't meant to be caged."" - Red"
"1784280955-154","https://www.imdb.com/title/tt0111161/reviews/?ref_=tt_ov_ql_2","Beautiful movie","Calicodreamin","Mar 5, 2020","Quite deserving of such acclaim, the acting is superb, the storyline captivating, and the cinematography quite beautiful. The storyline itself was unexpected and I quite enjoyed watching it unfold. Tim Robbins is really incredible in that his character comes off so subtly. And let's be honest, how can any movie narrated by Morgan freeman be bad?"
"1784280955-155","https://www.imdb.com/title/tt0111161/reviews/?ref_=tt_ov_ql_2","one of my absolute favorites!","Amanda-12","Nov 6, 1998","This is definitely one of my favorite movies -- it makes me cry and laugh and ache inside all at once.  Tim Robbins, you make my days a little brighter -- thank you!"
"1784280955-156","https://www.imdb.com/title/tt0111161/reviews/?ref_=tt_ov_ql_2","Delightful to sit through","Morejambo54","Dec 31, 2020",""
"1784280955-157","https://www.imdb.com/title/tt0111161/reviews/?ref_=tt_ov_ql_2","about  freedom","Vincentiu","Oct 7, 2013","a film about freedom. not only because the story has as scene a prison. but for the force and grace and precise of creation freedom of actors and director, ideas and dialogs, whole script and special emotions of viewer. it is a rare film because it represents more than brilliant acting or smart script. it is a homage for basic values and eulogy to friendship. it is representation of a form of revolution who can be considered fruit of a different religious perception. it seems be perfect. and this is key to be more than a good/interesting film but an extraordinary cinema lesson. Red, Rita Hayworth poster and Andy Dufresne. that is all. at first sigh."
"1784280955-158","https://www.imdb.com/title/tt0111161/reviews/?ref_=tt_ov_ql_2","A Good Film Buried Under Unrealistic Hype","karar1","Dec 20, 2025","The Shawshank Redemption is a well-made, respectful film with strong performances and a meaningful message about hope. I understand why many people like it. However, I did not feel the overwhelming emotional impact that its reputation promises. The story is calm, slow, and carefully told, but it never reached the level of intensity people describe as ""life-changing.""

What honestly hurts the experience is the massive media hype and herd mentality around it. When a film is constantly labeled ""the best movie of all time,"" expectations become unfairly inflated. Many viewers seem to repeat this claim because it is socially accepted, not because they truly felt it that deeply.

In my view, it is a good film, not a masterpiece. Solid, respectful, but not extraordinary. 8/10 is an honest rating for me."
"1784280955-159","https://www.imdb.com/title/tt0111161/reviews/?ref_=tt_ov_ql_2","Sometimes, we all just don't agree.","lambiepie-2","Dec 25, 2003","Last week, I had seen ""The Lord of the Rings: The Return of the King"" and I feel it is one of the best movies ever made, especially in these hard to entertain folks at the movies for $10 a seat times. I couldn't understand how some, as minority as their voices were, could not like that film.

That was until I decided to sit down and write how I feel about this film.


In the 9 years since it has come out, I have attempted to watch it 12 times. Three of those times, I slept through it. I finally took some extra caffine Coke and gave it a twirl -- twice. Sorry, I just didn't warm up to this film. Robbins and Freeman's acting was good, but I guess the story wasn't original -- or surprising to me. I just didn't care about these guys, nor anyone else. It's prison. The guilty as well as the innocent are there -- I get that concept. Sometimes you're released after serving time, sometimes you're not. You make friends...fine. I dunno, kinda reminds me of 4 years of High School or college I guess. I just don't care about those folks no matter what we all did together once I got out, which is why I just didn't care about these and wondered why they should. Move on. Thanks for sharing. Snooze.

First I thought, I might not be a big ""prison"" entertainment fan, but then I remembered one of my favorite films is ""Birdman of Alcatraz"" (which I thought much from this film owes homage to), I really fell in love with ""The Green Mile"" (which was more on King's level than this) and I actually sat through a few seasons of HBO's ""Oz"" which was gritty and scary, to say the least. I give everything a chance, in fact -- several chances. But sometimes not all things appeal to all people. For me, this was one of them. (If you're wondering, ""Reservoir Dogs"" is another.)

The point is...as I was going to write awful things to those few folks who didn't like ""The Lord of the Rings: The Return of the King"", I find myself here at ""The Shawshank Redemption"", and now I am able to stand where they were -- for a moment -- in the minority.

All things are not wonderful to all people.

And that's....a good thing."
"1784280955-160","https://www.imdb.com/title/tt0111161/reviews/?ref_=tt_ov_ql_2","Best of all time!!!","kysersoze-1","Jul 3, 2010","This is the best movie I have ever seen. In a way I feel I am in a prison of life myself. Restricted to doing certain things. Sometimes I get frustrated and feel as I should runaway to some place where I could feel free. I hope and dream for it sometime. This movie just reminds me of my feelings so much. I love Andy Dufresne most in this movie. Although critics say Tim Robbins didn't do enough to express the character but my personal opinion is that he was made for this role.

I can go on and say more but I said the most important thing which I feel whenever I watch it.

I am glad to visit IMDb. I never heard of it before. Some 7 years ago I saw it at no.2 in the rankings and decided to watch it immediately. Only other movie which even comes close to this is Citizen Kane. But that is about past and this one is about hope and freedom.

I give it 11/10."
"1784280955-161","https://www.imdb.com/title/tt0111161/reviews/?ref_=tt_ov_ql_2","A Masterpiece Like No Other","mahdir-32837","Nov 30, 2024",""
"1784280955-162","https://www.imdb.com/title/tt0111161/reviews/?ref_=tt_ov_ql_2","Hope, resilience, triumph","muzotime_UZBEK","Aug 13, 2025","Frank Darabont's ""The Shawshank Redemption"" is a timeless masterpiece that transcends the confines of its prison setting to deliver a profound and deeply moving exploration of hope, friendship, and perseverance. The film, based on a Stephen King novella, is a meticulously crafted narrative that captivates from beginning to end. It's a story of an innocent man, Andy Dufresne, who finds a way to endure and even thrive within a brutal and dehumanizing system. The performances by Tim Robbins and Morgan Freeman are nothing short of iconic, their chemistry creating one of the most compelling on-screen friendships in cinematic history. The film's dialogue is sharp and poetic, and its pacing is masterful, allowing for a slow-burn narrative that builds to one of the most satisfying and emotionally resonant conclusions in film.

Is it a remake of another film? No, it is not a remake. It is an adaptation of Stephen King's novella ""Rita Hayworth and Shawshank Redemption"".

Is it worth watching? Absolutely. ""The Shawshank Redemption"" is a classic for a reason. It's a powerful and beautifully told story that is as inspiring as it is unforgettable."
"1784280955-163","https://www.imdb.com/title/tt0111161/reviews/?ref_=tt_ov_ql_2","Redeeming hope.","reense","Jan 21, 2025","I realise now that the immense praise that Shawshank receives - being number 1 on the IMDb list, nearly universal adoration and a cemented position as an iconic classic - is all completely deserved.

I had been wanting to watch The Shawshank Redemption for a couple years, and once I did it blew me away. I even wanted to watch it again today, just a day after, and relive this movie again and the joy it gave me.

I've gotten used to watching very subpar, modern movies but this was a movie that deeply moved me - it tells the story of a man, Andy Dufresne, wrongly jailed for a crime he didn't commit, and illustrates his life over the next 20 years, and the unforgettable characters he meets along the way. It is a movie about friendship in its purest and simplest forms.

Shawshank is a gem because it makes you think - but about things what will be unique to you: about yourself, life, and what you make of its ephemerality, (or power, corruption and the justice system). It evokes visceral emotion in you: empathy, love: you will root for the main characters and feel a growing bond with them through the 2 hours and 22 minutes, almost as if you are an inmate and a friend in Shawshank yourself; it will make you laugh and make you cry.

The script is genuinely beautifully written, and several times throughout I thought to myself how it often sounded like poetry. Morgan Freeman in particular delivers an amazing, sensitive performance through both his narration and acting, and the rest of the cast are equally as essential and perfect for their characters, with rich visuals and cinematography bringing the camaraderie and encapsulating the mood in Shawshank to life respectively.

This movie will bring you hope, which may be a dangerous thing, but which also may be the best of things - as well as something that we all quite possibly need now, today, more than ever.

Sorry for writing such a long review and thank you for reading. I love Shawshank!!"
"1784280955-164","https://www.imdb.com/title/tt0111161/reviews/?ref_=tt_ov_ql_2","Hi","i-66666-x","Mar 2, 2019","One of the nicest films ever and immortal in memory"
"1784280955-165","https://www.imdb.com/title/tt0111161/reviews/?ref_=tt_ov_ql_2","There is no better movie than this.","hankashley","May 17, 2026","I'm amazed every time I sit down to watch this movie. The dialogue, the narration, the acting. Everything about this movie is absolutely perfect. When it came out to theaters it was vastly overshadowed by Forrest Gump. Gump is a fine movie and deserved the attention it got. But that year passed. In the following years Shawshank earned its due and became the greatest movie ever made."
"1784280955-166","https://www.imdb.com/title/tt0111161/reviews/?ref_=tt_ov_ql_2","The Darabont/King duo always works, one of the best movies ever.","LeonardoOliva69","May 10, 2026",""
"1784280955-167","https://www.imdb.com/title/tt0111161/reviews/?ref_=tt_ov_ql_2","Perfection","alibrahim1","May 6, 2025","The greatest movie of all time.. Just perfection.

Movie is done exquisitely in every detail. Acting, Directing, Cinematography, Score, and Story.

For me it's a perfect movie if you check all these boxes. ESPECIALLY the story!

The story was nothing short of perfect. Didn't leave anything out. Every aspect of the movie left me satisfied.. covered all grounds.

First, Injustice in the legal system which is a widely talked issue.. how Andy had to help himself and get freedom (justice) by himself.

Second, how many people of power abuse religion to their own use. They appear as holistic/religious/angel like.. yet down deep they are frauds who invest in religion to their own benefit.

This point is covered and satisfied successfully (The warden and the policeman got their revenge from andy)

Third, how these people spend their whole life in the institution to the point they know nothing but it. Feel lost. Can't live without it.

Fourth..
in the beginning andy struggled tremendously. Yet with time he had great bonds.. especially with Red. Even with such gruesome environment he was able to connect with someone on a deep lovely level.

He got redemption/revenge on everything... Warden/Guards/The system/his abusers and everything.. lived his life happily in Mexico and did was he always wanted to do.. with his friend

Story really makes you satisfied as a viewer! Didn't let me hanging or anything.. just satisfied

Amazing acting by Tim and Morgan."
"1784280955-168","https://www.imdb.com/title/tt0111161/reviews/?ref_=tt_ov_ql_2","The same old story","xkp","Jul 19, 2000","It is strange that this movie is 2nd in imdb chart, as it is the same old american story, where good people win, and bad guys died. More strange, the USA is still the place where this story must sound more false."
"1784280955-169","https://www.imdb.com/title/tt0111161/reviews/?ref_=tt_ov_ql_2","A Milestone in Cinema History","Archnanis","May 11, 2025","The greatest film in the history of world cinema. There's nothing beyond it, period.

I honestly can't remember how many times I've watched it. I have no idea how many more times I will.

Every single time, it's the same emotion, the same feast.

You watch a film, and your life changes. This is that kind of film.

The most special moments of my life happened while watching this movie.

I grabbed everyone who hadn't seen it by the collar and made them watch it.

It's ten times more effective than any kind of medicine meant to lift my spirits.

This film is also a teacher.

It taught me so much about the concepts of hope and happiness.

I'm glad you exist, The Shawshank Redemption..."
"1784280955-170","https://www.imdb.com/title/tt0111161/reviews/?ref_=tt_ov_ql_2","!!!!!","i-54412","Feb 12, 2019",""
"1784280955-171","https://www.imdb.com/title/tt0111161/reviews/?ref_=tt_ov_ql_2","Triumph of the Human Spirit","MaxPlanckAI","Dec 7, 2024","The Shawshank Redemption is often hailed as a cinematic masterpiece-and for good reason. Adapted from Stephen King's novella Rita Hayworth and Shawshank Redemption, the film weaves an extraordinary tale of hope, perseverance, and friendship, transcending the confines of its prison setting to touch the very essence of the human spirit. It is not merely a film; it is an enduring piece of art that resonates with universal themes, offering inspiration and motivation to audiences worldwide.

A Journey of Redemption:
The story revolves around Andy Dufresne (Tim Robbins), a banker wrongfully convicted of murdering his wife and her lover, and sentenced to life in Shawshank State Penitentiary. In prison, Andy befriends Ellis ""Red"" Redding (Morgan Freeman), a seasoned inmate known for his ability to procure contraband. Over the course of two decades, Andy's quiet resilience, intellect, and unyielding hope transform not only his life but the lives of those around him.

Performances: A Showcase of Talent
Tim Robbins delivers a career-defining performance as Andy Dufresne, embodying quiet strength and unrelenting optimism. Morgan Freeman's portrayal of Red is nothing short of iconic; his warm, introspective narration lends the film its soul. The chemistry between Robbins and Freeman is electric, making their friendship the emotional core of the film.

The supporting cast, including Bob Gunton as the corrupt warden Norton and Clancy Brown as the brutal Captain Hadley, adds depth to the story, creating a vivid tapestry of life within Shawshank.

Themes: Hope as a Beacon
At its heart, The Shawshank Redemption is a story about hope-its power to sustain, transform, and ultimately liberate. Andy's unwavering belief in a better future, symbolized by his escape and the iconic poster of Rita Hayworth, serves as a reminder that the human spirit can overcome even the darkest circumstances.

The film also explores themes of friendship, justice, and institutionalization. Red's journey from a man resigned to his fate to one who dares to hope mirrors the transformative power of Andy's optimism.

Technical Brilliance:
Roger Deakins' cinematography is another highlight of the film. From the claustrophobic interiors of the prison to the breathtaking final scene on the shores of Zihuatanejo, Deakins captures both the despair and beauty of Andy's journey. Thomas Newman's hauntingly beautiful score complements the visuals, evoking a spectrum of emotions-from sorrow to triumph.

Conclusion: A Testament to Cinema's Potential
The Shawshank Redemption is more than just a film-it is an experience, a meditation on life's struggles and the power of the human spirit. It reminds us that redemption is always within reach, and that even in the bleakest circumstances, hope can shine as a guiding light.

This timeless classic reaffirms the transformative power of cinema, making it a must-watch for anyone seeking inspiration, motivation, or simply the joy of witnessing a perfect piece of storytelling.

""Hope is a good thing, maybe the best of things, and no good thing ever dies.""
With that simple yet profound message, The Shawshank Redemption cements its place as one of the greatest films ever made."
"1784280955-172","https://www.imdb.com/title/tt0111161/reviews/?ref_=tt_ov_ql_2","The touch of the deep side of my heart","nobuyuki_shinoh","Mar 2, 2019","This film gave me the maximal inspirations and deeply touched my inner heart as I finally knew how to cope with everything when the whole world goes against you, and the way to get over everything when the god unleash the hell on you. For me, I am now facing the greatest challenge ornament my life as I have to conquer all sorts of difficulties to successfully get the good grades in my university"
"1784280955-173","https://www.imdb.com/title/tt0111161/reviews/?ref_=tt_ov_ql_2","Hands Down one of the Best Movies","kimtulin","May 29, 2022","From the writing, direction, camera, and actors.... this is one of those films that seems almost like you have to watch it over and over. It reminds you never to give up, to figure a way out of your situation, to be patient.... the list truly goes on. Thank you for such an incredible film!"
"1784280955-174","https://www.imdb.com/title/tt0111161/reviews/?ref_=tt_ov_ql_2","The best film ever made!","namashi_1","Apr 9, 2009","'The Shawshank Redemption' is the best film ever made in the history of world cinema! The Best Hollywood Film Of All-Time! A Masterpiece! A cult classic! A legendary Epic! A Film that you moves you, leaves you stunned!

Performances: Tim Robbins is astounding, his careers finest after Mystic River. Morgan Freeman is masterful, his careers finest after Million Dollar Baby. Others are excellent.

'The Shawshank Redemption' is cinema at its very best. My salute to this flick! A true Masterpiece! I just love this film! The most powerful film of all-time."
"1784280955-175","https://www.imdb.com/title/tt0111161/reviews/?ref_=tt_ov_ql_2","The perfect movie?","Susan-6368","May 5, 2025","Even though the subject matter is dark, I consider this the perfect movie. I can't count how many times I have rewatched it, but Shawshank always engages me and keeps me captivated like few other films have. I admittedly have never read the King short story - I'm afraid it will disappoint me - but I probably should. One thing I like most about this movie is the friendship portrayed by Freeman and Robbins; it seems so natural and sweet. I also love that this is a long movie; 90 minutes would not have done it justice. I know a lot of younger audiences complain about long movies due to their short attention spans, but as I said, this movie is perfect as is. Please do NOT remake it!"
"1784280955-176","https://www.imdb.com/title/tt0111161/reviews/?ref_=tt_ov_ql_2","An average film that does not bear repeated viewing","Jakey boy","Oct 30, 2000","Ok, so this isn't exactly a bad film, but it's extremely hard to see why it holds the no.2 position in the top 250 films. The acting is fine, the twist is gratifying (if a little predictable) and some of the shots are fantastic. However, the film is let down by unrealistic dialogue, especially on the part of Freeman's character, who does not seem able to construct a sentence without using a string of metaphors and similes.

The prison warder is a one-dimensional villain with very little allure - we, the viewers, are not credited with much intelligence. Because he is a villain, it therefore follows that he must a be a Nazi, no? Cue references to book-burning etc. Furthermore, the portrayal of Tim Robbins' character as Christ is slightly offensive (check out the shot in which he is shown with his arms thrown up to heaven).

In true Hollywood style, there seems to be about five 'endings' - when we think that the excitement (or otherwise) is over, another sequence is tagged onto the end. Despite some fairly violent scenes, life inside Shawshank seems actually rather appealing - a library, plenty of time outside the cells. This, combined with the film's massive length, means that for my mind, The Shawshank Redemption merits only a 6/10."
"1784280955-177","https://www.imdb.com/title/tt0111161/reviews/?ref_=tt_ov_ql_2","Mystifyingly adored piece of melodrama","thedavidovitch","Sep 23, 2003","That this film ranks as No2 in the 'all time' list on IMDB says a lot for how folks don't watch films from any era before the 90s anymore, for how else could it genuinely sit atop that list? I suppose in an age where everything on amazon gets at least four stars, good subjective criticism is proving harder and harder to find...but really...is this film better than Chinatown? Better than Casablanca? The Third Man? Mean Streets? Withnail and I? Better than Adam's Rib, Singin' in the Rain, Rear Window, Day for Night, Bande a Part, Taxi Driver, West Side Story, Les Quatre Cent Coups, Some Like it Hot, Seven Samurai?

I've seen this film twice, once at the cinema and once on TV as I lie stuffed with Xmas dinner. The first time was mildly enjoyable, the second pretty turgid. Despite the presence of the ever excellent Robbins (though Morgan Freeman phones in the same performance he's given in every film ever since), this film never transcends the humble source of its story - a Stephen King short - and whilst it's a 'nice' tale with a reasonable twist at the end, can anyone else explain to me why such praise has been heaped on this utterly average experience?

And it's not just IMDB. A recent UK Channel Four poll found Shawshank right up there. Perhaps it's the combination of pseudo-harsh prison story and a buddy tale along with the lashings of on the nose humanism that appeals across genders and other boundaries. I don't know. But believe me, if this were the 2nd best film ever made in the world ever, let's just say cinema wouldn't be the popular influence it is today.

Go out there, people. Find the true 'classics', find the films this piece of sentimentalia stole its every beat, every note, every word of dialogue from. And then come back and tell me this is anything other than a hotch potch, a 50s throwback with a 90s sentiment."
"1784280955-178","https://www.imdb.com/title/tt0111161/reviews/?ref_=tt_ov_ql_2","Now here is a classic","lagudafuad","Dec 17, 2012","This suspense filled, dramatic movie rides high on the plain of self discovery, self worth and self preservation; if an innocent man is locked up for two decades with criminals, nothing else will he learn than to be a criminal himself. There is no better movie that I can recommend you to see than this classic Jail Break that stared one of the best supporting actors you will love to have on your side if you are in the lead role of a movie, Morgan Freeman.

Shawshank Redemption was adapted from a Stephen King novella named Rita Hayworth and Shawshank Redemption. Frank Darabont secured the right to make the film from King in 1987, and he worked intensively on the screenplay for a proper adaptation of the movie, Darabont's screenplay writing earned him an Academy Award nomination, in fact the movie had seven Academy Award nominations and won none.

The film tells the story of Andy Dufresne (Tim Robbins) who is a banker who got convicted for murdering his wife and her lover; he got two consecutive life sentences at Shawshank State Penitentiary. At Shawshank Andy befriends a fellow inmate, Ellis Boyd ""Red"" Redding (Morgan Freeman) Red was a contraband smuggler.

Andy also developed a nice rapport with the warden and the other guards helping them with their taxes and also helping the warden in his money laundering operation.

The movie boast of amazing scenery not to add an impressive cinematography, the movie growth and inclusion and exit of characters will make you feel like you are reading a book, the movie has numerous cast, and it is broken into segments each introducing new casts and each building a parallel wall that guides us to the climatic end.

It didn't do well in the box office at all barely making back its production cost, but due to critic's high rating and Academy Award nomination, Golden Globe award nomination and other notable nominations, the movie did well in rental and DVD sales, it is shown regularly on Cable TV, and it has a high following.

Frank Darabont who is the director and screenplay writer also made more of King's books; He directed the 1999 Tom Hanks movie The Green Mile which was a box office success compared to this. The Green Mile is another of King's books that is about a prison, and Darabont also directed the 2007 movie The Mist which is also based on a Stephen King book.

Here is a DVD every home should have.

www.lagsreviews.com"
"1784280955-179","https://www.imdb.com/title/tt0111161/reviews/?ref_=tt_ov_ql_2","perfect","Rena1113","Dec 3, 2022","Amazing movie, that every film enthusiast should watch, beautifull story, characters, plot, cinematography, its an all around perfecvt movie the only downside that i can see is that they spend around 20 years in the prison and look the same throughout the whole movie, but that is just a very small detail that will not tkae you out of the movie and you can enjoyit ver nicely if you don't think about it. Morgan freeman portrays a very good side character as in red that is the figure of reason because andy is new in the prison and needs somebody with experience to guide him through his stay behind bars very good movie that everybody should watch regardless of everything this review means nothing is just had to fill 600 characters take care!"
"1784280955-180","https://www.imdb.com/title/tt0111161/reviews/?ref_=tt_ov_ql_2","Good , But It Is Overrated By Some","Theo Robertson","Aug 12, 2004",""
"1784280955-181","https://www.imdb.com/title/tt0111161/reviews/?ref_=tt_ov_ql_2","Well Worth A Read.","daveisit","Dec 26, 2000","I enjoyed reading Stephen King's short story ""Rita Hayworth And Shawshank Redemption"" from the book ""Different Seasons"" more than watching the movie. However, it's still one of my favourite movies of all time.

It has very few peers, and has to be seen. It is Awesome."
"1784280955-182","https://www.imdb.com/title/tt0111161/reviews/?ref_=tt_ov_ql_2","NOT just a prison movie","Levi-5","Aug 7, 1998","A film about a Stephen King story? Directed by Frank Darabont.  .  .  Who?  Starring Tim Robbins.  .  .  Wasn't he the guy from Howard the Duck?  I admit, only the sublime acting talents of Morgan Freeman took me along to see this movie.  Now the only questions I have to ask are:  Why didn't EVERYBODY go to see this movie?  and, Why didn't Morgan Freeman win the Oscar?  Tom Hanks is a fine actor but, he should never have beaten Morgan.  Once again a Stephen King short story translates to film better than his horror opus'.  Tim Robbins pulls out his finest performance to date, and, Mr Darabont take a bow.  Very rarely are you left with a large smile and warm heart at the end of a movie but, I could have danced as the camera slowly panned back from the beach.  .  .  Perfect."
"1784280955-183","https://www.imdb.com/title/tt0111161/reviews/?ref_=tt_ov_ql_2","A bit overrated, but still an amazing film","Vampenguin","May 21, 2006","It's times like these that almost tempt me to grab Jigsaw off the shelf. It's been almost a month since I saw a film that was flatout bad; the worst review I've given in weeks was a 6/10 to Flightplan. This film obviously didn't break my streak.

I went into it knowing next to nothing, only that IMDb has it ranked as the second best movie of all time, that it was based on a story by Stephen King, and that it took place in a prison. Needless to say, it blew me away. I wont say a thing about the plot, just so that others who've yet to see this film have a chance at the same experience as me. I will say this though: It has some of the most subtle and unexpected twists you will ever see. One in particular stands out above the rest.

Not much can be said about the actors that hasn't been said. Morgan Freeman gives one of the best performances of his career, and even though I've only seen 2 or 3 other Tim Robbins movies, I'm sure the same can be said for him.

Though I don't agree with the multitudes of people that call this the best movie ever made, it was still a very good, very well made, very entertaining and almost heartbreaking film.

9/10"
"1784280955-184","https://www.imdb.com/title/tt0111161/reviews/?ref_=tt_ov_ql_2","Freeman gives it depth","SnoopyStyle","Dec 8, 2013","Andy Dufresne (Tim Robbins) is a banker convicted of murdering his wife and her lover. He always professes his innocence, but is thrown into Shawshank Prison with other lifers like Red (Morgan Freeman).

Director Frank Darabont has made a prison fable out of a Stephen King short story. It is well acted by Tim Robbins and Morgan Freeman. Freeman is especially important as he is the narrator and the POV of the story. It's his lyrical voice that makes this fable compelling. It could have easily been a simple prison movie that rang hollow. Freeman gave the readings depth.

If there is one complaint, it is Andy's claim of innocence. It needs to be shown early on during the trial. Instead, we derived mostly from Andy's demeanor. It needs to be a big declaration at the beginning. When Tommy (Gil Bellows) tells the story, he should include one detail from the trial like the 8 bullets. That way, the audience can get an aha moment. It's a minor point, and overall this is a good prison fable."
"1784280955-185","https://www.imdb.com/title/tt0111161/reviews/?ref_=tt_ov_ql_2","A moving masterpiece.","joe_1994","Sep 13, 2011",""
"1784280955-186","https://www.imdb.com/title/tt0111161/reviews/?ref_=tt_ov_ql_2","Escape from Shawshank","MovieAddict2016","Dec 18, 2003","It is the most basic of all principles of film-making: A story of redemption. This time the story is set inside Shawshank Prison, where successful banker Andy Dufresne (Tim Robbins) is sent to during the 40s, after being falsely accused of murdering his wife and her lover. The jail veteran, Red (Morgan Freeman), sees Andy being forced through the front gates of the jail on his first day of arrival and sees him as a weakling. Red even makes a bet with the fellow inmates that he won't last. He's wrong.

Andy does last, and becomes an inspiration to all of those behind bars. The warden of the jail, Samuel Norton (Bob Gunton), is intent on bringing down Andy and his defiant nature, as all villains always are.

That is the prevailing message, I suppose. The redemption comes two-fold -- Andy is given time to reflect upon his life in Shawshank, and Red (who is obviously deeply moved by Andy's influence) learns a thing or two, going through a cleansing process. We see the gradual change, too -- first Red is the cynical veteran, then the curious insider, then the close friend, then the surprised object of redemption. As strange a title it may be, ""The Shawshank Redemption"" is a worthy one.

At the end of the day, ""Shawshank"" is a good film - but far from a perfect one. I'm not interested in responding to its Top 250 placement with my review (as countless others have done), but the fact that it has been voted into the number one slot is a reflection of how universal its appeal is: it's about as likable and mass-marketed as possible. There's nothing here to really offend or provoke and the film doesn't take enough changes to potentially polarize audiences -- it plays it safe, and in my opinion, a bit too safe. The film's message of hope and redemption is way too heavy-handed, the outcome being a movie that is very simple and easy to digest -- but not really very interesting beyond its surface. It speaks volumes that so many people who have gone through depression often reference this as one of the aids they used for comfort -- it's a movie that pats people on the back and gives them hope and inspiration. 

That's a great message, but if you provide it without any challenge to the audience -- and instead just spoon feed it -- well, for me, anyway, it doesn't leave much of an impact. It's just a well-made but manipulative and self-important film."
"1784280955-187","https://www.imdb.com/title/tt0111161/reviews/?ref_=tt_ov_ql_2","No Redemption from Shawshank","grisez","Oct 22, 2006","The Shawshank Redemption is reasonably well written, directed, acted, and filmed. Yet in my judgment it is a below-average movie. It lacks a real plot, and, while the title promises redemption, nobody and nothing is redeemed. The characters lack depth, and many events are implausible.

No doubt, wardens and prison guards can be wicked people. But those portrayed in this film are so completely perverse that they become uninteresting. Their function is to represent ""the establishment"" and ""authority."" The audience is meant to identify with Andy Dufresne, the main character. While innocent of the murders of which he is convicted, he's hardly an admirable character, and he becomes worse during his imprisonment. He's a clever manipulator who eagerly cooperates in the warden's criminal activities in the hope of profiting from doing so--which he eventually does. The prison also has has a contingent of homosexual rapists, who are called ""not human"" so as to avoid admitting that their behavior is all too human, and very much in need of redemption.

Thus, the film's popularity: it appeals to our tendency to rationalize our own wickedness by comparing ourselves with moral monsters. Unfortunately, serving that function does not make a mediocre film great any more than serving sound moralism does."
"1784280955-188","https://www.imdb.com/title/tt0111161/reviews/?ref_=tt_ov_ql_2","An amazing tale of hope and patience","sm-faiz","Dec 10, 2007","When i rented the movie, i was doubtful, whether to rent it or not. Then i started watching it. From the very 1st moment i was kinda sure, it wud be worthy watching this; and worthy it was. The fascinating performance of Morgan Freeman and Tim Robbins, the direction, and everything puts you in the place of the actors, making you feel the way they felt. This movie doesn't have any dirty romance or impossible actions, rather, it focuses on a greater philosophy - Hope to live when there is no hope, survival -- This is one movie, that will leave you talking about it even many days after watching. I won't say anymore, the rest is up-to you to find out when you see the movie"
"1784280955-189","https://www.imdb.com/title/tt0111161/reviews/?ref_=tt_ov_ql_2","What a movie!!!","mamaramseys","Feb 10, 2008","I totally adored the concept of hope in this film. I love how the director portrays the Shawshank tyrants as corrupt murderers, that's pretty much what they are and serve as the grounds for the escape of Andy. Now Morgan Freeman's got talent, I love that guy he may not be the greatest out there but he is a force to be reckoned with on the set. I loved how he gave the story flavor with his descriptions of characters and perceptions of how life was in lonely jail cells of Shawshank. You know there's a lot more to say about this movie, it's too good too be true. Especially the ending which by the way brought tears to eyes, the most moving scene!!! Overall it was superb and all thanks to Stephen King for putting this in the form of alphabets in the first place. I'm starting to regret not reading any of his novels. And kudos to the director for even coming up with such an idea for a movie."
"1784280955-190","https://www.imdb.com/title/tt0111161/reviews/?ref_=tt_ov_ql_2","One of the greatest movies of all time","Hark_Hark_the_Lark","Jul 28, 2005","The first time I saw ""The Shawshank Redemption"" I was only 12. At the time I was amazed at how a movie could present so much emotion. As I have grown, my taste in movies has also. Still, I rank ""Shawshank"" as my favorite film, the one that I could watch every day for the rest of my life. If you have not seen this film, I pity you. Do not just rent it at your local Blockbuster. I implore you step away from your computer, go out to the nearest store, and buy this movie. Not only do Morgan Freeman and Tim Robbins give performances that will make you question your humanity, but you will most definitely learn something that will benefit you as a person. So, if you are yet to see this film, you must (in the words of Andy), ""Get busy livin', or get busy dyin'."""
"1784280955-191","https://www.imdb.com/title/tt0111161/reviews/?ref_=tt_ov_ql_2","A favourite film","allowallo_135","May 17, 2007","When i watched this film i thought now whats this going to be like? After watching it i thought it was a brilliant film,fantastically acted with greats like Morgan Freeman and Tim Robbins and Bob Gunton. Very realistic and definitely one of my absolute favourites of all time. At the end it made me cry and thought about life. Every time i watch it the film brings a tear to my eye. Fantastic film and worth watching,it's really realistic film and another one of stephen king's great stories, a story of hope and many people who have watched will say the same thing - if you haven't seen this film already then watch it, it is brilliant, just brilliant!!

be prepared to be moved, it's such a breathtaking journey for the whole two hours. A truly lovely magical film, my favourite of all time fantastic"
"1784280955-192","https://www.imdb.com/title/tt0111161/reviews/?ref_=tt_ov_ql_2","What a touching movie !","rdvnyrtsv","May 24, 2012","It is really amazing movie i have ever seen in my lifetime. The cast and the story of the movie are really successful. Andy is a passionate character, and he is convicted of murdering his wife and her lover despite his claims of innocence. It is so touching to spend almost two decades in the prison. Old-fashioned prisons in the 90s are full of bad guy who don't expect anything from the life. And , they don't think how we escape here. However; Andy with his close friend in the prison , Red , tries redemption from this prison, by the time , Andy tries to do beneficial things for people in the prison not to attract attention. It is unbelievable that they escape from this prison. But , Andy approaches to place of exit. It is actually amazing , it is really incredible. They go to their dreams to live a peaceful and quiet life. Also; Andy prepares a trap for the chief of the jail. After the redemption , they become free anymore. It is really an amazing movie. Easily one of the best movies made during the 90s and definitely one of the top 'prison' movies of all-time. Pretty much everything about this movie works and works extremely well!"
"1784280955-193","https://www.imdb.com/title/tt0111161/reviews/?ref_=tt_ov_ql_2","Really good adapted screenplay but that's not enough to being the top rated movie of all time.","EVON1TY","Jul 1, 2019","Storyline is really good so it's a story from Stephen King's book, how can be bad? But that's not enough to be the top rated movie of all time.

But people are confused about something. That thing is this movie is not the best movie of all time, it is the highest rated movie. That makes it doesn't matter your age or gender or what genre you like, you'll like this movie. Yes, it can be your favorite movie but objectively I won't trust your opinion on movies that much.

The movie has really good acting and screenplay and these are the most important things in a movie. Also Costume Design and Set Decoration is really good. But this movie average quality of Cinematography, Scores and Sound Effects. Okey maybe that scores or cinematography is not bad but we are talking about the top rated movie of all time. The Green Mile is directed by same person, Frank Darabont. And that movie has amazing Screenplay, Film Editing, Acting Cinematography, Makeups, Costumes, Art Direction and Set Decoration. All of them are really good, just scores are average. But as I sad in this movie we don't have amazing Cinematography, Film Editing, Original Scores..."
"1784280955-194","https://www.imdb.com/title/tt0111161/reviews/?ref_=tt_ov_ql_2","If other people would rave about it less, I'd rave about it more","Spleen","Mar 7, 2000","The redeeming feature of this film is that it was made in innocence. Darabont had no idea he was making anything profound.  And he wasn't.  This is a film about a prisoner who ... well, I can't give away the plot, for it's much better to come to the screen in ignorance; but anyone who thinks that this is a story about how Andy `finds out the truth about himself', or is in any way `redeemed', is grasping at straws.  These elements play so little role in the overall structure that we might as well ignore them.

I have a theory: so many people have told Darabont that `The Shawshank Redemption' was a profound life-changing experience that he believed them, and then SET OUT to make another `profound, life changing experience' with `The Green Mile', with predictably ghastly results.  I haven't seen `The Green Mile' yet, so I can't be sure.

Don't get me wrong.  A great movie needn't be profound, and the film which I think is the best ever made isn't profound, either - it contains no comment at all on the Nature of Human Existence or anything of that kind.  Still, `The Shawshank Redemption' isn't even great.  It's a very good story very well told.  Lucky we get such nice photography, rather than having to put up with Stephen King's prose every step of the way ...  Also, Tim Robbins has the lead role.  (Lucky, again, that it wasn't Tom Hanks - now THERE'S a frightening thought.)  Nobody can do the bewildered but intelligent innocent so well as he can.  Fans make such extravagant claims about this movie, but I don't think it makes such extravagant claims about itself, which is why it works so well."
"1784280955-195","https://www.imdb.com/title/tt0111161/reviews/?ref_=tt_ov_ql_2","Overrated","sherryiq","May 29, 2021","Absolutely the most movie overrated i have seen ..
There are movies that deserve this rated and have not been talked about.. As for this movie, it is worth watching, but it does not deserve this rating."
"1784280955-196","https://www.imdb.com/title/tt0111161/reviews/?ref_=tt_ov_ql_2","Ridiculously Overrated","sirspeedy03","Oct 30, 2005","This film should barely scratch out a spot in the top 250, let alone be one of the top ranked films of all time. It is rather dull, extraordinarily predictable, and filled with clichés. This is not even the best prison film, let alone #2 among all films! Cool Hand Luke or Papillon anyone? I'd give it a 7-8/10 (Freeman & Co. do not disappoint), but someone needs to bring down this bloated rating. The film is little more than a rehashing of conventional sentimentalism painted in prison stripes and sold in bulk to a (apparently) gullible audience. Help bring this down to a reasonable position so that more deserving films can attain their proper recognition."
"1784280955-197","https://www.imdb.com/title/tt0111161/reviews/?ref_=tt_ov_ql_2","Blatantly Simple, yet Utterly Beautiful","conyemenam","Jun 1, 2010",""
"1784280955-198","https://www.imdb.com/title/tt0111161/reviews/?ref_=tt_ov_ql_2","Awesome movie - The Shawshank Redemption (1994)","comercialcleaning70","Jul 15, 2013","It's very rare that you find such diversity in a movie now days. I like the story and it's concept.A thumping good ode to friendship, hope, wit, wiles and wisdom, brimming with crackling characters and topped with the most twister of twists since ""The Crying Game."" The Shawshank Redemption is a powerful and uplifting, not to mention Oscar-worthy film. In 2006, it was ranked as the greatest film ever by Empire, a film magazine. The year it came out it was nominated for 7 academy awards but did not win a single one because of a movie you may all remember, Forrest Gump. It's the no-bull performances that hold back the flood of banalities. Robbins and Freeman connect with the bruised souls of Andy and Red to create something undeniably powerful and moving. Some of ""The Shawshank Redemption'' comes across as outrageously improbable. Yet the film keeps pulling you back with its sense of striving humanity slowly turning the tables against evil."
"1784280955-199","https://www.imdb.com/title/tt0111161/reviews/?ref_=tt_ov_ql_2","The BEST movie ever made.","pristineview","Feb 4, 2006","Emotion, hope and justice all blend perfectly in this film. Quite simply, no other film comes close to this one in regards to screenplay, casting and plot development. No spoilers here - just a comment on a movie that can still move you to tears even after multiple viewings. Morgan Freeman delivers the performance of a lifetime. Everything else comes together in perfect harmony. This movie came out the same year as Forrest Gump which won the Oscar for best picture - Forrest Gump is a great picture but this one really deserved the ""cake"". Tim Robbins is AMAZING as Andy, and he supported brilliantly by a cast that one could only hope to see assembled again. This is one of those rare occasions where the movie actually surpasses the book for drama, suspense and flow. If you haven't seen this film, please do yourself the favour and watch it. I know you will not be disappointed!

""Get busy livin'"""
"1784280955-200","https://www.imdb.com/title/tt0111161/reviews/?ref_=tt_ov_ql_2","just great","paede23","Feb 7, 2005","Thanx to everybody who helped to put Shawshank back to rank 2 in the top 250, in front of LotR3, where it belongs. I've seen this movie about 20 times and I never get tired of it. That's what makes a movie the best. The first 2 in the top 250 are where they belong. The 3 LotR-movies should be out of the top 10. They should create a category for special effects. Put them on top there. But for a great movie it need a lot more then effects. The story of Shawshank is absolutely great. The actors did their best. It's still a shame, that this great movie didn't got a single Oscar. It could have win the best picture in most years against all winners."
"1784280955-201","https://www.imdb.com/title/tt0111161/reviews/?ref_=tt_ov_ql_2","This Movie Saved My Life.","bmfj","Oct 9, 2005",""
"1784280955-202","https://www.imdb.com/title/tt0111161/reviews/?ref_=tt_ov_ql_2","Excellent Movie, But Not ""Greatest of All Time.""","jbartelone","Feb 17, 2008",""
"1784280955-203","https://www.imdb.com/title/tt0111161/reviews/?ref_=tt_ov_ql_2","#2 in the TOP 250 is right!!!","LucianoML","Mar 17, 2006","I saw this movie for the first time a year ago. In those days I was browsing the IMDb when I saw this movie ranked #2 in the top 250. That was very weird for me because I never heard about ""The Shawshank Redemption"" before. So I decided to go and rent it immediately. After watching the movie I was positively surprised. Definitely this is the best movie I've ever seen. The story, the direction and the cast (Specially Tim, Morgan and Gil Bellows) are perfect! The Shawshank Redemption really deserves that spot in the rankings. This movie is a ""must see""! Thanks IMDb and all IMDb users for the top 250 and the wake-up call!"
"1784280955-204","https://www.imdb.com/title/tt0111161/reviews/?ref_=tt_ov_ql_2","life movie","king_abdh","Nov 19, 2006","this an incredible film this movie was make feel the happiness this unbelievable 20years dug in the jail without no body know and abbreviation this is a great movie and this is form a few great movies you will see it in your life and is to be enough the writer was the greatest writer in the world Stephen king Tim Robinson give all he have in this film and Morgan free man he give unforgettable part in his Lief and how was believe the bad and strong officer at the end crying and they take him to punshid him above he did and Tim Robinson pushed the administrator of the jail to suicide after he take all his money this movie i will can't forget it for along time he will be in my memory for ever"
"1784280955-205","https://www.imdb.com/title/tt0111161/reviews/?ref_=tt_ov_ql_2","Once in a lifetime movie","subodh-yadav","Feb 28, 2005","An excellent movie that can surely move you a bit. It throws open the question that can we really have prisons which are redemption centers in the true sense. At the same time, it redefines the word criminal. Are the heinous acts committed by administrative authorities justifiable by any means. There should be a code of conduct for the authorities and a HOLY PRISON MAINTENANCE BIBLE if any reformation has to take place. The movie goes through several touching incidents and may bore you a bit if you rarely sees serious touching movies and are fans of slick sci-fi thrillers moving at extraordinary pace like Matrix etc. However the exceptional acting by lead stars particularly by Morgan Freeman and the picking up of the tempo in the second half will leave you gasping for more. After Citizen Kane, Casablanca & Godfather, it is another classic that will stay in the echelons of the movie rating lists for long. There are a few weak points though. There was insufficient attention given to some characters and movie portrays just one side of the whole story not remaining fair to the prison authorities. And finally if it was told in a non-linear tale then it would have been much more interesting"
"1784280955-206","https://www.imdb.com/title/tt0111161/reviews/?ref_=tt_ov_ql_2","Ho hum....","obadiah","Feb 11, 2002","I can't say much more than I was incredibly underwhelmed by this film. Perhaps it was that I had been told what a great film it was by all and sundry, but I found it utterly average.  I am afraid I just didn't get what was so fantastic about the movie.  Don't get me wrong it was an entertaining film but not the masterpiece I was lead to believe it was. Sorry."
"1784280955-207","https://www.imdb.com/title/tt0111161/reviews/?ref_=tt_ov_ql_2","Over rated","v_goggo","Jul 23, 2003","The Shawshank Redemption is with out a doubt one of the most over rated films of the 90s.  There have been many intriguing prison movies over the years, Shawshank is not one of them. Instead it's sentimental slop served to uplift the souls of the American people.  There is never any sense in the film that Tim Robbin's character is in true danger.  If the film wanted to show the true horror of prison maybe it should of been far more darker, instead of inspiration. Morgan Freeman is wasted as usual, in the role of wisdom spouting inmate. Freeman's character is mainly there to look wise and bring inspiration to us all, but he is never treated as a typical person. Tim Robbins is good, but his character is all good, while the prison warden is sure evil. Everything is black and white.  Shawshank has potential to be great, but director Frank Darabant's obsession with being Frank Capra ruins the film at every turn."
"1784280955-208","https://www.imdb.com/title/tt0111161/reviews/?ref_=tt_ov_ql_2","One of the best - of all time. Seriously.","guyincognito1","Dec 26, 2011","If there was such a thing as a perfect movie, this is it. Of course, for practical reasons, one cannot award a film ten stars out of ten, because of the endless stream of new work demanding scrutiny. I'd like also to start by quoting another well known film, which sums up my opinion nicely. 'In many ways, the work of a critic is easy- we risk very little, and thrive on negative criticism, which is amusing to write and to read. But the harsh truth of the matter is that the average piece of junk is probably more valuable than our criticism designating it so'. This could not be closer to the truth. When it comes down to the wire, critics risk everything in dishing out praise, for fear of being ridiculed themselves.

There can be no such danger with The Shawshank Redemption. It is an eternal masterpiece, timeless and inspiring. I avoid being clichéd, when it is at all possible to do so, but The Shawshank Redemption is beautiful, masterfully acted, with just that right amount of tenderness. This is a tale of moral courage, and the everlasting fight for justice. As with other films of the genre, one can tell what will happen, of course, but when you watch this film, you will time and again be genuinely surprised, and maybe even shed a tear for the persistence and unquenchable thirst of the human spirit. One leaps for joy after watching this incredible film, at the knowledge that evil, in all senses of the word, can, and will never triumph.

Turning an eye to the technical side of things, just for a moment, I can discern not one single badly executed shot. The Shawshank Redemption is well written, and, as I have said before, brilliantly acted. Characters that could be flat are all allowed to develop and flourish, and the film is even better for it. The film grabs our attention, right from the word go, with agitated shots of Andy looking like he IS going to kill his wife. And the soundtrack. Well, there isn't much to say; except that most of the music in this film is some of the most beautiful I have ever heard.

This is a deeply satisfying, wonderful, brilliant, fantastic, soulful cinematic work. Watch it, if you haven't seen it, and if you have, you must agree that this excellent film will be an eternal classic. There are, of course, films that people will prefer, I myself am strongly attracted to Subway, a 1985 film by Luc Besson, but for pure facial and objective value, cinema does not get much better than this."
"1784280955-209","https://www.imdb.com/title/tt0111161/reviews/?ref_=tt_ov_ql_2","Greatest Movie of All time, hands down!","bta8177","Feb 11, 2006","The Shawshank Redemption is the BEST movie of all time for many reasons. The first reason being that Morgan Freeman did his best acting job, and that is saying something. Freeman is the greatest actor of all time. Secondly, Tim Robbins gets so into his part you feel like the story is totally true and you are actually seeing it first hand. The supporting actors are wonderful as well. Enough about the acting which was second to none but the story was so compelling. The audience feels sympathy for the main character and wishes for him to be redeemed, in the end its just a feel good story. I cannot express this enough, GO WATCH THE MOVIE NOW! It is awesome and will never be topped."
"1784280955-210","https://www.imdb.com/title/tt0111161/reviews/?ref_=tt_ov_ql_2","The only time I'd call anything The Best Film Ever Made.","nimstic","Nov 27, 2015","This is it, I have always been so careful on not getting carried away while watching great films and calling it the best. I am talking about the league of The Godfather, Casablanca, The Good The Bad & The Ugly and 12 Angry Men. So I always called each of them one of the best. I never believed THE BEST ever existed. It can't be, right? How can anything be the best or perfect. Definitely not perfect film. There's got to be something wrong somewhere I just need to look close enough.

But I was wrong. Although I knew I was all the way. Right from the very first time I watched The Shawshank Redemption on HBO in 1997 (18 years ago) and I waited 18 years, 5 thorough viewings, 1 sceptical review before I wrote my final judgment of this film. 

This is the best film ever made. Spotless. True classic. And it was not even directed or acted by the legends we know today. Sure they are true legends. But what Frank Dorabont, Tim Robbins, Morgan Freeman & their amazing crew did is something extra special. They created the best work on cinema ever with almost none of those legends working on them. 

This film needs no further description. Ten out of ten in every department of film making. Full of incredible moments. Beauty, class and intellect in almost every scene. You do not need to know the No.1 film status on IMDb for over a decade to actually believe in the power of this genius work of art. This is the best, if there is one. This is the film that reaffirmed my faith in hope, human perseverance and friendship. I'm sure there are many who believe this isn't that great, but I am glad I think otherwise - and believe me, its a great feeling. Of having found the best film, being a huge film lover. 10/10 - the only time I ever did or would do this on IMDb or elsewhere."
"1784280955-211","https://www.imdb.com/title/tt0111161/reviews/?ref_=tt_ov_ql_2","Superb","grantss","Dec 20, 2015","Superb movie. 

Based on a Stephen King short story, the story of Andy Dufresne (played by Tim Robbins), sent to prison for murdering his wife and her lover. In prison he is befriended by ""Red"" Redding (Morgan Freeman) who helps him survive the harsh prison life.

A beautiful, moving story. Characters are steadily and solidly developed, and you feel an empathy for the main characters. Direction by Frank Darabont is subtle, and perfect. Pacing is spot- on.

Tim Robbins and Morgan Freeman are excellent in the lead roles. Freeman got a Best Actor Oscar nomination for his efforts.

Well deserving of all the praise heaped upon it. Just a pity it didn't garner any Oscars, losing out, in the most part, to a far inferior movie, Forrest Gump."
"1784280955-212","https://www.imdb.com/title/tt0111161/reviews/?ref_=tt_ov_ql_2","I thought I'd discovered this movie","tcmay-1","Jul 2, 2012","I'd never heard of ""The Shawshank Redemption"" when I tuned in to it about 15 minutes in on one of my satellite channels, sometime around 1997 or so.

It mesmerized me, and the last 20 minutes astounded me. The twists, the musical score, the final scene. Amazing.

I recall doing some searches (in those pre-Google days, probably with Alta Vista) to find out if anyone else had ever heard of this film. I found out that they had. It turns out a whole lot of people discovered this film as a ""sleeper,"" on DVD or cable or satellite.

My favorite movies of around that time, seen in theaters, had been ""Pulp Fiction"" and ""Heat."" I didn't see ""Forrest Gump"" until around 2000 or so, and didn't care for it much. A good year for films.

Given the comments in the past half year or so (that I've gone back through), I suppose ""Shawshank"" will fall below some other films. There seems to be a a trend toward making ""Hey, it's not all that!"" (That is, it's not all that good, it's lousy, it's overrated, etc.)

Whatever, it's a great film. And when I happened to see it late one night on my satellite system, I thought I was the first to realize how great it was. It took several years for me to spot the high ratings on IMDb and to read that it had become a cult classic favorite.

(Ditto for ""The Big Lebowski,"" which for a while I thought I was the only fan of. Now it's a subject of festivals and midnight watchings, sort of like ""Rocky Horror"" once was. I saw ""Rocky Horror"" in 1976 at the World Science Fiction Convention in Kansas City and thought it was not very entertaining.)

For me, the last 20-30 minutes is just the best. One twist after another, all seamlessly done. And a compelling musical score. Unforgettable."
"1784280955-213","https://www.imdb.com/title/tt0111161/reviews/?ref_=tt_ov_ql_2","A Masterpiece","creedrock2003","Jan 31, 2006","For it's subtlety, it's intelligence, and it's gorgeous cinematography (often overlooked in this film), this is one of the finest films ever made. Robbins and Freeman are brilliant. The rest of the cast flows through the storyline with a poise and cadence that is flawless. The story itself is based on a short work by Stephen King, but the screenplay is sculpted perfectly and gently into a full-length film by Frank Darabont. A powerful story of one man's journey through a punishment he did not deserve, and ""redemption"" of soul that lifts the hearts of viewers. It reminds us that ""hope is a good thing, maybe the best of things"". Gentle and supremely smart."
"1784280955-214","https://www.imdb.com/title/tt0111161/reviews/?ref_=tt_ov_ql_2","One of the best movies I have ever watched in my life","djole-cerovic","Mar 1, 2015","''The Shawshank Redemption'' is one of the best movies I have ever watched in my life. Tim Robbins is really a good actor and thanks to him this movie is such a success. Also Morgan Freeman is really brought me the story. The story is excellent,the time has just flew with this movie. This movie just gets better with every showing. There's no some special effects and that is just great-just men in prison uniforms talking to each other. Everyone must watch this movie.The Shawshank Redemption and To Kill a Mockingbird are the best movies I have ever seen. I do not judge it by it's technical merits - I don't really care about that. I have read that Citizen Kane or The Godfather or this or that movie is the best movie ever made. They may have the best technique or be the most influential motion pictures ever made, but not the best. The best movies are ones that touch the soul. It takes a movie like The Shawshank Redemption to touch the soul."
"1784280955-215","https://www.imdb.com/title/tt0111161/reviews/?ref_=tt_ov_ql_2","One of my TOP TEN","papadea1953","Jan 9, 2006","I saw (once again) last night ""Shawshank Redemption"". If I have seen it once, I have seen it fifty times and never does it ever get tiring to me. Stephen King wrote a story which becomes one of the great classic movies of all time. 

""Shawshank"" is a story of a wronged man who overcomes the injustices of life, love and prison to remain the true person he always was. Andy, although a solitary and enigmatic person, finds himself through an injustice which throws him into a quagmire of human refuse. In this refuse he finds a few pieces of humanity which lets him know there is hope. Red is one of those humans. Upon realizing that he is about to fall into the hell of prison obscurity, Andy releases himself and escapes from the injustice of his current ""human"" existence. I use the word EXISTENCE for the whole movie is a work of existential survival. 

This is a movie that NO ONE should miss."
"1784280955-216","https://www.imdb.com/title/tt0111161/reviews/?ref_=tt_ov_ql_2","I may be in the minority here but.......","mrsgriff","Dec 6, 2004","I have literally just turned off the DVD player after watching this film for the very first (and last) time after so much hype I thought it was about time. I sat all the way through it and did enjoy it, but I really don't see what all the fuss is about. Yes it is a good film, yes it is a good plot. However I had guessed the outcome and a few bits within the film before the flashback at the end, and therefore for me there were no unexpected twists. I wasn't even moved at the end. In fact all in all I was a bit disappointed, as my friends who have seen it said that they had cried and it was such a brilliant film. Am I abnormal???????? I think the green mile was better and I did cry at the end of that. I'm sorry if I upset any of you who think it is the best film ever, but I don't."
"1784280955-217","https://www.imdb.com/title/tt0111161/reviews/?ref_=tt_ov_ql_2","Why so high?","Darren-12","Nov 2, 1998","This is indeed one of the best prison dramas I've ever seen. I've always been a fan of Tim Robbins and he doesn't let me down here. But I can't believe this is so high in the overall list (I would place it in the 150-200 range myself). Even if we just stick with Tim Robbins, 'The Player', 'Short Cuts' and 'Jacob's Ladder' are all far better films. It was the ending of the film that really disappointed me, but since I'm not allowed to talk about endings in these reviews I can't explain why! Suffice it to say that I can imagine at least two fairly obvious endings that would have been better. Maybe it's the 'American Factor', what with me being English, but the overrating of this film completely baffles me."
"1784280955-218","https://www.imdb.com/title/tt0111161/reviews/?ref_=tt_ov_ql_2","Not","preposterous","Jul 9, 2001","I've been content to lurk and learn on this web site for months, but after reading the reams of glowing critiques of this film, I felt obligated to get an IMDB account and print a contrary point of view.

The Shawshank Redemption is an obvious, thinly characterized, visually uncompelling film.  Whether it's the good guy/bad guy cliche or the  white guy/black guy cliche, it's still the same old Hollywood.

This is not a film which discovers life through enigmas, dilemmas, and reflections.  It is a film which wears its rather plain message on its sleeve.

3 out of 10.   For prison flicks try Dancer in the Dark.  Someone else recommended alternative prison flicks Kiss of the Spider Woman and Cool Hand Luke.  I heartily agree with those choices."
"1784280955-219","https://www.imdb.com/title/tt0111161/reviews/?ref_=tt_ov_ql_2","For Everyone who Gave This Movie a 1","richcarter1962","Feb 14, 2013","I have written a few reviews on IMDb and Shawshank is one of my favorite movies of all time. I don't necessarily think this movie was a 10 but an easy 9 for me. I am giving it a 10 because of the negative reviews that I read with saying they gave this movie a 1 just because others had given it a 10. As far I'm concerned it's mine to give, if I want to to give every a movie a 10, (which by the way I don't). I am just sick of people telling me that a movie can't be great because it was story driven and not character driven, maybe I like story driven movies, I certainly liked this one. So here's another 10 for you movie snobs will have to eradicate."
"1784280955-220","https://www.imdb.com/title/tt0111161/reviews/?ref_=tt_ov_ql_2","Incredibly moving, funny and haunting","The_Sandheaver","Jan 30, 2006","Where to begin on how to comment on one of the most beautiful, haunting, tragic yet slightly comical films in creation? This film is absolutely groundbreaking and deserves its place amongst all the greats of Cinema History. Complete with an amazing cast, a wonderful soundtrack and a storyline that will leave you mesmerised for years after your first viewing, this film is truly incredible.

The film focuses on a man called Andy Dufresne, an intelligent banker who is accused of murdering his wife and her lover, and is consequentially sentenced to two life sentences in Shawshank Prison. Andy soon befriends a man named Red, a man imprisoned for murder, and runs an underground syndicate to help his friends get a hold of things from outside prison.

Andy manages to help the guards of Shawshank Prison with their personal financial problems using his knowledge as a Banker, and an unlikely 'friendship' emerges, and soon Prison life doesn't seem so bleak for Andy. As Andy's journey through his life sentence grows, so does his friendship with Red, and he soon discovers what effects the walls of Shawshank have on the people in the prison after a series of unexpected and tragic events.

Andy's personality soon earns him new friends as he begins to change people, fundamentally, without knowing how, as he spreads new lessons, both comically and psychologically, and soon Andy turns into a much more intelligent man than we may have realised him to be at first.

As time goes on, Andy resolves to make Shawshank Prison friendlier and he works relentlessly to improve life for the prisoners and for the guards. But, as he continues to work hard for the good of others, he begins to learn the shocking truths of what the true colours of the guards and the Warden of Shawshank are. Revelations all come to the fore when Andy discovers some information which may prove him to be the innocent guy he has always claimed to be, and Andy's life takes a serious turn, and the consequences are dire for everybody as Andy's decisions become more and more unpredictable.

Based on a short book by Stephen King, this film has hardly any faults at all, and is full of beauty, tragedy and comedy, and has a haunting presence as Morgan Freeman gives what is possibly the best performance he has ever given, and Tim Robbins excels as the tormented Andy. But, what makes this film go down in history isn't just the amazing script and the wonderful acting, but the film contains one of the most beautiful Soundtracks I have ever known, written by Thomas Newman. Many of the tunes are simplistic, yet very memorable, and they all perfectly reflect the dilemmas and situations the characters of the film find themselves in.

This film is not afraid to shock people with its subtle shifts in the personalities of characters, and how a situation of comedy and hope may suddenly change to a tragedy beyond what you may have originally expected. This film is a true classic. This is a work of art which is endlessly re-experiencable with painful pleasure."
"1784280955-221","https://www.imdb.com/title/tt0111161/reviews/?ref_=tt_ov_ql_2","You'll get it when you see it.","DiSTuRBeDx","Jun 14, 2012","A very, very, very brilliant film. The acting is superb from Tim Robbins and Morgan Freeman, as always. The script was amazing, along with the directing. The film is one of the best films ever made due to how original it is. And the reason it is original is because it is a prison film with heart. It makes you care about criminals. The score is also very good.

It's an enthralling piece of cinema and just... Amazing. I'd recommend this film to anyone due to everyone relating to it. People like films were you are sympathetic towards a criminal, just look at A Clockwork Orange."
"1784280955-222","https://www.imdb.com/title/tt0111161/reviews/?ref_=tt_ov_ql_2","Superb prison buddy story - but sadly unimportant film","Flagrant-Baronessa","Aug 13, 2006","If you simply see this as a straightforward storytelling prison film, then it is excellent (10/10) because it truly gets you involved in its main character. It is an extremely enjoyable and compelling experience with a heartfelt and well-acted buddy-story at its core. It delicately--and sometimes brutally--juxtaposes Andy Dufresne's (Tim Robbins) good-natured character with the harshness of prison life, projecting so much heart in doing so.

However delightful as it is, The Shawshank Redemption has no allegories and no statements to make and it brought nothing new to cinema in either style or substance. It had no revolutionary ideas or approaches - it's only a very safe buddy-story. A damn good one, but still just that. So it can impossibly be a film that will be remembered or studied, because what will it be remembered for? Friendship? Huh, neat. I therefore don't think it's entirely deserving of being considered the #2 greatest film of all time on IMDb.com.

But moving on and looking past that, it is possibly one of my all-time favourite films for the feelings it leaves. Sure, it often jerks you for tears just a bit too purposely, but this is forgivable because emotion is crucial to a prison story. On top of that, it never falls prey to predictable sappiness - probably because of its content which is devoid of sentimental romance and instead fills you up with a tragic friendship. It is so well-sewn together by a feel-good narrative by Morgon Freeman that it is impossible not to enjoy this film.

9/10"
"1784280955-223","https://www.imdb.com/title/tt0111161/reviews/?ref_=tt_ov_ql_2","Magical film","Vickiefriends","Nov 24, 2003","I remember when i first saw this film. my friend kept telling me to watch it as he thought it was brilliant. well, all good things come to those who wait yes? i did something I had never done before or since: when i finished watching it i rewound it and watched it again straight after.It has a perfect cast, story and the best ending of any film i have ever seen.To sum up in one word: magical!"
"1784280955-224","https://www.imdb.com/title/tt0111161/reviews/?ref_=tt_ov_ql_2","Emotionally Fulfilling","gcd70","Feb 19, 2008",""
"1784280955-225","https://www.imdb.com/title/tt0111161/reviews/?ref_=tt_ov_ql_2","Hope......Don't loose it at any cost","aak-1990","Jul 5, 2011","The 'Shawshank Redemption' undoubtedly deserves to be the highest rated movie. The movie depicts how a four lettered word 'Hope' brings wonders to our lives and makes something impossible to possible.

Though the plot of the movie focuses on how Andy Dufrane, a falsely convicted prisoner gets out of the prison, the beauty of the movie lies in the characterization of Andy Dufrane (just amazing) and how he influences his fellow prisoner 'Red'. The narration by Morgan Freeman in the role of 'Red' is perhaps one of the best narrations i have ever come across. This story proves that the king of horrors, Stephen King, is equally good at any other genre of 'Story Writing'(Hats off). The dialogues towards the end of the movie about hope are truly inspiring. The background score of the movie is excellent. Tom Robbins and Morgan Freeman at their best in the roles of Andy Dufrane and Red respectively.

Didn't watch the movie??...go grab a DVD and watch it as soon as possible. Can't miss a movie like this...."
"1784280955-226","https://www.imdb.com/title/tt0111161/reviews/?ref_=tt_ov_ql_2","Shamelessly uplifting; a heartfelt classic","pyrocitor","Dec 12, 2007","It was the film that never seemed to have a break cut out for it. Adapted from a Steven King short story (usually a sure sign of success), yet a disappointment at the box office. Nominated for seven Oscars, yet emerging with no wins. But, hope sprung eternal, and, as life began to imitate art, like its central characters, the film The Shawshank Redemption overcame such initial adversity to become one of the most revered and cherished films of all time. 

Director/screenwriter Frank Darabont, working from Steven King's short story 'Rita Hayworth and the Shawshank Redemption' brings the tale to life in a superbly powerful and emotionally flooring fashion. Darabont's script executes the incredibly difficult task of speaking directly to the human spirit, with its tale of passion and dedication overcoming captivity and adversity. Few modern films are bold enough to tackle such shamelessly inspirational themes as Shawshank's without coming across as painfully clichéd, but Darabont's airtight script, chock full of timeless lines, and steady, careful directing are enough to raise the film above such concerns, instead marking a film of which the emotional magnitude is seldom paralleled. From Roger Deakins' sweeping, operatic cinematography, to Thomas Newman's truly beautiful and inspiring musical score, to the dank, gritty realism of Shawshank prison itself, the film's consistent quality on all fronts is truly stunning. 

It is easy to see a story such as this easily falling flat with an inferior cast taking on the material, but Darabont's incredibly gifted and memorable cast is truly up to the challenge, taking a wonderful story and making it truly timeless. Tim Robbins truly brings unconventional convict Andy Dufresne to life, never without a passionate twinkle in his eye, even in his most beaten down and hopeless of scenes. Rather than typical leading man grandstanding, Robbins is wise enough to remain subtle and detached throughout, making the role all the more mysterious and endearing as a result. The inspired casting of Morgan Freeman as fellow inmate 'Red' resulted not only in a series of sumptuous voiceovers by one of the most melodious voices in Hollywood, but also in a genuinely heartwarming supporting character, with Freeman building a career of playing similar 'wise mentor figures' off his performance. The supporting cast being comprised mainly of relative unknowns strengthens the believability of their characters, leading the audience to see them as their character and not as the star behind the role. Bob Gunton is chillingly effective as the hate-inspiring prison warden, infusing more menace into his reedy voice and deadpan stare than any scenery chewing antagonist could capture. Character actor Clancy Brown also crafts another simple but effective antagonistic role as the captain of the guards. Gil Bellows is a strong presence as a rebellious inmate, and James Whitmore is charming and lovable as aged prison librarian Brooks. 

Overall, The Shawshank Redemption is an astonishing accomplishment, addressing shamelessly uplifting themes in a fashion which is sentimental, but never sappy, larger than life, but never melodramatic. In many ways the film feels like a throwback to the days of classic cinema where directors strove to make films which made their audiences happy, but Darabont easily dodges contemporary scorn by unabashedly and honestly pitching the film towards the human spirit, and firmly establishing it as a timeless classic with its impeccable package of flooring technical work, screen writing and acting. Far from being a simple ""prison drama"", the sheer emotional voyage of The Shawshank Redemption is enough to drain any viewer, both crushing their spirits then euphorically raising them in a truly peerless fashion. While Red may declare hope to be a dangerous thing, it's Darabont's fearless tackling of the tricky subject which really sets Shawshank free. 

-10/10"
"1784280955-227","https://www.imdb.com/title/tt0111161/reviews/?ref_=tt_ov_ql_2","Good but ludicrously overrated","Dan-56","Apr 21, 1999","I quite like this film but it wouldn't make my top 100. The idea it's the greatest film in history is laughable.

Of course the acting's terrific. Morgan Freeman and Tim Robbins are solid as ever, even if Bob Gunton and Clancy Brown (the Baddies) chew the scenery. And that's the problem - everything is so terribly black and white, with every character springing straight out of a three word summary. Our hero is Good But Flawed, Red is Good And Noble, the Warden is Just Plain Bad and his henchman is Reminiscent Of Another Film (okay, four words).

I've never been inside a prison, but I can't believe all the prisoners would be so damn nice. There's the ""sisters"" - a bunch of horrid rapists, of course, but they're nothing a small plot contrivance can't eliminate. The ""sisters"" aside, there's nary a cross word from a prisoner in the whole film.

Racism is also curiously absent. American prisons today are notorious hot-beds of racism. Martin Luther King's dream is bizarrely alive and well in Shawshank, where colour doesn't get a mention in twenty years of ""history"".

This total lack of realism means it's not really a film about prison at all. And what kind of ""character"" film can be centred around someone who seems entirely flawless (other than perhaps in his choice of attorney).

I can whinge about the mechanics of the film as well. Voiceover narration is irritating enough - but Red narrating events at which he was not present? Pur-lease. And that final scene - talk about a director who didn't know when to shout ""cut"". It didn't need much self control to stop at the point Red heads towards Mexico - films for grown-ups shouldn't need endings that resolve any uncertainty.

Speaking of the director, isn't it odd how the maker of the ""Greatest film in the world ever"" is also credited for The Fan, Eraser, The Blob and The Fly II? It's as if Orson Welles directed ""Plan 9 from Outer Space"", or Francis Ford Copolla helmed ""Megaforce"".

I don't mean to make this out to be a bad film - it's far from that. But anyone who rates it the greatest ever should try ""Godfather"", ""Goodfellas"", ""Citizen Kane"", ""Casablanca"" - something, anything that's not so *worthy*."
"1784280955-228","https://www.imdb.com/title/tt0111161/reviews/?ref_=tt_ov_ql_2","Not worth the hype, a script full of shortcuts","chadlund","Jun 1, 2016",""
"1784280955-229","https://www.imdb.com/title/tt0111161/reviews/?ref_=tt_ov_ql_2","WYLION - Do you trust your wife? You can definitely trust me!","WYLION-SOTIRISKING","Jul 1, 2019",""
"1784280955-230","https://www.imdb.com/title/tt0111161/reviews/?ref_=tt_ov_ql_2","Shawshank Redemption Comes Out Clean","view_and_review","Jun 25, 2014","What can I say about this movie that hasn't already been said? It's a prison movie, yes, but it is so much more than that. First, let me divvy out kudos to those who deserve it: Stephen King for writing this magnum opus, Frank Darabont for his stellar directing, Tim Robbins for the job he did and, of course, Morgan Freeman for knocking the ball out of the park one this movie.

This was a movie that could be loved and felt by men and women alike. It was about losses and gains, hope and despondence, injustice and rectitude, and definitely about friendship. Prison just happened to be the backdrop of this film but it could have easily been anyplace. The prison setting played a critical role and was interwoven into the overall story but it wasn't the story. The story was so much more and the movie did so well in pulling you in and making you care. You couldn't help but loathe the warden and his right-hand-man. You couldn't help but like Andy and Red. You couldn't help but want the happy ending.

Absolutely, Shawshank Redemption is a masterpiece. It didn't get the awards it deserved, but like the Utah Jazz in the late 90's playing the Bulls, Shawshank Redemption faced tough competition. Although, it is getting its recognition here and it deserves the high praise."
"1784280955-231","https://www.imdb.com/title/tt0111161/reviews/?ref_=tt_ov_ql_2","Don't Watch This Movie!!  (Unless you want to Cry)","haniff","Oct 1, 2005","I knew about this movie for a long time.

Heck, prison movies, don't turn me on so I have very negative impression, hence not watching it. I watched it today (Oct 2005) as it was on TV, and I thought, it's got good rating, so I'll watch it, least this way I won't be watching it alone. Might as well get it over with.

Well, any movie than can render a grown adult to tears and whirl up an emotional minefield, has to be respected. This movie has my utmost respect.

This is truly a great film, even with all my negative baggage, and seeing clips, and reading people raving about it, I still avoided it.

To render a grown man to cry even with all the baggage, has to be a really amazing film.

This film transcends cinema, to what it's truly about - to move you. So technically, it's pointless, you can go about actors, direction, shots, music and so on, and to analyse this film purely on that level would be one very stupid mistake. A mistake many have used while writing reviews.

The book or film, is simply a mechanism to get a message across, it can be flawed and still work perfectly. That's not the point.

The message here is clear and works perfectly, on many unconscious levels, it really would be stupid to try an figure it out.

You can't as its so simple.

We all have hope dreams and desires, and want freedom and a better future. Every person does. It's actually why we exist.

Not to have hope, dreams and desires and goals, is truly not to live. Not doing so, there is no meaning to life.

No matter what happens, keep positive, have hopes dreams and desires, that is your purpose here on this planet this is what this film is about, everything else is just mechanics to get this across?

Are you Positive?

Do you have hopes?

Do you have dreams?

Do you have goals?

Have you helped your fellow man, just for the beauty and pleasure of making someone happy, in a totally unselfish way, without any personal gain?

If you haven't and don't have hopes, dreams, desires and goals, you are not alive, you have no meaning to your life.

In conclusion, you can avoid this film as long as you want like I did, but when it does catch up with you... you better be ready, very ready.

If you aren't or don't understand what you are watching, and what really is going on between the lines and mechanics of the imperfect mechanism of cinema you are dead, truly dead, and you might as well end it now.

So my advise to you?

Don't Watch this film. 

If you've read this far, and not got what I've been going on about you are a lost cause already, and you might as well go into your miserable life, and causing misery to yourself and others. Heck, it'll take you several lifetimes probably to get it.

So, remember DON'T WATCH THIS FILM, you don't deserve it."
"1784280955-232","https://www.imdb.com/title/tt0111161/reviews/?ref_=tt_ov_ql_2","AN EXCELLENT MASTERPIECE !!","bibi-3","Dec 26, 1998","Great music, superb actors. It is a pity that Forrest Gump (which I consider another masterpiece ) went out the same year and got all the publicity, as well as the Oscars. It was not fair.

The only reason for which I rented this movie, two years ago, was because of Morgan Freeman and Tim Robbins. But it was a big surprise to see one of the best films ever made. ( I have seen it 6 more times since then )

It is a story of COURAGE, PERSEVERANCE, TRUE FRIENDSHIP, HOPE AND REDEMPTION.

IT'S A MOVIE FOR ALL TIMES, A MEMORABLE ONE. EVERYBODY SHOULD SEE IT. YOÚ WON'T REGRET."
"1784280955-233","https://www.imdb.com/title/tt0111161/reviews/?ref_=tt_ov_ql_2","great film","mlevin-8","Feb 7, 2006","I can watch this film a hundred times and still enjoy it. Morgan Freeman is one of my favorite actors. And this must be his best roll ever. I thought Tim Robbins was definitely at his best in this film. All the prison guards and inmates were really believable. The story captures you from the beginning and doesn't let go until the final credits are rolled. This is the kind of film that make you think of how many inequities must exist in our prison system that no one ever hears about. Of all the the movies of this type the Shawshank Redemtion brings to light how good and evil can exist in every situation. And that nothing is black and white. But until it effect you its out of sight and out of mind."
"1784280955-234","https://www.imdb.com/title/tt0111161/reviews/?ref_=tt_ov_ql_2","best movie ever","mchollandmatthew","Aug 9, 2012","this film is an award winning achievement i loved it what a fantastic and brilliant together drama and crime movie really really amazing a must see to everyone.the story is about a guy called Andy Dufresne who was sent to prison for a murder that was committed to his wife and Andy goes through prison with hard times and a friend for his time in the shaw shank prison with brilliant ac tining from Tim Robbins Morgan Freeman and Clancy brown throughout the film Tim Robbins was Andy Morgan freeman red and Clancy brown as the guard.overall the whole truth can not be told u will love this film don't spoil this for your self its a brilliant story with friendship and survival 10/10 you must get this on DVD trust me its brilliant"
"1784280955-235","https://www.imdb.com/title/tt0111161/reviews/?ref_=tt_ov_ql_2","Graceful, intriguing Tim Robbins triumph","brendastern","Mar 16, 2006","The Shawshank Redemption is in a league with Casablanca as a movie you can watch over and over, catching different nuances each time and bringing your own life experiences each time you watch it. Tim Robbins gives the performance of his career and this is the movie for which Morgan Freeman should have won an Oscar (a shame he had to wait for Million Dollar Baby.) There are many twists and turns and I defy anyone to watch the ending without tears running down their face. In fact, the entire last third of movie is filled with marvelous scenes. If there is any drawback to this movie, it is that it is a shade too long, meaning it's often butchered when it is shown with commercials on TV. Rent this, or better yet, buy it to get the full thrust of it. Definitely on my personal top 10."
"1784280955-236","https://www.imdb.com/title/tt0111161/reviews/?ref_=tt_ov_ql_2","one of the best","Willie-12","Nov 18, 1998","The Shawshank Redemption is one of the greatest movies I have ever seen.  It is truly one of the most fulfilling movies ever made.  There are so many good things about it that it is hard to even come close to mentioning all of them, so I'll only mention the one thing I liked the most.  I liked the fact that the movie could have ended a couple different times, and it still would have been one of the best, but for Shawshank that just wasn't good enough. It kept going until you felt the ending was so perfect, that you truly had to sit back breathless.  I love this movie and it will always be one of the best as far as I am concerned.  A true classic!"
"1784280955-237","https://www.imdb.com/title/tt0111161/reviews/?ref_=tt_ov_ql_2","Captivating, breathtaking and compelling...","obsolete","Nov 23, 1998","The Shawshank Redemption is, without a doubt, the greatest film ever made. You simply will never find a better film, ever.

The story revolves around a smart, kind hearted vice president of a bank named Andy Dufresne, played by Tim Robbins, who is absolutely brilliant in the starring role. Andy is sent to prison after murdering his wife and lover. Claiming he is innocent of the crimes, and was the victim of an unfortunate coincidence, the law does not believe him, and sentences him to life in prison without possibility of parole. Once inside, he immediately befriends a criminal by the name of Red, played brilliantly by Morgan Freeman. Andy then becomes the victim of fear, despair, and the prison itself, which is inhabited by crooked officials and hardened criminals. After a while, Andy finds the hope inside of him to never give up, with the help of his friend Red and others. He starts doing tax returns for the prison guards and the warden, and after a while, the warden, played by Bob Gunton, who makes the viewer loathe the word warden, has Andy doing his tax fraud for him. It's safe to say that Andy is ""friends"" with the officials.

I don't want to give it away for those of you who haven't seen this picture, but believe me, you will be breathless. The hope Andy holds inside of him gives all of us a warm feeling inside of us, and tells you to never give up. The cast is perfect in every way, and the film just carries beautifully. You will find yourself praying for Andy through the whole film, through bad times and even good times. It is wonderfully capped off with a surprise twist ending that will leave you shocked, stunned and emotionally breathless.

I call this film my all time favorite, because I agreed with the characters, felt for them, hoped for them and in the case of the corrupt characters, loathed them, due to great acting. I was able to actually hate and detest certain characters, because that's how wonderful the acting is. I would actually have cried at this movie, if it weren't for me being so emotionally paralyzed by the cast and story."
"1784280955-238","https://www.imdb.com/title/tt0111161/reviews/?ref_=tt_ov_ql_2","Very good, but probably over-praised","mattrochman","Mar 18, 2007","The amazing thing about this film is how many people fail to realise that the film is about Red, not Andy. It's Reds perspective of Andy. I only mention it because many people strangely think its told from the perspective of Andy.

That common misunderstanding behind, a well made film. The photography is magical, the story is strong, the performances are exceptional and the depths of despair and humanity of canvassed well without losing mainstream appeal.

But that aside, there is a strong willingness to overstate this film. In the end, it is a slightly overdone and there is a bit too much 'triumph of the human spirit' dribble on the side. But I don't let that get in the way of what is otherwise a very good film with re-watch-ability.

Hadley's release from prison and letter deserves a spot in cinema history. That part was absolutely exceptional."
"1784280955-239","https://www.imdb.com/title/tt0111161/reviews/?ref_=tt_ov_ql_2","Long and saccharine","elliotff","Sep 18, 2004","This bloated and soggy piece of work is so far from earning a number 2 spot on the IMDb that I have to imagine that Stephen King has bought votes for it. Trite , mawkish, shallow, unconvincing, ugly... How much more can I say about its awfulness? Morgan Freeman is tolerable, Tim Robbins is not. There is a romantic glow to the cinematography that is really inappropriate if the main characters are heterosexual. If they aren't there is an unexplored subtext poisoning the base of the movie. There is nothing else about this movie that makes a lick of sense: emotional, dramatic, logical, racial, penological. Rips off the Count of Monte Cristo and Huckleberry Finn and cheapens and flattens them. Its appeal escapes me utterly. For the love of God, sink this film!"
"1784280955-240","https://www.imdb.com/title/tt0111161/reviews/?ref_=tt_ov_ql_2","Redemptive Masterpiece; Masterful Redemption","marcin_kukuczka","Apr 17, 2011","Despair or determination; crying or fighting; obedience or inner freedom; resignation or patience; fear or hope...difficult choices in life make us all more powerful human beings. Experience makes us richer; hardship makes us stronger, friendship makes us better. Although we may be deprived of everything, only our own choices may truly deprive us of human dignity... These words ring the bell for the majority of people; yet, seldom do they appear so unique, so real and so concrete as in this wonderful film...

Based on the novella by Stephen King RITA HAYWORTH AND SHAWSHANK REDEMPTION, the story appears to be unlike any other movie, unlike any other adaptation of Stephen King's stories onto screen, unlike most productions of the world cinema. Why? 

I think that every viewer has to answer this question oneself. What I am going to do in this review is not look at why it is so powerful, why it is so unique but rather focus on a certain aspect that, in a way, refers to this question. What absorbed me to the very core of my emotions and feelings is the main plot of Andy (Tim Robbins), the banker wrongfully convicted of murdering his wife and her lover and sentenced to Shawshank prison where brutality and wretchedness really reign. At the spot where for many people, life actually ends, for Andy a new tedious struggle begins. Quickly befriended by ""Red"" (Morgan Freeman), actually the narrator of the story, both soon prove that even in the worst circumstances, within the ""hell on earth"" they can maintain human dignity and strive on their own way to freedom...

Here, let me refer to Roger Ebert's words who nicely described the character of Andy: he says that ""Andy turns out to be a surprise to everyone in Shawshank, because within him is such a powerful reservoir of determination and strength that nothing seems to break him."" Indeed, salvation lies within discipline for him...self-discipline...

Except for some other plots, including the touching yet tragic story of Tommy Williams (Gil Bellows) and of the sympathetic librarian Brooks Hatlen (James Whitmore), it is Andy and Red who supply us with the most unforgettable moments in the movie. It is, as a matter of fact, the story of their friendship, their dreams expressed at the wall of despair. They maintain hope around themselves and within the viewers. Here, a very powerful aspect of Red is his narration...our thoughts are directed towards his thoughts, towards his reflections and his perception of the events, his - the prisoner's. Swear words take on power to convey meanings and harshness becomes reality. Here, it is important to mention the inevitable brutality in the film. Thanks to the fact it is perceived by Red, it never appears to be unendurable or harmful for the emotions of the viewer. We, as observers, truly know what world we are led to...yet, there is no loss of hope!

The unforgettable scenes seem to evoke the most powerful associations and expectations that lie within us concerning the visual and sensual experience. With Thomas Newman's terrific music score consisting of dark piano music, we are supplied with intense emotions and effective thrill. Except for the symbolic and almost cult scene when Andy escapes the prison (mind you the almost claustrophobic effect), one cannot skip ""The Letter Duet"" scene when the excerpt of Mozart's ""The Marriage of Figaro"" is being played. The prison life stops for a while being awestruck by the glimpse of harmony, by the blissful moment of magnificence. At this moment, I was breathless and really second the powerful line: ""Music makes you free!"" 

The performances are awesome and the depiction of characters is executed in an extraordinary way. There are no clichés which is a great merit of the film and where many films of the genre fall into that trap. Although there were many actors who had been cast for the role of Red, I think that no one would have done the job as well as Morgan Freeman. He is perfect in the role combining a certain quality of patience and distance with the emotional struggle for personal rights. Ironically, he portrays a re-socialized character...in fact, richer inside than any ""corrupted decency."" Tim Robbins also does a terrific job as Andy with all his features mentioned before. And Bob Gunton as a true villain, the boss of this hell of Shawshank will long remain in memory.

To sum it up, I agree with short but meaningful words said by Roger Ebert: ""THE SHAWSHANK REDEMPTION is a movie about time, patience and harmony..."" I would even add that it is the film about true life where people are really themselves, to the most extent themselves. There, within the harshest reality... Because only there, we truly behave according to our rules. There, we make choices even if everything that surrounds us seems to yell: ""Salvation lies within blind discipline and fundamental Bible!"" A redemptive masterpiece, a masterful redemption...desperate Brooks was here...and so was Red...yet, he brought a new dawn for dreams, a new dawn for friendship... Will he succeed?"
"1784280955-241","https://www.imdb.com/title/tt0111161/reviews/?ref_=tt_ov_ql_2","When they give you life, that's what they take","thinker1691","May 29, 2007","Out of the fertile mind of American author Steven King, comes the incredible prison story called ""The Shawshank Redemption."" It is the story of a young banker named Andy Dufresne (Tim Robbins) who has been falsely convicted of murdering his wife and her lover. Sent to the notorious Shawshank, Dufresne, is subjected to the standard abuses every prisoner faces. During the ensuing years however, he is further subjected to additional punishment by the ""Sisters"" who enjoy torturing what they call 'fresh fish.' Still Andy tries to survive each day of his sentence as best he can. Being extremely agile at his banking craft, he overhears Captain Byron T. Hadley (Clancy Brown) complain of his personal financial problems. This single incident allows Andy to take advantage of his dire situation and become useful once again. Over the years, he becomes friends with fellow convict Ellis ""Red"" Redding who is adroitly played by veteran actor, Morgan Freeman. When warden Samuel Norton (Bob Gunton) learns of Dufresnes' financial ability, he immediately takes advantage of it. This arrangement presents many financial opportunities for the brutal warden and the meticulous and patience prisoner. Both can benefit from the outcome. The warden intends to retire richer and Hope is the only benefit Andy ascribes to. Be he has he has more talent than the warden suspects. With additional characters actors like William Sadler as Heywood, Gil Bellows as Tommy, Mark Rolston as Bogs and legendary James Whitmore who lends a superior performance as Brooks Hatlen, this film is destined as a classic for the enjoyment of every audience. ****"
"1784280955-242","https://www.imdb.com/title/tt0111161/reviews/?ref_=tt_ov_ql_2","First 10 I have ever given out","exusninja","Feb 9, 2006","This is the best movie robbed of acclaim. I don't care what anyone says about Forest Gump. This movie is better in almost every category except music and maybe tied for movie of the year.

Tim Robbins acting is as good if not better than Hanks. I always have a problem with the simpleton character getting acting nods, as with the white trash and ghetto thug characters. I think most of us can all do the Gumpy Slow Hick voice ala Cleatus the Slacked Jawed Yokel (Simpsons).

I can't quite remember how many Oscars Gump stole from this GEM of a movie, but this movie blows me away on almost every level. The quite passion the Robbins portrays is surpassed by no one except maybe the Freeman sidekick character.

This movie was of course a short story made into a movie (S King i think) and because of what it delivers i truly believe it to be the best movie of 1994, and probably one of the top 3 movies of all time."
"1784280955-243","https://www.imdb.com/title/tt0111161/reviews/?ref_=tt_ov_ql_2","Absolutely brilliant","karma-9","Dec 25, 1998","The Shawshank Redemption is one of the few movies adapted from books that turned out to be good .. or in, this case, brilliant.

Although the movie supposedly takes place somewhen in the 1950's, I can easily imagine it being transferred to today's time and standards. The thing that is most fascinating about is is that the directors [and writers, of course] didn't use extreme clichés - there's no black and white painting, just numerous shades of grey. Robbins and Freeman both are perfect for their roles, as are all of the supporting actors.

Finally, I can understand why a certain movies gets a high ranking."
"1784280955-244","https://www.imdb.com/title/tt0111161/reviews/?ref_=tt_ov_ql_2","What a beautiful movie!","PeterSD","Dec 24, 1998","All is perfect : the complexity of the characters, the suspense, the principals themes like friendship, loneliness, injustice, redemption, vengeance, freedom... The most complete movie that i've ever seen. Tim Robbins is great, sensitive, brilliant: in one scene, he can feel a thousand of feelings. Freeman is very correct and seems to be really ""Red"". Gunton, Sadler and all the others seemed to have fun playing in this master of peace. Titanic is pure entertainment and received 11 oscars. This movie deserves 30 oscars because it shows what is really important in life. No action, more realistic, more useful than the other films. It was really a BIG BANG in my head the first time i saw it. When i see it again, I think and I realize the incredible power that the cinema's industry have. In a different way, only Star Wars, Saving Private Ryan and some others have the same impact."
"1784280955-245","https://www.imdb.com/title/tt0111161/reviews/?ref_=tt_ov_ql_2","#1 on IMDB's top 250, one of the best movies of all time and more than 6200 reviews... what's more to say about this movie?","bellino-angelo2014","Mar 17, 2019","As I said in the summary, there are too many reviews for this movie and it's among the best movies of all time. So, why I wanted to review it? Because this movie touched me so deeply and I found it so great and powerful that I have to say my opinion at all costs. This is out of my system, now I can go to the review.

THE SHAWSHANK REDEMPTION is a masterpiece and only a idiot wouldn't watch it (or hate it). Everything in this movie is perfect: the dialogue is clever and well written, with many great lines (included also in the narration by Morgan Freeman), the cinematography is great, the soundtrack is among the best that were ever heard in 1990s movies, and the performances are very strong and heartfelt. Tim Robbins and Morgan Freeman give their best performances in their careers. Robbins is hard to empathize with at the beginning, but more the movie goes on more you come to like him. Freeman also narrates the movie, and here is suave, easy to empathize with and likeable (as in all his other movies). And also the supporting players in the movie are good, including James Whitmore in one of his final roles as Brooks Hatlen.

My favourite scene apart the tear-jerking ending? The scene of the inmates listening to the Mozart aria through the speakers. So, you don't have to like prison dramas for liking this movie. Yes it's depressing and sad in points - but is also perfectly and cleverly written and acted, and deserves all the praises that received. A movie that has to be seen at least once, and if you don't love it I suggest you to go to a psychiatrist!"
"1784280955-246","https://www.imdb.com/title/tt0111161/reviews/?ref_=tt_ov_ql_2","A true story of friendship and hard times","Smells_Like_Cheese","Jan 17, 2005","Shawshank Redemption is one of those infamous movies you never stop hearing about if you are a crazed movie fanatic. I've been through the entire top 250 list up and down and this is going back and fourth between #2 and #3 struggling with Lord of the Rings: The Retrun of the King. I had to see this movie to see what all the fuss is about.

Based on Stephen King's novel, The Shawshank Redemption is a terrific adaptation of his book. The acting, I mean don't get me started. Tim Robbins and Morgan Freeman were perfectly casted and fit so well together. What I mean in my title to my summary is, I felt that I could relate. This reminded me so much of my friendship with my best friend, because her and I are so close and would do anything for each other. Even wait until the end of time just to hang out and talk again.

I felt this story also brought up major important points, what does a convict do after so many years in prison? Pretty much a good job is out of the question, same with a decent place. Your family might disown you and everything you knew was in that prison. It's sort of like being shoved from a lake to an ocean and you're drowning with no life preserver. This movie actually got me thinking about that.

Also there is the final notion of the court systems, because we are also dealing with Tim Robbin's life. He keeps claiming his innocence and no one will listen to him or believe him. I felt awful for him, I know there are a lot of men and women in prison who are innocent and are paying for other people's crimes.

I would highly recommend The Shawshank Redemption, I believe it's better than Lord of the Rings: The Return of the King. So watch it and understand this movie, it's important. This should be watched by everyone and you get out of the movie what you bring into it.

10/10"
"1784280955-247","https://www.imdb.com/title/tt0111161/reviews/?ref_=tt_ov_ql_2","A prison drama starring Tim Robbins and Morgan Freeman.","Brad K.","Aug 6, 1998","My favorite movie ever.  These are words that basically describe how I feel about this movie.  A prison drama does not sound like an entertaining movie, but this is very entertaining.  Tim Robbins (The Player, I.Q.) stars as Andy Dufresne a smart man convicted of killing his wife and her lover.  He arrives at Shawshank prison completely out of place, but adapts and becomes best friends with one of the prison's head convicts, wonderfully played by Morgan Freeman (Driving Miss Daisy, Seven).  Soon the warden, played by Bob Gunton (Midnight in the Garden of Good and Evil, Broken Arrow), enlists his help as a banker, to help with getting some extra (illegal) money and other things.  It doesn't sound like a great movie, but trust me this is the best movie I've ever seen, and everyone I know liked it.  Tim Robbins is great in the lead.  Bob Gunton is good as the twisted warden.  William Sadler (Solo, Die Hard 2) is solid as a fellow convict.  Clancy Brown (Starship Troopers, Highlander) is excellent as the sadistic head of the guards.  Finally, James Whitmore (The Relic) and Gil Bellows (Snow White: A tale of terror) give the best supporting performances as fellow convicts.  A must see."
"1784280955-248","https://www.imdb.com/title/tt0111161/reviews/?ref_=tt_ov_ql_2","Interpersonal Communication Use","Teacher-9","May 18, 1999","I use this movie in my Interpersonal Communication course.  The relationship between Red and Andy provides rich examples for my students to look for as they write on important issues of Interpersonal Communication such as the symbolic nature of language, powerful and powerless speech, posture, intimate and social distances, territory, chronemics, various types of listening, and self disclosure.  Many ""young"" students struggle to relate ""in-class/in-text"" examples to their own lives, and I use this movie to give the class a common experience to discuss and better understand the foundational elements of Interpersonal Communication.  ALWAYS a good experience for my students!"
"1784280955-249","https://www.imdb.com/title/tt0111161/reviews/?ref_=tt_ov_ql_2","Overrated","victiminvesta","Mar 12, 2022",""
"1784280955-250","https://www.imdb.com/title/tt0111161/reviews/?ref_=tt_ov_ql_2","Over rated","jono1975","Jan 13, 2004","The acting is adequate, the story is adequate, but why all the fuss?

It sometimes baffles me why some movies get such high ratings when they are really only run of the mill.

This is not that bad a film, just seen it all before."
"1784280955-251","https://www.imdb.com/title/tt0111161/reviews/?ref_=tt_ov_ql_2","A Powerful Story of Courage, Perseverance and Friendship ...","ElMaruecan82","Oct 6, 2011","I will never forget the first time I watched ""The Shawshank Redemption"", with my father. Both of us were fans of prison and male-bonding movies, and choose the film only expecting to watch a solid drama. Needless to say that, when the last line was delivered and the TV screen painted the walls with a beautiful blue, the feeling that we had just watched something exceptional instantly cut through our hearts, and before the second viewing, we would regularly mention how great that film ""with the poster"" was.

Then I would never miss it whenever I found it on TV, and after each viewing, it unveiled one unsuspected element of its unique appeal. I guess if it doesn't justify, at least it explains why this movie that didn't do well in the theaters, had a better success on VHS, TV and DVD before it would ultimately dethrone ""The Godfather"" from the first place on IMDb Top 250. And it's only justice if ""The Shawshank Redemption"", the least spectacular of the four Best Picture nominees in the glorious 1994, made by a relatively unknown director, a movie with an appeasing and appealing patience, took its time to grow on people and did it pretty well, as if it applied its own philosophy, patiently but determinedly. 

This is the strength of ""The Shawshank Redemption"", its ability to tell a story that spans a long period of time without trying to get to the so-called essential, the simplest things take their full meanings, the smallest details have their share of importance. And think about it, in a prison where everyone wears the same outfits, where the days are regulated by the same routine, all you can do is to make a life out of this routine, make a place, to get closer to your own definition of 'having a life'. And as we penetrate the impressive walls of Shawshank, from the first vertiginous panoramic shot, we're literally submerged by the solemn austerity of the location, conveying a very hostile feel. These characteristics are perfectly incarnated by the figure of the Warden Samuel Norton, who's like the male alter-ego of Nurse Ratched from ""One Flew Over the Cuckoo's Nest"". And the comparison with Forman's film isn't fortuitous as Shawshank intends to domesticate its occupants to the same limits of mechanical alienation, to the point that the only thing left to the inmates is to control their only valuable treasure: time, by getting busy, finding their own reason-to-be, like the veteran Brooks (James Whitmore) was the man with the books, Red, remarkably played by Morgan Freeman, was the man who could get you things.

In a very intelligent move from the script, the hero of the film, the laconic Andy Dufresne, an upper-class banker, played in all nuance by Tim Robbins, is condemned to a life sentence at Shawshank, for the murder of his wife and her lover. And nothing indicates if he is innocent or guilty and I wondered if any certitude would have conditioned my appreciation of the character. I think it was necessary for us to have a reasonable doubt about his innocence in order to let his character progressively grow on us until we believe by ourselves that he was indeed the victim of unfortunate circumstances, the same feeling that grew in the heart of Red before becoming his best friend. Morgan Freeman is the pillar of the film while Tim Robbins is its free spirit, both allow us in a remarkable complementarity to dream of abstract notions like hope and freedom while being practical and 'busy' in the same time. And again, their friendship is a slow process that takes its time to progress and reaches a pivotal point when Andy was allowed to put his banker's casket again and feels that prison didn't deprive him from his 'social quality'. Shawshank is not slow but more a patience-demanding film with a sense of decency in the way it trusts our intelligence. 

And the film's motto, on which relies its philosophical core is ""Get busy living or get busy dying"". Now, two things occur to me while writing these lines, a heart-breaking sequence about the inmate Brooks who was freed after 50 years of detention, and who realized he was institutionalized. A notion explained by Red: when the infamous wall that scared you so much becomes your personal guiding light while outside, it's all dark and your time is deconstructed. Brooks couldn't live outside Shawshank so there was no other way he could live. The second thing is the sad passing of Steve Jobs today. And as I was reading his famous Stanford speech, I couldn't help but make a connection with the beautiful message of Darabont's film, an invitation to dream, to escape from any sort of walls or obstacles put in your life and heart with as many dreams as you can fulfill, a notion illustrated by the beautiful scene when Andy put some classical music on the microphone, so the prisoners could for once elevate themselves and having an ephemeral moment of pure freedom, this is the triumph of human spirit, this understanding of the value of life is ""The Shawshank Redemption""

In the same vein than ""One Flew Over the Cuckoo's Nest"", ""Shawshank"" is a constant encouragement to fight the system and use time for the best, for whatever constitutes our dreams, being men again, able to enjoy, to feel, to give a meaning to our lives. In other words, hope, hope that things can get better despite the adversity. To quote Steve Jobs : ""Courage is the discovery that you may not win, and trying when you know you can lose."" This is the true intelligence of life, what makes it worth living.

""The Shawshank Redemption"" a powerful adaptation of Stephen King's novel is one of the greatest American films: a powerful story of courage, perseverance, hope and ultimately, friendship and humanity."
"1784280955-252","https://www.imdb.com/title/tt0111161/reviews/?ref_=tt_ov_ql_2","Perfectly written. Perfectly directed. Perfectly cast. Perfectly acted. Perfect","royals794","Oct 21, 2008","I have seen The Shawshank Redemption twice now, the second time being about a week ago. After the first time I saw it, I gave it a perfect 10 rating on IMDb, something I do very rarely (I've given out 20 ratings of 10 out of the 600+ movies I've rated). However, after just one viewing, I felt so impacted by this film that it immediately rocketed near the top of my favorite movie list. After a second viewing, I feel even more amazed by it than I was the first time I saw it. 

The movie captures your interest in the first scene and unfolds new plot points and character developments slowly at first and then more rapidly as the movie goes on. The movie runs about 130 minutes long, but it never gets boring. While it is admittedly slow paced, this only serves into its greatness. It allows the viewer to get to know the characters of Andy and Red and sympathize with them; along the way, we also get to know and grow attached to the other prisoners trapped inside Shawshank. The movie flows perfectly from one scene to the next, never feeling forced or losing your interest. The movie is mostly dialogue driven, but there are some violent scenes which help convey the brutality of prison life.

Finally, the final 30 minutes are perhaps the most satisfying in any movie. I do not want to spoil the ending for those who have never seen it, but suffice to say, the final act of the movie leaves you floored. Both times that I saw it, I was rooted to my seat long after the credits rolled, just thinking about the brilliance of the ending and the entire movie as a whole. Forrest Gump and Pulp Fiction are both great movies, highly entertaining. I particularly love Pulp Fiction; however, it is a travesty that The Shawshank Redemption did not win Best Picture. It was certainly the best film of the year in my opinion, arguably the best film of the decade, and perhaps one of the finest movies ever made. The even bigger tragedy, though, is that while Morgan Freeman earned an Oscar nomination for his great performance, Tim Robbins' turn as Andy Dufresne went without a nomination. Robbins carries the film, and his performance is truly one of the greatest I have ever seen. 

The bottom line is that The Shawshank Redmption is a perfect movie. It takes you in from the opening scene and doesn't let you go until long after it comes to a tremendous close. Along the way, it will make you think, fear, wonder, and feel a number of other emotions. If you have not seen this movie, waste no time; go rent it today and see why this is the highest ranked film on IMDb."
"1784280955-253","https://www.imdb.com/title/tt0111161/reviews/?ref_=tt_ov_ql_2","Hope is a good thing, maybe the best of things.","tccandler","May 12, 1999","Truly a masterpiece of cinema.  I hope this film gets the critical recognition it deserves as the years go by.  Almost everyone i have encountered has loved this film.  How did it not win oscars galore.  Tim Robins and Morgan Freeman are simply perfect in what is essentially a love story.  A love of hope, a love of friendship and a love of life, no matter the constraints.  I LOVE THIS FILM!"
"1784280955-254","https://www.imdb.com/title/tt0111161/reviews/?ref_=tt_ov_ql_2","One word. Outstanding.","Nermal-3","Dec 6, 1998","Now, I see what everybody was talking about. It took me 4 years to see this, in my opinion, masterpiece. If you have not seen this movie rent it anyway you can. The performances delivered by Robbins and Freeman are, to me, the pinnacle of both their careers. This film cannot help but evoke tactile imagery to the fullest capacity. You feel what the main characters are going through the sensation is uncanny. Robbins (Andy) and Freeman (""Red"") are a balance of the human spirit. Andy is your freedom-seeking hope side and ""Red"" is your rational, pessimistic counterpart. Find your equilibrium in ""The Shawshank Redemption."""
"1784280955-255","https://www.imdb.com/title/tt0111161/reviews/?ref_=tt_ov_ql_2","A great film, but #2?","Howlin Wolf","Mar 8, 2001","A great film and one that I shall be adding to my collection at some point, but #2?

One user put it very well when they said that the film's essential message of 'the human spirit conquering all' is very uplifting an' everything but sounds too much like a fortune cookie homily.

There are several films that deliver the same message just as well if not better. Jim Sheridan's ""In the Name of the Father"" springs immediately to mind. That film has a similar theme to this one (wrongful imprisonment and the struggle to come to terms with it) but is a much better film IMO. What's even more heartening is that it's also true.

Like I said, I'm not dissing the film. it IS great. From what I can remember all the performances are nicely judged (Freeman is excellent, but then what's new?), the direction is perfect because it's so unobtrusive to the story, and the film in general is uplifting. I just think it's nothing particularly new and it has been done better. Maybe my viewpoint is borne out by the fact that it only became a huge success on video release?

I gave it an 8. To me, this fact proves that I love the film, just not as much as everybody else seems to!

I think this adaptation is on a par with the short story, which was also excellent. I honestly can't agree with #2 on the top 250 list though. Is it just an American over-reaction to the movie or is every other nation as awestruck by it? Please feel free to e-mail me for discussion on this, or anything else for that matter.

#2 of 250? I don't think it would make it into my top 50 films.

Ah well, life's all about opinions..."
"1784280955-256","https://www.imdb.com/title/tt0111161/reviews/?ref_=tt_ov_ql_2","Best Movie ever!","DavidTejeras","Dec 24, 2018","One of the best movies ever made! I have watched this movie at least a 100 times. Very inspiring"
"1784280955-257","https://www.imdb.com/title/tt0111161/reviews/?ref_=tt_ov_ql_2","The best movie I've ever seen","TrickyIMDB","Aug 15, 2022","Not much to say that hasn't been said. Great acting, character development, and plot. It's the ultimate story of overcoming adversity. Movies like this aren't made anymore and it is saddening."
"1784280955-258","https://www.imdb.com/title/tt0111161/reviews/?ref_=tt_ov_ql_2","Best Ever","merrichanton","Oct 2, 2021","This is the best movie ever, I have watched a lot of movies and this one is the best of them all. The end irks great and it is just so damn good, watch the damn movie."
"1784280955-259","https://www.imdb.com/title/tt0111161/reviews/?ref_=tt_ov_ql_2","It is a good film and i like it","lillychenli","Nov 20, 2004","When i first watched it i like it at once,it is really a good film.i can learn a lot of things from it.

¡°The Shawshank Redemption"", which is a movie about time, patience and loyalty - not sexy qualities, perhaps, but they grow on you during the subterranean progress of this story, which is about how two men serving life sentences in prison become friends and find a way to fight off despair.

The story is narrated by ""Red"" Redding (Morgan Freeman), who has been inside the walls of Shawshank Prison for a very long time and is its leading entrepreneur. He can get you whatever you need: cigarettes, candy, even a little rock pick like an amateur geologist might use. One day he and his fellow inmates watch the latest busload of prisoners unload, and they make bets on who will cry during their first night in prison, and who will not. Red bets on a tall, lanky guy named Andy Dufresne (Tim Robbins), who looks like a babe in the woods. 

But Andy does not cry, and Red loses the cigarettes he wagered. Andy turns out to be a surprise to everyone in Shawshank, because within him is such a powerful reservoir of determination and strength that nothing seems to break him. Andy was a banker on the outside, and he's in for murder. He's apparently innocent, and there are all sorts of details involving his case, but after a while they take on a kind of unreality; all that counts inside prison is its own society - who is strong, who is not - and the measured passage of time. 

Red is also a lifer. From time to time, measuring the decades, he goes up in front of the parole board, and they measure the length of his term (20 years, 30 years) and ask him if he thinks he has been rehabilitated. Oh, most surely, yes, he replies; but the fire goes out of his assurances as the years march past, and there is the sense that he has been institutionalized - that, like another old lifer who kills himself after being paroled, he can no longer really envision life on the outside. 

Red's narration of the story allows him to speak for all of the prisoners, who sense a fortitude and integrity in Andy that survives the years. Andy will not kiss butt. He will not back down. But he is not violent, just formidably sure of himself. For the warden (Bob Gunton), he is both a challenge and a resource; Andy knows all about bookkeeping and tax preparation, and before long he's been moved out of his prison job in the library and assigned to the warden's office, where he sits behind an adding machine and keeps tabs on the warden's ill-gotten gains. His fame spreads, and eventually he's doing the taxes and pension plans for most of the officials of the local prison system. 

There are key moments in the film, as when Andy uses his clout to get some cold beers for his friends who are working on a roofing job. Or when he befriends the old prison librarian (James Whitmore). Or when he oversteps his boundaries and is thrown into solitary confinement. What quietly amazes everyone in the prison - and us, too - is the way he accepts the good and the bad as all part of some larger pattern than only he can fully see.

The partnership between the characters played by Tim Robbins and Morgan Freeman is crucial to the way the story unfolds. This is not a ""prison drama"" in any conventional sense of the word. It is not about violence, riots or melodrama. The word ""redemption"" is in the title for a reason. The movie is based on a story, Rita Hayworth and the Shawshank Redemption, by Stephen King, which is quite unlike most of King's work. The horror here is not of the supernatural kind, but of the sort that flows from the realization than 10, 20, 30 years of a man's life have unreeled in the same unchanging daily prison routine. 

The director, Frank Darabont, paints the prison in drab grays and shadows, so that when key events do occur, they seem to have a life of their own. 

Andy, as played by Robbins, keeps his thoughts to himself. Red, as Freeman plays him, is therefore a crucial element in the story: His close observation of this man, down through the years, provides the way we monitor changes and track the measure of his influence on those around him. And all the time there is something else happening, hidden and secret, which is revealed only at the end. 

""The Shawshank Redemption"" is not a depressing story, although I may have made it sound that way. There is a lot of life and humor in it, and warmth in the friendship that builds up between Andy and Red. There is even excitement and suspense, although not when we expect it. But mostly the film is an allegory about holding onto a sense of personal worth, despite everything. If the film is perhaps a little slow in its middle passages, maybe that is part of the idea, too, to give us a sense of the leaden passage of time, before the glory of the final redemption.

All in all, I think it is a very good film and worthy for everybody to watch, the most important sentences ¡°Hope is a good thing , maybe the best of things, No good thing ever dies.¡± It is really make us thinking deeply, and another one which was said by Red, he said that there has one kind of birds that you could never keep him in the cage, because every feather of his body was covered by the brilliance of freedom. I think everyone should remember this , everyone of us are covered by some brilliance of our own, we should never give up no matter how difficult it is! And we should remember that ¡°hope is a good thing¡± ,we should have hopes for all our lives!

--------------------------------------------------------------------------------"
"1784280955-260","https://www.imdb.com/title/tt0111161/reviews/?ref_=tt_ov_ql_2","Sure it's good, but no. 2 of all time???","Javertv","Aug 18, 2002","Sure it was a good prison movie, and much better than many other movies I've seen.  But this does NOT beat Godfather, Star Wars, or Casablanca in any way.  Watch this if you enjoy good performances and good plot, but don't expect a present-day classic ala Forrest Gump."
"1784280955-261","https://www.imdb.com/title/tt0111161/reviews/?ref_=tt_ov_ql_2","Yuck","Phracture","Sep 3, 2005","Good cast. Good story. The performances were excellent and there was both ample food for thought, and some very good scenes. Didn't hurt that i'm a big Morgan Freeman fan. Always top notch.

On the other hand, overall, the whole film was far too unpleasant, preachy, and downright repugnant, to be terribly enjoyable. When the payoff at the end finally arrived, it just wasn't grand enough to overcome the feeling i'd just crawled through the sewer.

And for this to be the #1 film on IMDb (actually second, but same score as #1 and with more votes) among far superior films like ""The Godfather"", ""Schindler's List"", ""Lord of the Rings"", and ""Casablanca"", is ludicrous. This would never even have entered the remotest regions of my mind if somebody had asked me to name some really great films."
"1784280955-262","https://www.imdb.com/title/tt0111161/reviews/?ref_=tt_ov_ql_2","The Shawshank Redemption: A Timeless Tale of Hope and Resilience","Mosabbir_Maruf","Nov 30, 2024","Few films have achieved the enduring acclaim and emotional depth of *The Shawshank Redemption*. Directed by Frank Darabont and based on a Stephen King novella, this 1994 masterpiece is more than just a prison drama-it's a profoundly moving exploration of the human spirit.

At its core, the film revolves around Andy Dufresne (played brilliantly by Tim Robbins), a banker wrongfully convicted of murdering his wife, and Ellis ""Red"" Redding (Morgan Freeman in one of his most iconic roles), a seasoned inmate. Through their unlikely friendship, the story unfolds with themes of hope, redemption, and the unyielding pursuit of freedom.

The performances are extraordinary. Robbins brings quiet dignity and determination to Andy, while Freeman's narration and portrayal of Red imbue the film with wisdom and warmth. The chemistry between the two leads is magnetic, anchoring the narrative with authenticity and emotional weight.

Roger Deakins' cinematography captures both the bleakness and beauty of Shawshank prison, with memorable shots that linger in the mind. Thomas Newman's haunting score underscores every triumph and heartbreak, elevating the storytelling to poetic levels.

What sets *The Shawshank Redemption* apart is its ability to resonate universally. It speaks to the resilience of hope even in the darkest circumstances. The poignant finale, a triumph of the human spirit, leaves audiences inspired and deeply moved.

Although it initially underperformed at the box office, *The Shawshank Redemption* has since become a cultural touchstone. Its themes are timeless, and its characters feel like old friends. It's a film that rewards repeat viewings, revealing new layers with each watch.

In summary, *The Shawshank Redemption* is not just a film-it's an experience. A story that reminds us that ""hope is a good thing, maybe the best of things."" If you haven't seen it, you owe yourself the gift of this cinematic masterpiece."
"1784280955-263","https://www.imdb.com/title/tt0111161/reviews/?ref_=tt_ov_ql_2","It's just the best movie of all time","jacobarharrson","Aug 13, 2025",""
"1784280955-264","https://www.imdb.com/title/tt0111161/reviews/?ref_=tt_ov_ql_2","Masterpiece.","MrPupkin","Oct 22, 2019","The Shawshank Redemption is a true masterpiece and a genius work of cinematic excellence. It is a true testament to human will, friendship, and determination. Quite possibly the greatest film ever made. The clashing themes of evilness and goodness within the prison system makes this film the compelling, and satisfying story it entails."
"1784280955-265","https://www.imdb.com/title/tt0111161/reviews/?ref_=tt_ov_ql_2","Reputation notwithstanding, this is powerful stuff","Mr-Fusion","Apr 14, 2016","You could describe ""The Shawshank Redemption"" in a number of ways; engrossing drama, riveting character study, top-shelf prison movie. But it's nothing it not a shining example of the power of the indomitable human spirit. You root for Andy Dufresne from the very beginning as a man unfairly targeted by fate, and you want desperately for him to succeed . . . somehow. Mixed in with all of this is a well-written story about friendship, and even a little bit of revenge to sweeten the deal. As a Stephen King story, it's a classic, and a faithful screen adaptation.

And that cast is impeccable.

9/10"
"1784280955-266","https://www.imdb.com/title/tt0111161/reviews/?ref_=tt_ov_ql_2","Now i also hope","avikshitmahajan","Oct 6, 2024","This movie taught me to never lose hope! The sheer dedication, persevere and sheer will to stay so long in the jail and do well. It teaches humans to be humans and not losing hope and facing the issues instead of giving up , procrastinating and when life beats you down you get up and face it and not lose hope ever. Many people can be your foes but you fake it till you make it. I will never forget this movie and its teaching of continously adapting to the new changes instead of giving up. The friendship in the movie despite the age gap teaches about how communication can be so fruitful to the new generation and old generation to maximise human relationships. So this movie is the best lesson that has happened to me."
"1784280955-267","https://www.imdb.com/title/tt0111161/reviews/?ref_=tt_ov_ql_2","Amazing Movie","owenschutte","Dec 4, 2024",""
"1784280955-268","https://www.imdb.com/title/tt0111161/reviews/?ref_=tt_ov_ql_2","The best movie of my life","wwwsohailhassan","Oct 11, 2020","This is not just a movie. I cant explain it. A truly masterpiece, which tells the lesson that hope never ever dies, live your life"
"1784280955-269","https://www.imdb.com/title/tt0111161/reviews/?ref_=tt_ov_ql_2","What it means to be a human","sarthak889","Dec 12, 2024",""
"1784280955-270","https://www.imdb.com/title/tt0111161/reviews/?ref_=tt_ov_ql_2","Listen up!","frankjlars","Aug 1, 2003","I don't want to offend anyone, some of you actually seem quite intelligent, but listen up: If a movie is on the on top 250 list, in this case second from top, it simply states that this film is the second best liked film in the ""IMDB"" world. You can't argue that it don't deserve it just because it aren't as creative, innovative, artistic or influential as many other films are. ""THE SECOND BEST LIKED""! It's a fact. Swallow the truth.

Movie lovers, as opposed to the general movie enjoyer, have, like most disciples of art a much more developed, or trained mind when it comes down to their field of obsession and will choose accordingly. (You can't expect your classmates to love jazz, prog rock and classical music, just because you do.) Shawshank Redemtion is, obviously, generaly an enormously likeable movie and even some of the most artsy people people I know accept it as valid and enjoyable entertainment. In my book it rates a solid 9/10. It's indeed, along with Back to the future (that ranks high much because it hit me so hard in my early youth.), my favourite mainstream movie of all time!

FJL from Norway"
"1784280955-271","https://www.imdb.com/title/tt0111161/reviews/?ref_=tt_ov_ql_2","Why? Why? Why?","ulanbator3","Sep 30, 2004","I just don't get it. It's not that I think this is an awful movie or anything, but no.2? Look at the rest of the movies in the top 10. Does it REALLY stand comparison with the Godfather or Seven Samurai? I think not. It's a manipulative, sentimental Sunday afternoon movie, raised above B-standard by some quality turns by talented actors. Nothing more. And who cares whether Andy could put the poster back in place or not. It's a patently ridiculous 'escape' to begin with. I understand that most of the people on this site will have a pop at me for being a snob, but the fact is I love Star Wars and Lord of the Rings and other 'blockbuster' movies. But if you're looking for a genuinely affecting drama, this doesn't cut the mustard. Sorry, guys, but you're all wrong."
"1784280955-272","https://www.imdb.com/title/tt0111161/reviews/?ref_=tt_ov_ql_2","It is ordinary movie only..","travnicek","Apr 26, 2002","I don´t like movies about ""way of life"" or about a hope. In this movie is handled a problem with ""normal life"" or with resolution to take a life to ""own hands"". A topic of this film is such like Papillon. This is not an authentic subject, this is not an authentic movie...."
"1784280955-273","https://www.imdb.com/title/tt0111161/reviews/?ref_=tt_ov_ql_2","Devine","aker0d","Dec 20, 2024","I put off seeing this movie for a whole twenty-eight years, for the reason that I thought the movie was overrated. Today I saw this movie - it's a masterpiece. Even after almost 30 years the movie looks fresh, it conveys very important human themes and makes you think.

Morgan Freeman is a true example of how an actor should be acting in our years.

For the sake of this movie are obliged to enter a score of eleven, because all the tens that I put are not deserved in front of this movie.

Joy, regret, tears, I recommend this movie to literally every person on this planet. You will definitely not regret it."
"1784280955-274","https://www.imdb.com/title/tt0111161/reviews/?ref_=tt_ov_ql_2","Redeeming.","anaconda-40658","Oct 6, 2015",""
