title,review_text,username,date
7 years later,"Sometimes I just need to see the start. Or end. Or a trailer. Or the music and theme from Hans Zimmer. Or the whole movie. Just to feel that thing, I only get from this movie. That the earth, space and time are something special, mystical. I never forget the first time I saw this movie, in an IMAX theatre in 2014. I was struck by it. Totally got me. And it stil does, 7 years later. This is the best movie ever made for me. Because of the feeling it gives me, no other movie can. So hard to get all of this emotion in only one movie. Brilliant.",ravesch-83770,2021-10-29
I waited 5 years to watch it again,"After watching this insane movie in the theatres back in 2014 I swore to god I will wait 5 years to watch it again so I get to forget it and experince the insanity it has again
This without doubt is THE BEST MOVIE EVER MADE",Ksa-2010,2019-06-26
Out of this world,"A lot has been said and written about Interstellar. You can obviously take apart any movie that is out there. You'll either love this one or you won't. I kind of would have loved to have watched this on an IMAX screen, the sheer scope of the whole thing. It's just amazing, what Nolan has put on screen here. It's not only the visual experience (there is no 3D here by the way), it's the story/ride you take with it. It might be clear to some earlier than to others, where it's heading (no pun intended), but it doesn't change the fact that it's beautiful ... and terrifying at the same time.

Going out and saying this will be considered a classic, might not be too far stretched, but you still can never predict those things. The deserved love the movie gets on IMDb and other places would be an indicator that this will ring true though. The acting is really good, but I can understand if some people have issues with the ending. But the movie had to end in one way or another. It's the best possible way this could go, even if it's not in our grasps just yet ...",kosmasp,2015-05-31
Masterpiece,"Amongst the best movies of all time. The story, the acting, the script, the cinematography, the effects, the sound and the production as a whole is all absolute 10/10's.

But what beats all of that is Hans Zimmers compositions. How he continues to churn out perfection to the senses is mindblowing.",e-jackson1985,2022-05-08
A visual and auditory marvel,"Interstellar is a movie like no other. Unlike many apocalyptic sci-fi films that feature advanced technology as the source of our destruction (ala The Terminator movies), it instead asserts that technology will save us.

Not everyone in Interstellar recognizes the potential of advanced technology. Most dismiss it as a waste of time and resources, and not just old curmudgeons feel this way. Thoughtful, intelligent young characters share this sentiment. This belief gained steam following a world-wide blight that wiped out the vast majority of life on earth—crops and humans.

Farming became paramount while advanced technology was deemed frivolous. Cooper (McConaughey) remains one of the few survivors who still appreciates the need for engineering. He feels like a man lost in time, until he stumbles into the headquarters of NASA (which had been operating in secret due to public disapproval). Here he meets others who realize that a return to our old ways is unsustainable and will ultimately lead to our demise. We need technology to save us. As Michael Caine, playing the brilliant (duh!) Professor Brand, eloquently tells Cooper, ""we were never meant to save the world. We were meant to leave it."" For a movie that won an Oscar for Best Visual Effects (and deservedly so) the sound stole the show. Hans Zimmer (Dark Knight Trilogy) unleashed a performance that was, quite appropriately, out of this world. Never have I seen a movie elevated so much by its score. The sound literally took my breath away. Forgive me for the next paragraph. I will gush irresponsibly about the magic that is this movie's sound. Skip it if you please. You have your warning.

The music fueled every important scene. In every meaningful moment Zimmer's harmonies captivated watchers' attention in the way of a coach commanding a locker room with a pregame speech. The music elucidated those emotional scenes, particularly ones featuring Cooper and his daughter, in a way that no words or visual ques possibly could. I sat frozen, jaw agape, with tears pouring down my cheeks as the music completely overwhelmed my emotions. The sound penetrated my soul and reverberated through my body, flowing to my appendages, supplying me with life like a heartbeat pumping blood through my veins. The music was truly the life force of movie.

Yes, we all witnessed a visual triumph, a daring creative wonder the likes of which we haven't encountered since Inception. Yes, nearly every actor's performance proved worthy of commendation. McConaughey is on fire. Chastain is blossoming into a star. At this point Michael Cain exudes such knowledge and wisdom by merely appearing on screen that if he were cast as Albert Einstein, people would wonder if the role were beneath him. All this considered, and the sound still towered over everything.

I walked out of the theater believing that I had experienced something unique, something truly special. Interstellar inspires, it awes, and above all it entertains. I cannot ask for more than that.",Jared_Andrews,2016-04-13
It's 2025 and I'm here sobbing after re-watching this masterpiece,"I think of movies as an art form that evokes emotions in us, homo sapiens. Interstellar is one of those rare pieces of art that stirs the deepest, unexplainable feelings about what it means to be alive-aware of our temporary existence yet capable of imagining beyond time, into the infinite. Its exploration of love, sacrifice, and the unknown feels profoundly human, connecting us to something greater. The visuals are breathtaking, the score is hauntingly beautiful, and the story resonates on an emotional and philosophical level. This movie made me cry, not just for its sadness, but for its sheer, overwhelming beauty.",the_danny,2025-01-02
Best movie I have seen in my life,"This movie was the best written, acted, visual effected, etc. movie. This movie was the best movie I have ever seen. I am a huge Christopher Nolan fan and this movie was his finest. Matthew McConaughey turned in his best performance of his lifetime. Anne Hathaway was an amazing supporting actress and compared to her performance in Les Miserables, I have no idea how she didn't get an Oscar for this. The visual effects were more than just Oscar worthy. They were pioneering. I have never seen anything like it. One thing I would recommend is having a little previous knowledge about space. Not like Einstein stuff though. I would recommend you see this movie as fast as you can if you are a Nolan fan or not. I give this movie a rating of 97 out of 100.",Patterson13,2015-04-08
Possibly the best movie of all time,"I think just about everything has been said about this film now. But, I can still tell you what this masterpiece is to me. To me, this movie is possibly the most relevant movie ever, because it questions our own humanity relative to the Universe. Whether that's our ability to love, think, or persevere and walk into the unknown. We are explorers, and curious at heart. This untameable curiosity is not our end, but our beginning. It is what advanced this civilization and it will continue to do so. So never, never let anybody tell you that we shouldn't look towards the stars and wonder, because that's what makes us human. Without this stargazing we are merely animals, accepting our fate in the dust...",theoledoux,2021-04-06
Masterpiece,A science-fiction masterpiece. Nolan executes a marvelous direction that slowly but efficiently puts in place a dark world creating a necessity to save humanity. Add to that great performances from Nolan and Hathaway plus a great score from Hans Zimmer. The result is on the best science-fiction movies of all time.,aheaven2005,2022-06-25
The best film I have ever seen,All is amazing. I can't describe anything. It's a film that leads you to think about yourself and your plans in your life. I am a real series/movies' lover and... This was awesome.,fontenlabrador,2019-04-17
"Unmatched visuals and writing, yet sentimentalist and most definitely not Nolan's best directorial work","I will keep this short for the sake of not spoiling anything.

Right off i should say I love Nolan. I adore most of his movies, and Interstellar is no exception. It is a marvelous piece of work whose visuals will be hard to forget. His shots of space and the way he played with colors is rather masterful. Maybe i expected it to be greater than what i saw, but even though i was moved by the movie i did not quite feel like he created something great with 'Interstellar.' This could be attributed maybe to his overuse of sentimentalism in the father-daughter relationship he creates. Nolan really tries to make you cry with this one. I have never seen him use such powerful emotions in his movies; however that is not necessarily a good thing for this movie, given that he uses his time trying to develop a family relationship at the expense of flow and congruency. Again, the Visuals are completely off the charts. The visual imagery is truly beautiful and something that Nolan has always excelled at. Given that the most visually stunning movie in recent years, Gravity, recently came out, Interstellar does not lag behind and shows you a spectacle of Visual effects.He will most likely win Visual effects at the Oscars. The Hans's score is marvelous and will most likely earn an Oscar nomination. Matthew Mcconaughey's acting is good, but nothing stellar, especially coming off the best acting role of his career. He plays the character like it should be played, but Nolan's characters never being truly drawn out or rounded does not help him any.The same can be said for the rest of the cast. The little girl was marvelous though. I do not want to reveal any piece of the story whatsoever, but i have to say, it is one of the most original scripts i've ever seen. 

Ultimately this movie is entertaining. There is no way Nolan can miss that. Another great thing that Nolan excels at is INSPIRING. By the time the credits rolled and people walked out, I sat there still in awe at the strong sense of human will the movie conveys. Personally, I don't think this is Nolan's best. I believe Memento stands as his masterpiece. But with Nolan, everyone has their own favorite movie. Maybe for some, Interstellar will be their favorite movie, for it is really Nolan's most ambitious and visually-striking work. 

By the way, Anyone else who even tries to compare Interstellar to ""2001: A Space Odyssey"" is out of their mind. Kubrick's mission was to create art. Nolan in ""Interstellar"" sets to awe and inspire its audiences. It is truly a great piece of work.",gonzaloltovilla,2014-10-29
Glad i didn't watch the trailer,"Interstellar - Review

Certain things in life are precious. Very precious. And so was the Film for me.

Why you might ask?

Well seldom do i get the chance where i find myself sitting in a cinema anxious and intrigued by what might come. In a time where trailers are omnipresent and going to the movies without having seen one seems unreasonable, outright stupid to some i had the magical chance to find myself in front of the IMAX on a cold November night with 2 tickets to Interstellar. My only knowledge was that Nolan directed it and McConaughey stars in it.

The images were brilliant the acting was top notch and everything was blended together by Hans Zimmer and his Music. 169 minutes flew by me with my eyes fixed on the screen and my heart racing. And there it was.. The ending. I couldn't believe it . I was reliving, rethinking the movie while the credit scenes rolled enjoying the moment, the smell of popcorn, my comfortable seat and what do i see next to me? Ninety percent of the people in the cinema rushing outside after the first second of the credit scenes. 

.. 

.

Well apparently people enjoy movies different than i do. Maybe i should start watching trailers again :).",christopher-stiedl,2015-12-14
I would rate 11/10,"I hadn't seen this but movie and caught it on a flight back from the DR. 
One of my favorite movies of all time. I would give the first half of the movie an 11/10, just completely enjoyed it as a sci fi/ thriller(in the sense of so much always being on the line). I loved the acting and just yeah, a great movie and one you should go see if you never have",mysteryvoiceman,2018-06-24
"Nolan's masterpiece, one of the best sci-fi movie","I have been a cinema lover for years, read a lot of reviews on IMDb and everywhere, and never found the right movie to write my first review. I always thought I would wait for THE movie.

And this is IT!

When I first heard that Nolan was preparing a sci-fi movie, I felt like a kid again, waiting for his Christmas gift under the tree. I knew it would become a classic. And I'm sure it will.

First of all, it is incredibly beautiful to watch. Honestly, it was so beautiful that I felt like I was sucked into the movie. The way Nolan decided to show some scenes really remind me of 2001 A Space Odyssey (actually many things will probably remind you of this movie). We can feel the talent of Christopher Nolan, just by looking at the way it is filmed. The techniques he used contribute to create that visual environment in a believable way.

The sound environment is just mesmerizing. It is a very important part of the movie, because some scenes take place in space, and Noland just found the right way to use sound. The soundtrack (made by the great Hans Zimmer) is breathtaking, epic, amazing, unreal. I could find a lot more adjectives to qualify it, but you have to hear it to understand how epic they are. 

These two important parts (image and sound) create a stunning atmosphere. You will forget you are in a movie theater, and you will be lost in space, sucked into the adventures of this new Space Odyssey, begging for more. It is a truly unique experience. I can say that I have never felt something like that in a movie theater (at least not for the past ten years).

Then, of course, the cast. First of all, Matthew McConaughey. I discovered this actor in Tropic Thunder, but he didn't really convince me, though he was quite funny. Then I saw Dallas Buyers Club. Since that movie, I love him. In this movie... Well, he is the movie. I exaggerate a bit, since there are other great actors (some even unexpected with a special guest) who play extremely well. But he is just what was needed to feel the human part of the story (which is very important in Interstellar). He is capable of making us feel so many different emotions all along the story, as a father, as a human. Anne Hathaway was very convincing, all together the actors managed to create some harmony, which makes the human interactions credible. Caine, Chastaing and Affleck are a perfect choice. And then there is... The special guest, I will call him ""X"". His role, which could be seen as a minor role, is actually much more important than that. He proves, once again, that he is a great actor. Watch and see.

And finally, the scenario/story. I won't spoil anything here; I'll just try to convince you how great it is. Nolan is known to revolutionize everything when he tries a new genre in cinema. Well, once again he did it. With The Dark Knight he revolutionized the superhero genre. With Interstellar he's revolutionizing the sci-fi genre in cinema. From what I heard, he worked with a physicist (in gravitational physics and astrophysics) to help him with that movie. And we can feel and see it. During the fifties, Asimov laid the foundations of modern science fiction. Lucas and Kubrick did the same in cinema. Today, Nolan is laying the new foundations of the genre in cinema, proving that cinema is still at the beginning of what can be done (brace yourselves my friends, we have not seen anything yet). 

Why? Well, simply because we only know a few things about space, some things can't be proved for the moment, so we can use theory, and make the best of it. That is exactly what Nolan did. He used theories that exist today, and made a movie about mankind, about pioneers, about humanity, about us.

Because, in spite of all the sci-fi aspect, it is a story about humanity. McConaughey, Hathaway, and mainly ""X"", will managed to convince you about that.

My rating for this movie can only be a 10, because in itself, it is a beginning for a new kind of cinema. It IS a classic. Those who say ""we can't compare this movie to 2001 Space Odyssey, nor can we compare Nolan to Kubrick"" are wrong. We can, and we should. Talented people don't live only in the past, some genius live today, among us. And Nolan is one of them. Many say that he is overrated. I truly don't think so. Only time will answer that.

This is the sci-fi movie of the decade, and probably the best movie Nolan ever made. Just go for it, without a second thought.",pipoulefr,2014-11-05
The best of all Time,"There is not even a single day I don't think of this movie, it's scenes , it has a profound impact on me and it shall remain with me forever.",evolvingh,2020-08-28
Mankind Achievement,"THIS IS A MANKIND ACHIEVEMENT.

THE BEST MOVIE EVER MADE.

IS ANYONE HAS DOUBT?",AhmadAlRubaie84,2019-10-06
A Visually Monumental And Thoughtful Sci-Fi Epic,"I was extremely lucky to get the chance to see this film upon its first day release, before entering the cinema, my expectations were already high, after all, this was a film from the cinematic genius who brought us the likes of 'Inception' and 'The Dark Knight', to summarise the following review in a single sentence: I left the cinema in extreme awe from the visual masterpiece I had just viewed. A film that explores the psychological and emotional state of a man whose life revolves around his family, 'Interstellar' is a thrilling and thought-provoking film that boasts an intellectual story masterfully written by the Nolan brothers. Whilst there seems to have been influence from films like '2001: A Space Odyssey' and 'Apollo 13', 'Interstellar' is unique in its own way. Whilst the subject may be hard to comprehend at times, it can't be denied how visually monumental and thoughtful Christopher Nolan's epic science fiction masterpiece is, and can easily be named the best film of this year and possibly one of the greatest science fiction films to have ever graced the screen. A sheer brilliant feat of cinema.",CalRhys,2014-11-08
Pretty Pictures do not make up for the lack of story,"You would think the story is adventurous, exciting, beautiful! Its not at all what I had hoped. It is slow, dark as a black hole, loud as an old Barton Theater Organ playing Fugue in D Minor interesting as a litter box. 

The story is thin.....I can't blame the actors, the entire plot is pretty simple. Can't inhabit earth, find somewhere else to live. Interstellar is a repeat of time continuum stories you have heard or seen before, I wont spoil it, but it's all been told before. 

Dialog is dreary, slow, ponderous. The comparison to 2001 is preposterous. The wonder and awe of 2001 and other movies before it was it had never been done it was the first. 2001 was all done without the advanced technology we have in computer imagery we have today. 2001 was a pioneering effort. This is not at all pioneering, inventive or surprising if you read science fiction at all. 

The imagery is not all that unique or impressive. The constant thumping and droning of background music was mind numbing. Most of the show I was trying to nod off, but for the LOUD THEATER ORGAN playing in the background I probably would have. 

I have to agree with some of the reviewers who thought the whole show was ridiculous and in some ways they are right. Somehow science has advanced enough to create interstellar space travel but not far enough to build power cells, clean power, they are still burning fossil fuels. The robots are Lego like, silly looking clunks of stainless steel....it is all so ridiculous. 

I would not call this HORRIBLE or AWFUL I have seen some real stinkers over the years. Interstellar is not so ridiculous it is a parody of a good movie it is just not a great movie some had hoped it to be.",craig-340-777546,2015-05-20
Interstellar : An open-hearted & mastered Human Odyssey,"The film begins by establishing at his own rhythm its ambitions: men overexploited land resources, which is why the only goal they have left is to survive. This life is not enough for Cooper, brilliantly played by McConaughey who gave body and soul to this character. But all of this wouldn't hold without the total control of Christopher Nolan, based on the languishing soundtrack by Hans Zimmer, the luminous and impenetrable photography of Hoyte Van Hoytema, and the sincerity of Nolan's directing. He manages to film the characters and to find the right cut at the right time, always in harmony with Hans Zimmer's soundtrack, to give the film an aspiring and inspiring dimension that went missing for many many years. Thus we are transported into the same cockpit that Cooper, we feel the same remorse that he can already feel, we feel the same gravity, and we feel the same fear of the unknown melted with the force of his will. All of this is brilliantly illustrated in a very simple directing choice, which from my point of view is the decisive impetus of the film: to directly jump from when Cooper leaves in his truck, leaving his family behind him, to Endurance taking off. This simple editing decision allows Nolan to give an original movement to his film, and the musical crescendo makes us physically feel the sentimental break between two parts of the film.

You don't necessarily have to understand it immediately : The film will raise questions in you, such as : what is it to be a human being, is there some physical limitations to our humanity, how far could we be willing to go to determine knowledge, is there other dimensions that we can not access to, and above all: what is the nature of this intact and immutable bond that unites us to others wherever we are in the universe ? Is this bond only intelligible, or is it also tangible ? All these questions resonate in harmony in Nolan's Interstellar. 

Interstellar is itself a crescendo, increasing sensitivity and creativity. I use the term deliberately because it goes crescendo with the soundtrack by Hans Zimmer, which is one of the most beautiful music ever scored for a sci-fi movie. We are witnessing a perfect musical arrangement, a total symbiosis, a bit like the music of Gravity which had understood very well how to match the image and the rhythm of a sequence to its own musicality. Zimmer's crescendos are giving a new powerful breath to every new scene, whether it is in visually powerful & intense moments or in more intimate moments; it intrudes into our momentary feelings and sensations, and manages to extend them, sometimes almost to choking, before resting on the balance of the film frame along with our mind spell-bounded. 

I have seen all the talent of the director that I knew he was outside the norm, but whom I did not know his capacity to reinvent itself. Because this is it: Interstellar is not an action movie, not really a blockbuster, and it goes not entirely but mostly again the expectations of common people. It's much more than that. This is much more than just a sci-fi movie. It is unlike any of his previous films. Some hoped to see Interstellar as Christopher Nolan's best film, and they were disappointed that this was not the case. And indeed, THIS IS NOT THE BEST FILM of Christopher Nolan. Because in a way, IT IS HIS FIRST FILM. I'm not saying that Interstellar is not as good as his other films, it goes beyond all of them. But to me Interstellar is the first film of a new stage in Nolan's filmography ; it is a masterpiece as it the beginning of a work ahead. Interstellar is the proof that Nolan has finally managed, despite all the expectations that were placed on him after the success of The Dark Knight, to move away from his own reputation to create a personal work, original, humble, sincere and deeply, meticulously, measured.

Now, in this third act of the film, it all comes to life with unparalleled strength. Nolan poses and answers questions that raise others. But he focuses his attention on the great mystery of love, that emotional bond that can unite men and sometimes separate them. But Nolan is the only one that can successfully speak of love from a being to another in a film that mainly takes place in a another galaxy. From my point of view, only Solaris by Steven Soderbergh (2002), unfortunately neglected by the audience, was able to accomplish that. Interstellar is based on a premise which is the following : from terrestrial dust to the depths of space and time, we can never be separated from who we are as individuals and as a species, as we always leave a part of ourselves ""behind"" us. In other words, I could say that this is a human story, and even if we go as far as we want to, if we travel through the universe believing that we can be detached of the one we are fond of, we will only get closer to them. Because the separation, and thus the distance and time, can only ultimately reinforce the relationship between the people who really love each other. Because it is going to the end of the world, when we reach the end of ourselves, that we reach the singularity of the ""black hole beyond the horizon"" * : it is our humanity. No, I wasn't been able to find any bad flaws in the film. Not one, and I'm still looking. After all, Interstellar is like gravity, ""all it takes is a little push ! ""

*you'll have to see the movie to figure that one out.

Félix Tardieu, November 1st, 2014",tardieu-felix,2014-11-01
Seriously people??,"I do not know what kind of PR team the production team has hired to promote this film, but obviously they are doing great job as it has already higher score than Inception... Seriously guys??? This film has 5/10 stars at best, and even that for just potential. Rest of it is lost because the film has absolutely no logic to it.

Stupid, illogical and at times really boring and long. Even though I am no scientist, it was so stupid on so many levels with even the most basic of facts that I have no comments to this....

Set your expectations low- no way in hell does this film deserve any of that praise posted here....",mvider82,2014-11-07
Absolutely incredible; truly a must-watch,"It's difficult to put into words how powerful this film is. In fact, I'd go as far to say as this is so much more than just a film. After watching this, you somehow feel as if you've experienced a whole lifetime in a mere 3 hours. There isn't a single moment that goes unwasted; everything is purposeful.

This is a sci-fi film in which the 'fi' part enables the film to convery so many powerful messages. It puts just the right amout of focus on science without trying too hard to explain or prove itself. To me, one of the most powerful effects this film has left me with is the concept of impermanence. Our time on this world is finite and we should cherish and embrace it as much as we can. The film also fiddles with the concept of time and uses it as an integral part of the plot. But perhaps the most powerful message of this film is of the human condition. Yes, as humans we have our shortcomings. But we can also show remarkable empathy, dedication and ingenuity.

I would be lying if I said I wasn't highly emotional while watching this film. In fact, I found myself breaking into tears several times throughout the film. I know this review wasn't very analytical - I will say the following though: this film is so immersive and well done that you forget you're watching a film. The acting is simply superb and believable at all times. Reviewing this without talking about the audio and the music would be a great disservice. The film is accompanied by one of the most brilliant soundtracks. From a composition perspective, it might seem that there isn't a lot going on in the music. But the power of the soundtrack is in its simplicity and the emotions it manages to evoke.

I will end this review by saying that I truly think this film has made me a better person in some sense. It reminded me of how powerful humans can be, and how we should use our finite time on this planet to care and be empathic towards each other and our planet.",zivshechtman,2023-01-14
Absolutely Brilliant,"A team of explorers travel through a wormhole in an attempt to ensure humanity's survival.

Going into this I had mixed feelings because some have praised it, others have panned it, and some say it is good with reservations. There were allegedly issues with he sound in theaters, and any number of other issues. Then, when we get to the Oscars, the film gets nominations in the technical fields but not in the top honors.

This was wrong. Maybe this is not the best role from Matthew McConaughey or Anne Hathaway. Though, the fact that a ""Hathaway hater"" like myself enjoyed it should say something. And I think Jessica Chastain should have received a Best Supporting nomination. She easily outshines Laura Dern in ""Wild"".

This may be the greatest ever film about physics.",gavin6942,2015-01-25
"An Emotional, Beautiful Journey into the Unknown","(This is both a review of the film, and an assertion of Christopher Nolan's filmmaking style)

There have been many reviewers and critics alike that have high praise for the film (the visual effects, the acting, the music), but say how it's not Christopher Nolan's best directed film. This is where i personally would have to disagree. Before i get into it, though, i'll talk about Interstellar a bit.

Interstellar is truly a sci-fi epic like no other. To compare said film to '2001: A Space Odyssey' isn't just a disservice, but unnecessary. The films are almost nothing alike, simply sharing small plot elements. Also, Stanley Kubrick's vision of Arthur C. Clarke's sci-fi epic wasn't to ponder the philosophical questions that accompanied the story, but to make art, and art is was, and is. With Interstellar, Mr. Nolan set out to make his most personal and emotional film to date about love and time (time being a recurring theme throughout all of Nolan's films). But it's so much more than that too. There are no words to express the epic journey Nolan takes us on in the film, but needless to say, it's tear-jerking and emotional throughout. The acting is top-notch, especially McConaughey, who gives (I would say) his most emotional performance yet. But the actor who stole the show in a few scenes (one in particular, when they're on an alien planet) was David Gyasi as Romilly, one of the astronauts aboard the Endurance, their spacecraft. The musical score from Hans Zimmer is, without a doubt, his best and most influential work to date, helping drive the film's bold and breath-taking vision (the church organ helped significantly). The visual effects are easily the best to date as well, and of the year. To see a black hole created through visual effects in such a way, with pages theoretical equations provided by Kip Thorne (theoretical physicist, of whom's work inspired the film's genesis); what you see in the film is the most realistic depiction of a black hole, and even offered new insight to accretion discs surrounding the anomalies. But even everything else, from the alien planets to the Endurance, the visuals always look real. Then, there's the writing. I would definitely have to say this has some of the best dialogue i've ever heard in a sci-fi movie, and the script continually pours or oozes emotion, keeping the audience tethered to the film.

Now, about Mr. Nolan. Don't just look at Nolan, but look at his films. Some say Inception would be his masterpiece, while others would say it's The Dark Knight, or Memento. But honestly, every single film Christopher Nolan has directed is a masterpiece not of its genre, but of Nolan. Following is his quiet masterpiece, not the film that put Mr. Nolan on the map as a phenomenal director, but one people visited or revisited after becoming accustomed to Nolan, after seeing Memento, what could be called his breakout masterpiece. Then, right after, he directed the remake of the Norwegian thriller, Insomnia. This, too, could be considered a masterpiece, even if a remake. Then, we were given his take on the Batman universe, starting with Batman Begins, the origin masterpiece. Then, there's The Prestige, adapted from the novel of the same name, which can be called his dark masterpiece. The Dark Knight, his bold masterpiece; Inception, his complex masterpiece, and The Dark Knight Rises, his flawed masterpiece. Now, we have Interstellar, his emotional or personal masterpiece.

This is just my looking at Nolan and his films, but whatever your thoughts are, you can't deny Interstellar is one hell of a journey. He certainly is one of the best filmmakers of our time, and of all time. I can't wait to see what he does next, but i'm not sure it will be as emotionally powerful as Interstellar.",slayerjmk95,2014-11-03
A visual masterpiece.,"The fate of humanity rests in the hands of a small number of NASA pilots, who travel through a work hole in search of a new home.

I've only watched it for the second time, the first being when it first arrived on the big screen. My opinion hasn't altered since the viewing, it's an epic masterpiece, the story holds up remarkably well, but the acting and visuals all contribute to make this film something very special.

The story is remarkably good, it's cohesive, well balanced, it makes sense.

Matthew McConaughey's best film role still for me, he's awesome as the lead character, superbly supported by both Anne Hathaway and Michael Caine, it really is a well made epic.

The visuals, the special effects are all tremendous, and have held up as the years have gone past, it remains one of the most incredibly beautiful visual films of all time.

Epic 10/10.",Sleepin_Dragon,2022-12-26
'Interstellar',"'Interstellar' was incredible. The visuals, the score, the acting, were all amazing. The plot is definitely one of the most original I've seen in a while. Most of the critic reviews have said that some bits are a little too unbelievable, but I have to disagree. Yes, there were some parts that were definitely in the ""fi"" part of sci-fi. But the thing is, 'Interstellar' deals with concepts that we know very little about. We have no idea what the 4th or 5th dimension is like, or what it would be like to go through a wormhole or a black hole. I don't think it's fair to call something unbelievable, when we have absolutely no idea what WOULD be believable in those circumstances. Either way, excellent writing from the Nolan brothers. The visuals were outstanding, and will no doubt be nominated for an Oscar. The performances were excellent, though nothing Oscar worthy, as is the case with most of Nolan's films ('The Dark Knight' being the obvious exception). Hans Zimmer's score was amazing and blended perfectly with the film. All in all, 'Interstellar' is an excellent movie, which I personally think is Nolan's most beautiful film to date.",millert1409,2014-11-05
Sound issues,"I understand Mr. Nolan purposely made the dialogue in Interstellar indistinct to achieve some artistic goal. Unfortunately, I, being almost completely deaf, could not understand enough dialogue to even guess what was going on. I can usually get by without close captioning, but in this case, it was impossible. If I had known this going in, I would have opted for a theater with close captioning . . . whoops, this wasn't digital. Sarcasm aside, I guess Mr. Nolan did not think about how his decisions impacted the hearing impaired. I did not vote because it would not be fair to judge the book solely by its cover. I need to see the movie again with closed captioning before I can vote. I hope I didn't spoil this for anyone. Mr Nolan sure spoiled it for me.",george-617-695318,2014-11-24
I've never seen a movie so good in a long time,"This movie is no doubt the best I've ever scene this movie gives you everything emotions,love,hype,excitement,etc..
In my opinion this is the best movie made by Christopher nolan. The ending is so good that I had to watch it twice I loved this movie so much and tbh I don't think any movie will Top this one for me .",bomberh-86128,2022-07-06
"Good, but Overrated","This is a movie with plenty of things going for it. Great performances, incredible visual effects, an interesting story, and tons of really cool concepts, which make for a few genuinely powerful scenes, However, that doesn't make it the flawless masterpiece of cinematic genius everybody is labeling it as. There are tons of people giving this movie 10/10 ratings, leading to a user rating of 8.7, and it is now #29 on the IMDb top 250. WOW! That is a lot of praise! On the top 250, ""Interstellar"" is above ""Casablanca"", ""Raiders of the Lost Ark"", ""Psycho"", ""Apocalypse Now"", and ""CITIZEN KANE""! According to the users on IMDb, this movie's better than ""Citizen Kane"", which has been known as possibly the greatest film of all time!

Is is better than ""Citizen Kane""? No, not even close. The film is full of flaws, the biggest being the runtime. I may never see this movie again because of how long it felt! It feels like a lot of scenes are unneeded, and were made just so the movie could be longer, because Christopher Nolan wanted to make it seem really epic. I'm sure if Nolan cut a huge chunk of the movie out, it would've been better. A film by Nolan that is better than this one is ""The Dark Knight"", which has a somewhat long runtime, but it feels way shorter than it's runtime, and is extremely entertaining throughout. ""Interstellar"" is so long that it starts to really drag on and, at times, I began to just zone out.

The film is also a bit too dramatic. The dialogue about how ""love conquers all"" seemed very unnecessarily corny, as well as a few other select scenes in the movie. However, some sequences were quite powerful, especially the ending, which, actually, was kind of creepy. The concept of time was very prominent throughout the film, and it lead to some pretty creative and powerful sequences.

Overall, the film is recommended, but you should be warned that this movie was LOOOOOOOONG!!!!!!",framptonhollis,2015-08-29
Makes three hours feel like a lifetime - awful,"OK, I'll keep this brief, but I'll also nail my credentials to the mast first. I know science, cosmology, sci-fi and film-making pretty well. I have, in the past taught film studies at degree level, and worked on the production of more than one major Hollywood sci-fi film. I read Stephen Baxter and I like space stuff a lot. More than a lot. And why am I telling you this? Because I should have loved ""Interstellar"", but I didn't for one simple reason: It is a truly dreadful piece of film-making.

I won't even bother with dissecting the ""science"" in the film, because that isn't really the issue (it is wrong on pretty much every level). I'm not even going to bother complaining about the absurd audio balance in the sound mix. And I'll ignore the sub-standard special effects - because FX don't a great movie make.

The issues I have with Interstellar are essentially these: The film is an arse-numbing three hours long, and feels far longer. The pace is stunningly poorly judged - the first hour in particular could have been cut to ten minutes and far more would have been gained than lost.

The characters are paper-thin, and I didn't care about any of them. The plot is entirely derivative (mostly of the vastly superior ""Contact""). The special effects aren't special at all and the editing (or lack of) is so self-indulgent it is a text book example of a director so enamoured with his project that he loses objectivity. The result is a plodding, flabby, and desperately dull movie devoid of any real excitement or emotional impact.

I won't go on, but special mention must be made of the planets - Paddling World and Coldworld. You see virtually nothing of either, and so utterly uninteresting are they that what should have been a moment of genuine cinematic wonderment was squandered with a bit of poor CGI painfully inferior to ""A Perfect Storm"" and a location less dramatic than your own back garden.

I've probably not been a brief as I intended, but as I write this I feel the disappointment and actual anger I felt on leaving the cinema bubbling to the surface again. It was a total let-down and a waste of more than three hours of my life. The gushing reviews on here are ridiculous and absurd, and I am forced to conclude that reviewers either watched a different film to me, or saw something so brilliant it completely passed me by. I am fairly confident I didn't doze off, although I desperately wanted to.

So in conclusion, ""Contact"" did all of this far, far better, fifteen years ago. In Contact the characters are human, believable, beautifully realised and you care what happens to them. The relationship between Father and Daughter is deeply moving and inspiring. But then the plot is far more sophisticated anyway, dealing with the social tensions and impact of the discovery of extra-terrestrial life, the science is accurate and entirely plausible (it was written by Carl Sagan after all), the movie is genuinely thrilling and full of spectacle, and it has something very profound to say.

Contact is everything Interstellar is not, and it has a considerably shorter running time. Contact brought tears to my eyes, Interstellar bored me to tears.",BlokeWithABrainUK,2014-11-21
It's one of those movies,"The ones that you still think of weeks even months later. The ones that make you think and leave you breathless. The ones that inspire you to want to change your life after a mere two and a half hours.

I watched this movie the first time over a month and a half ago and it still crops up in my mind. The thought of space travel excites me along with countless others and this movie has literally made me rethink my life choices and pushed me into wanting to become an astronaut. As childish as it sounds, its true, because its one of those movies. Interstellar has become my new favourite movie by far.

Bravo Nolan what a great human bean",dagamingpeople,2015-05-03
A Love Story Against The Backdrop Of A Grand Interstellar Travel,"Love is the one thing that transcends time and space... 

New creation of Christopher Nolan's genius, whose name is now known to everyone. His films are waiting with a special look, because it offers something that every day, unfortunately, less and less can be found in the world of mass cinema - an interesting spectacle, filled with meaning, ideas and emotions. At this time, Christopher decided to send us not to the world of dreams, and even not on the dark streets of Gotham City. No, now he send us to the journey to, and perhaps beyond the boundaries of the possible and impossible, through the curvature of space and time, in other worlds. And you won't forget this trip, this can be assured. 

I was madly waiting for Interstellar's release. And then, finally, I was able to see this Beauty - at the premiere in my coutry on October, 29. It was incredibly exciting. It was a delight. It was unforgettable. It was gorgeous. Nolan once again amazes the viewer's imagination by his painting. Journey to the brink of infinity, the line where humanity has never set, acts as either the first-born purpose and a background of emotional history about the father and the daughter. A loving father who mankind need to help, but that he should leave his children, and a loving daughter who doesn't want to let her dad in the infinity darkness. 

Starting from the very first frame and ending with the closing credits, a new picture of Nolan will absorb you completely, forcing stare at the screen during the whole action, because it's all so exciting and interesting that escape becomes physically impossible. No, this three hours won't fly quickly for you. You'll feel every emotion, every event, every character. You will not look how the main characters travel through the universe, because the movie experience in this film is so excellent that you will be on board of ""Endurance"" starship and travel between the worlds with the main characters by yourself.

The emotional core of this story is the relationship of Matthew McConaughey's character and his daughter - Mackenzie Foy' and Jessica Chastain' character. And the acting work of these three artists in ""Interstellar"" impress the most. McConaughey was acting really great, and this is one of the most emotional, if not the most emotional role of his life. All the drama and tragedy of the relationship of father and daughter in this film will not leave anyone indifferent. Anne Hathaway, Wes Bentley, Michael Caine, Casey Affleck, Ellen Burstyn and other actors also coped with their roles and presented the film's supporting characters very realistic. I would particularly like to note a small but important in this story role of Matt Damon, a character who has received quite memorable. If we talk about the characters, it should be noted also two robots that accompanied our heroes in this difficult journey. One of them adds a touch of humor in the film, which mitigates constantly depressing, dramatic, and sometimes really dark atmosphere.

The script of the film is very well combined the history of space exploration and the relationship between Cooper and Murph. The story is complex and complicated, is based on real scientific theories by Kip Thorne, and indeed contains a reference to the ""Space Odyssey"" and other sci-fi pictures. This story about true love, about loyalty, forgiveness, fraud, hard decisions, and much more. And it is designed so that leaves a lot of room for the imagination of the viewer. It's also possible to notice some structure allusion to another Nolan's work - Inception. The story and visuals are combined just perfectly in Interstellar.

Hans Zimmer's score, written by him on the basis of only one letter from Nolan, hold the key: ""Once we become parents, we can't help but look at ourselves through the eyes of our children"", deserves a special praise. On this basis, Hans managed to write just incredible soundtrack that perfectly harmonizes with the history and the visual side of the picture. And this work of the composer is really different from the previous ones. It is executed in a different style from another subject in its base. Very impressive work, which will be pleasantly listened again and separate from the film itself. 

Visual range of the picture is incredibly beautiful and circuses. The ""Endurance"" itself, new worlds, insanely beautiful and mysterious space, wormholes, black holes, and travel through them, folds of time and space are arranged so that is simply breathtaking. I would like to thank all those who contributed to the creation of a visual of this film. It must be seen. That mastery with which this is done, not just words. In the visual pattern also has some references to the Kubrick's ""Odyssey"", and they are pleasing to the eye.

Many thanks to Christopher Nolan for having given us such an incredible movie, which once again proved to us that the cinema is Nolan's life. 

""Interstellar"" is a film that wins the hearts of the audience not only with its sci-fi splendor, but also an emotional story that lies at its very heart. This film is not only about the discoveries, space exploration and the final frontier of mankind, but also about the relationship of father and daughter, who were in a difficult situation in life when one has to leave the other in the name of a goal that can not be underestimated. So, with what Nolan's genius unfolds before us this action is beyond praise. Combining the story, filled with not only real science fiction, but the true human values ​​and emotions, outstanding and very emotional performances, breathtaking visuals, epic and dramatic soundtrack, Christopher Nolan breathed the life into this film by his directing to create something truly masterpiece again. 

""Do Not Go Gentle Into That Good Night... Rage, Rage Against The Dying Of The Light.""",gstards,2014-11-04
An amazing Drama with Sci-Fi elements.,"The key of this movie may feel like you're watching only a Science-Fiction movie. Most of the times Sci-Fi movies are not great at telling an effective, emotional drama stories. You can't find this type of movie easily, unless you are watching a Sci-Fi movie directed by Christopher Nolan and written by Jonathan Nolan.

Mixing those two genres is unique and dangerous. All the Nolan's projects are a bit dangerous and special.

Not only the storyline is so great but also nearly all other technical details are great!

Brilliant scores that composed by Hans Zimmer.

The film editing is just beyond perfect. One of the best film editings of all time.

The Cinematography by Wally Pfister is quite realistic and charming.

The VFX are just stunning. Even the scientist are amazed by how great it is.

Some of the people thinks this movie is based on wrong theories, so that makes it a bad movie. As you may know, all the movies are based on wrong things. You are watching a Sci-Fi movie. In being realistic, Sci-Fi movies are just one step ahead of Fantasy. Why would you look for reality in this movies? It's not a crime movie. If people would demand realistic movies, there would be a bigger Documentary sector.

The main reason why people think like that is this movie is not only based on wrong theories. It's mixed. Some of the theories are proven, some of them has potential to be true, some of them are not likely true.

But you can't make a movie that reflects so effective storyline with only the truth. Even ""Based on A True Story"" movies are so changed to make it more effective. You can't name any Sci-Fi movie that based on all true theories. Other Sci-Fi movies are not explaining the questions at all. And somehow when this movie tries to explain, this movie becames faulty. So better not trying to explain what's going on? In this movie there is no major flaw that you can't ignore. The main story is just so effective and perfect.",EVON1TY,2023-03-13
Fascinating Film,"The earth is plagued with droughts, famines and other apocalyptic disasters. Mankind must find a way to leave planet earth once and for all. An earth-like planet has been discovered in another solar system. A spaceship can travel fast through a wormhole though interstellar space but can Cooper get there and return to earth in time to see his daughter before she grows too old?

The Aging of Murph vs her father Cooper the answer is relativity playing a factor in aging - how fast time runs depend on the relative position of the observer and the subject.

Incredible movie - HIGHLY RECOMMENDED!

10/10",Tera-Jones,2020-11-15
"A familiar journey to the unknown, albeit a grand one","So last night I got the chance to see the early screening of Christopher Nolan's Interstellar. The film I've been waiting so much from the early days of the shooting. How did it fare? Here's my take:

To avoid any tl;dr risk, let me get this straight from the very beginning, Interstellar is one goddamnedly good film, it gets you to the edge of your seat, it soars, it warps, it rips your brain senseless. It's that good.

Interstellar is a story about the earth dying, with its soil no longer able to sustain crops other than corn, and of course, it will lead to the extinction of humanity. Our hero is an ex-NASA test pilot named Cooper (Matthew McConaughey), a typical ordinary-guy-in-an-extraordinary- situation everyman who's also a dedicated family man, especially toward his daughter Murphy (named after the Murphy's Law). In an all-too-Armageddon style our hero gets invited by the (publicly) defunct NASA to become humanity's last hope in finding a new home, for they have found a wormhole near Saturn (2001, anyone?) which will warp the astronauts to another galaxy in quest of a habitable planet. Solid and compact premise, although it's been used before.

For seasoned filmgoers, there are many similar elements (although it's understandable) with Stanley Kubrick's 2001: A Space Odyssey (1968) and Robert Zemeckis' Contact (1997). In a sense that this is not a bang-bang-shoot-shoot-blow-em-up sci-fi, but more of a slow-burning, metaphysical sci-fi which gets you to think about your place in the universe and your exact place in time.

Similarity with 2001 and Contact is never a bad thing, but it becomes a wee bit too predictable, although Nolan is a smart enough director in providing the final (a very sentimental one, I should say) twist in the story. The visuals in this film is majestic, everything is shot to a meticulously calculated level, Nolan-style. The space scenes are serenely suspenseful just like Cuaron's Gravity, but unlike the documentary feel of Gravity, there's a real gusto and pace to these scenes. You should also be prepared for the (for some, maybe) unexpected third act, it is Nolan's most sentimental and humane moment to date. And this is why Interstellar is more than just a science-fiction, it is a human drama intertwined in space and time loop.

One thing that Nolan gets a bit wrong is the narrative. Nolan was never a 'warm' director, his films are filled with brilliant ideas and flair but it feels cold, it maybe suits Memento and The Dark Knight but in Interstellar he seems to have been lost in determining which of the interpersonal drama or the sci-fi that will be Interstellar's forte. The result is a rather incongruous script, intermittently cutting off the excitement of the previous scene and so on. But it is a forgivable sin, for the good is a lot more than the bad in this monumental film. At the end of the day, all I can say is that Interstellar is a grand film. It is monolithic, thoughtful, sentimental, sophisticated, visceral but also with its flaws. I wouldn't say it's Nolan's best work to date, but I daresay that this is one of the best science fiction ever released.

After watching Interstellar, do yourself a favor and get lost in space and time and go back in time to see Contact (1997) and 2001: A Space Odyssey (1968) to further wonder and wander into the realms of the unknown.

Because sometimes it is the unknown that fascinates us, frightens us and brings out the best in us.",aldamayo,2014-11-04
Bit too overrated,"I am sorry but found this movie to be highly over rated. It was high on visual effects but low on the content in terms of script, story and the future of the world basically.I am sure it will grab few awards in these categories.

There was a similar hype around Avatar but when I saw Avatar, it had something new to offer. Interstellar doesn't offer anything new as such.If you put the movie Gravity and the movie Frequency together in 5D, wormhole angle, you have Intersetllar.In fact I found Frequency to be highly underrated movie.

Acting/Direction is good but wished the script were much more stronger.",rtneu,2014-11-11
emotional Ride,"I've probably watched this movie for the 10th time and wanted to watch it with my mum this time. Every time I cry in this movie. I'm 31 years old and I fall for it everytime. Probably one of the most beautiful movies ive ever seen in my life. Mathew and anne put on the performances of their lives while engaging the audience at every corner in the movie. 3 hours is a long time for a movie to run for yet by the end of the credits your yearning for more and wishing it wasn't ending. This still ranks as one of the best movies I've ever seen and I don't think that will change anytime soon. Special, enthralling, epic and just perfect in every way.",goobernatz,2023-01-19
"The most overrated movie on IMDb right now, a complete letdown","If you saw ""sunshine"" and thought ""wow, good thing they had scientist advisers, this stuff is so plausible"", you will like ""interstellar"".

If you saw ""armaggeddon"" and thought ""what an awesome movie, i just wished they would have dragged the scene where he says goodbye to his daughter out even more"", you will like ""interstellar"".

If you saw ""inception"" and thought ""this movie would be so much better in SPACE!"", you will like ""interstellar"".

And if you liked ""2001"" or any other intelligent/geeky sci-fi movie, you will hate ""interstellar"".

Like some of Nolan's earlier works, it's long for the sake of length only. Its plot is up there with ""armaggeddon"" in pure stupidity and forced US-cowboy-patriot-macho-ism, its special effects are underwhelming, its plot twists are obvious, its setting makes no sense, its characters are flat and forgettable, and its constant citations of ""2001"" just serve to make you remember how much better Kubrick did all of this with a tiny fraction of the money almost 50 years back.

Disappointing.",summerloud,2014-11-19
Perfect,"Have you ever wondered why there are so few good movies? Some movies have good story, some have delightful music, some have acting masterpieces and some movies have all of them together. Enjoying this movie is the easiest thing possible. Words are not the only means of expressing feelings.

Life is planting the seeds of love. Life is mental water that flows. Life is not about being alive, it's about being free
.

I haven't seen this movie for years because I want to forget it and give me the same new and great feeling again. But alas, legend never dies. I invite you to watch this movie. The next hours will be the best hours of your life.",AliGhods,2022-12-12
Epic in every way!,"Just watched Interstellar in imax 70mm. Science Fiction fans can read on, everyone else can skip. Movie is a visual masterpiece. Like his earlier movies, Christopher Nolan once again proved, how big a movie can be! There were some shots,which made audience go crazy..Some scenes were as epic as 2001: A Space Odyssey. Do not go into the theatre expecting an action packed cerebral thriller. This one is not for action fans. At times, movie go highly sentimental( Matthew McConaughey does what he is best in and supposed to). I recommend this movie to all the Sci-Fi fans out there, make sure you go in group of sci-fi nuts!! Do not go with the hype..Go, sit back and enjoy. Just like Inception, this movie will be known as great after few months(I know people who said Inception was a crap when it released, and after few months rating it 10/10 in IMDb :D). I don't wanna spoil anything(If you want PM me). Also, make sure you go to the best theatre close to you. (If you loved Donnie Darko, 2001: A Space Odyssey, this is the one for you, Get ready to get mind blown!!) Interstellar Movie is EPIC in all sense!!",sanjay219,2014-11-04
Breathtaking Cinematic Masterpiece,"It's difficult to put into words how breathtaking and epic this movie is. It is the greatest film I have ever seen. The blending of a close, intimate father daughter relationship with a larger than life space expedition to save humanity is executed brilliantly by Nolan and crew. The visual effects, story line, writing, acting, and scientific accuracy were all perfect in my eyes, but it's the sheer emotion of the film that gets you. Multiple scenes will have you wiping your eyes as Nolan's manipulation of time in this movie does a brilliant job of evoking never before felt emotions in the viewer. A true masterpiece of cinema.",jonrobins-33542,2024-12-10
"Some interesting ideas, but overall unsatisfying","I have to begin this review by acknowledging that I saw this movie under less than optimal conditions - on the screen on the back of a Jet Blue seat. Whatever visual magic might have impressed me was grainy and small, and the sound was murky. There's a good chance I would have liked this film better if seen properly.

That being said, I probably wouldn't have liked it a *lot* better, because the things I didn't like would have been the same.

First off, I thought the movie was off to a real slow start. It was basically a dust bowl family saga, and while I'll admit you needed some context for what happens later, it felt like it went on much too long.

The early space experience also didn't engage me that much. Part of the problem might just be my expectations for a Christopher Nolan movie. I knew almost nothing about this film going in, but I think of Nolan as the director of Inception and Memento, and Interstellar was just so darn straightforward (at least at first).

Eventually (the movie is almost three hours, so it really takes its time) the film's more intriguing ideas appear, such as the trickiness of relative time. The movie also becomes more eventful. Yet still there were things I found offputting; the first death in the movie makes no sense; it shouldn't have happened, and realistically wouldn't have. (Later I read a critique that pointed out that the whole scene wouldn't have happened that way unless everyone involved was an idiot.) 

The movie did, become more engrossing as it got more involved, playing with its time concept and tossed in some interesting twists and suspenseful moments. 

Alas, whatever gains the movie had made in my heart were squandered in the end. Apparently the movie had a scientist to make sure the science was good, and perhaps it was, yet to me the final part seemed incredibly silly, with way too much leaning on non-science things like intuition. And the last scenes were just .... huh? (Although someone in the IMDb board came up with a very Christopher Nolan interpretation of the end that I found more appealing.)

As I say, if I'd seen it on the big screen I might have been more forgiving of its flaws, and it's very possible things like the reportedly hardcore seriousness with which it approached getting the look of a black hole just right would have made its length and plot weaknesses more palatable. But even saying that, I cannot see any way this movie would ever impress me as much as it has others.",cherold,2015-03-13
The GENIUS shocks the world by another unique innovation..!!,"(((WOW)))...!!!

It's almost impossible to put in words, but we have to try and give everyone what he truly deserve.

In my modest opinion, Interstellar is the best Sci-Fi in human history. Believe it or not. It's the simple and the complicated, It's the usual and the different, It's the mind and the heart, It's an emotional and psychological journey through the unknown which has its own stunning visuals. It's an original story and thought-provoking masterpiece.

Every single time with him, you just got crazy about his ideas, astonished by his mind games and inspired when he talks to the heart.

Back then, he was an ambitious young director. And with his capabilities made his own way straight through the world. Now, he is an icon and a legend of directing. He is Christopher Nolan...

Really guys, what's wrong with this guy ?!! what's going on inside his head ?!!

It's our job to honor the honorable. Please, Just keep the rating UP, why ? Because Chris. and Interstellar deserve it.",Midosaad2010,2014-11-05
More than a film .,"Interstellar.

You come into the film expecting a decent sci fi film and in the process , hope to know something a bit more about the void , but you come out having witnessed a grandiose yet heart warming story . The genre of the film easily comes under the banner of sci fi , but underneath the shroud of the opus and all the visual spectacle it provides ; at the core it is the story of the relationship between a Father and his Daughter which resonates with the viewer at a level which is hard to put in words. Rarely you will witness emotions pass through you as you see the credits roll for a sci fi film .How Mr. Nolan has so delicately woven a story with this level of Spectacle and feeling is a tale for the ballads . Supported by great performances from the cast ,a legendary score from Mr. Zimmer , beautiful visuals , Interstellar is a definite must watch.",KEVINROSHEN,2023-01-26
Going brilliantly (but very LOUDLY) into the dark,"Wowser! This Christopher Nolan film was presaged with such marketing hype that I went in with pretty low and cynical expectations. But I was frankly blown away with it.

Just about everyone raves about Christopher Nolan's work, and you look back at his Filmography and it makes for a pretty impressive resume: from Memento via the (rather over-hyped imho) Dark Knight Batman series-reboot through to Inception, one of my favourite films of all time. For me, Interstellar is right up there with Inception for thought-provoking, visually spectacular and truly epic cinema.

We start in familiar 'Day after Tomorrow"" territory, with mankind having in some way – not entirely explained – messed up the planet. As I understood it (and the film probably does require multiple watches with – see comments below – subtitles=on) the rather clever premise is that the world's food supplies are being progressively destroyed by a vindictive 'blight'. This delivers the double whammy of destroying mankind's provisions but also, by massive reproduction of the organism, progressively depleting the Earth's oxygen. For some reason – again, which I didn't get on first viewing – this is accompanied by massive dust storms. It is a morbid bet as to what is going to get the mid-West population first: starvation, lung disease or suffocation. Matthew McConnaughey plays the widowed Cooper, an ex-NASA drop out turned farmer given the opportunity by mission-leader Professor Brand (an excellent Michael Caine) to pilot a NASA mission. The goal is to punch through a mysterious wormhole in space where they suspect, through previous work, that a new home for mankind could be found.

The first part of the film is set on and around Cooper's farm, setting in place one of the emotional wrenches at the heart of the film: that Cooper in volunteering for the mission and having to leave behind his elderly father (John Lithgow, again superb) and young children Murph (aged 10) and Tom (aged 15) whilst recognising that danger for him comes not just from the inherent risks involved but from the theory of relativity that could change everything, time-wise, for when he returns.

Cooper is supported on the mission by a team of scientists including Brand's daughter played by a love-struck Anne Hathaway, who again shows she can act.

To say any more would spoil what is a voyage of visual and mental discovery. (However, I would add that it is good to see that the character that plays my namesake Dr Mann (in a surprise cameo) is equally good looking! LOL).

In terms of plus points, where do I start? The visuals are utterly stunning. Whilst reminiscent in places of Kubrick's ""stargate"" from 2001, the similarity is only passing. The film adds a majesty and scale to space that surpasses wonder. Elsewhere there are some interesting visual effects: this might have just been me of course, but after the dramatic launch there was something about the camera moves during the first scenes of weightlessness that made me feel genuinely nauseous.

Equally stunning is Hans Zimmer's score which is epic and (in places) very VERY loud. The film certainly doesn't ""go quietly into the night""! When matching the noise of the score/choir to the sound effects in the launch sequence the combination is ear-bleedingly effective. This must be a strong contender for the soundtrack Oscar for 2014. One quibble, again 2001 related, is that Zimmer uses the last chord of Also Sprach Zarathustra in the score sufficiently often that one hopes Richard Strauss's estate receives some royalties! The acting is top notch: I've already mentioned Caine and Lithgow, but McConnaughey, Hathaway and Jessica Chastain are all great. A particular shout-out should go to Mackenzie Foy as the young Murph, who is magnetically charismatic and just brilliant in the role.

Above all, Nolan's direction is exquisite. The film has a slow build on earth (which adds to the lengthy running time) but defines the characters and primes the plot perfectly. And some of the editing cuts – again, Cooper's farm departure/launch sequence overlay is a great example – are superb in building the mood and the tension.

I've decided that I am an extremely tough reviewer and for me a 10 star film is a rarity indeed. Where I could have knocked off a star was in some of the dialogue on the soundtrack, which was pretty inaudible in places: McConnaughey in particular with his general mumbling and strong southern accent is indecipherable in places. I look forward to the DVD subtitles. And one of the character's dying words – delivering a key plot point in the film – was completely lost to me (but thankfully later restated). Whilst the expansive plot is highly ambitious, the end of the film, playing fast and loose with physics I fear, requires a gravity-defying suspension of belief (although I guess the same could equally be said of 2001: A Space Odyssey).

However, the film has stayed so firmly lodged in my mind for 24 hours I will make a rare exception to my rating 'rule'. Overall, this is a top-notch Sci-Fi film. And a final word: PEOPLE… THIS IS A MUST SEE ON THE BIG SCREEN! (If you enjoyed this review, please see my archive of previous reviews at bob-the-movie-man.com and sign up for future notifications. Thanks).",bob-the-movie-man,2014-11-12
Best movie ever made. Ever.,"I mean, seriously. I am such a movie fan. I watch everything. Nothing comes close to this. This movie changed me. Interstellar is a revelation! Its themes are incredible. How love can be a quantifiable force. Love for one's children. The quest for a better life for them. The strength and courage it takes to step into the unknown. The ties that we share with our people. And if you are just a little bit of a nerd, it leaves a mark forever!...

Performances are stellar. All actors are giving it their all. I am NOT a fan of Anne Hathaway, and I even loved her!

Also, Zimmer's score is sheer PERFECTION. It will make you cry and ponder.

BEST MOVIE EVER.",zoecotsis,2024-07-19
Nolan will never fail us.,One of the greatest sci fi films of all time. Christopher Nolan proves that he is a master director with every film including Interstellar.,paulrhodis,2019-03-01
Good for a one time watch,"This movie requires blind faith in theoretical physics as much as religion requires blind faith.

And I'm not talking mainstream blind faith - I'm talking Mormon/Scientology levels of blind faith.

The best one can do is just watch it as a film, and not get caught up in the science, or lack there of.

As a film, they spend WAY too much time with the family in the beginning. Time that should have been dedicated to the actual space travel.

A very slow burn, but the acting is great.

A serious lack of explanation for things they want you to swallow for the story to make sense.

I give it a one time watch value of 7; with a rewatch value of 4.

Together - a 6.

Decent, but the hype around this film makes no sense; almost as much as the 'science' involved.",lavaside-60237,2023-07-06
Spellbinding,"Interstellar is a science fiction film co-written and directed by Christopher Nolan (Inception, Batman: The Dark Knight etc.) and starring Matthew McConaughey. I found it absolutely amazing, rarely do I use a word like 'spellbinding' to describe a movie but I really do feel like Interstellar is well worthy of it. Matthew McConaughey was excellent as well. He really shows the great emotional range he has as an actor.

The story is about a group of explorers, led by former pilot and engineer Cooper (Matthew McConaughey), who embark on a journey through a newly discovered wormhole near the planet Saturn. Their main mission is to save humanity from extinction by an environmentally devastated Earth.

The film was not only beautiful to look at, but it was very well written too. However, like with Inception, you REALLY need to pay attention to pretty much everything that happens to fully understand what is going on. It's difficult for me to go into too much detail without giving away important plot points so you'll just have to see for yourself.

I rate it a very high 9.5/10 and I highly recommend it to any fan of Christopher Nolan and anyone who enjoys intelligent science fiction. I personally consider it one of the best and most thought provoking science fiction films I've ever seen.",MrDHWong,2015-11-05
"Entertaining nonsense, but no masterpiece","""Interstellar"" pretends to be more intelligent than Alfonso Cuarón's audio-visual roller coaster, ""Gravity"", but ironically its best moments are those which, like Gravity, rely purely on thrill and spectacle.

For the rest of the film we are crammed into a tiny shuttle with McConaughey and his crew, or back on earth with the desperate remnants of human civilization as they attempt to solve the problem of starvation. Most of the dialogue consists of reams and reams of contrived quantum-physics babble, which, if you're like me, will whoosh straight over your head like those exposition sequences in CSI, with brief moments of levity provided by the two -weirdly cubic looking- robots TARS and CASE.

Their journey to find another habitable planet is marred by a sequence of seemingly insurmountable problems that become progressively so ludicrous, it ends up impossible to take them seriously, albeit exciting to watch.

We already have to stretch our disbelief past the opening premise that the world is dying because of crop blight, yet they've managed to build robots that have human intelligence and can adapt a variety of shapes to achieve a wide range of tasks. One wonders why humans at this level of technological advancement couldn't have found a solution to curbing this unexplained blight other than blasting off into a foreign galaxy to try and populate a mysterious planet neighboring a black hole.

Glaring plot issues aside (and there are many), the film is at its best when in full space simulator mode and the audience is being catapulted into the roaring white light of a black hole, accompanied by Hans Zimmer's electrifying score (props to Zimmer for once NOT composing something that sounded exactly like Pirates of The Caribbean), making full use of the IMAX experience.

Performances are fairly solid, in particular Jessica Chastain as the grown up Murph, and there is enough raw emotion on show to push some of the more logically questionable moments past your cynic meter and give a sense of weight and importance to what is happening, even if you can't quite understand it.

Definitely worth watching on the big screen, but would I give it a 9/10? No way. This is a film that you will enjoy on face value, but once you leave the cinema you will start picking it to shreds. There are just too many inconsistencies, contrivances and blatant stupidity in the plot to call this a masterpiece, but I'd give it a solid 7 for blockbuster entertainment value.",Deathstryke,2014-11-10
Poor in almost every possible way.,"Yesterday I watched the movie ""Interstellar"". A poorly scripted and poorly directed movie with an over-simplified pseudo-science and spoon-fed philosophical implications, basically a typically overrated Hollywood movie which takes no shame in copying from 2001: A Space Odyssey from Kubrick with none of its beauty, simplicity and none of its art. It shows that in 1968 they were able to make a masterpiece and in 2014 they can't even copy it decently. The fact that on IMDb it has an higher rating than the Kubrick masterpiece makes me lose all faith in the progress of humanity and in our current generation. I will watch 2001: A space odyssey again to forget about it and restore faith in human kind again.",marcyys-825-446901,2014-11-07
I literally said to myself: this is a perfect film,"During the emergency docking scene, I said to myself: ""this movie is perfect"". I couldn't fund a flaw. The story is enthralling and you feel the anxiety of the people who are struggling to survive and help others to do the same thing. There is a gravity to their work and they each show it well.

My favorite genre us sci fi. This is plausible scifi, which is my favorite subset of scifi. McConnahey is amazing as usual. The young actress who plays his daughter seems like a break out star who we will def see again.

The music is so good I'm learning a guitar transcription of some of the songs on the finger style guitar we site.

I've seen Interstellar 7 or 8 times. I'll watch it regularly for years to come. It's a classic of our time much like Inglorious Basterds.",erickwbravo,2019-11-09
Nolan's best movie and surely one of the best of all time.,"An unmissable date for any science fiction fan. Nolan reaches limits rarely seen and is on par with Kubrick or Andrei Tarkovski in terms of his representation. Matthew McConaughey is incredible and it may be one of the few Nolan films where there are strong female characters who make themselves known. It is a visual and sound journey, because yes, the soundtrack is one of the best we can see from Hans Zimmer (and I think that says a lot).

The level that Nolan reaches to get to this point is incredible, how everything is there, the scientific, it is plausible, it is credible. Although sometimes he may be arrogant and intellectual, I do not consider that he is making fun of the fans, it is all there, all the time.

It convinces me from beginning to end and despite its length I would watch it a thousand times.",LeonardoOliva69,2024-08-14
You will love it or hate it,"OK, I've just seen Interstellar and I can tell it's one of those movies that you either love or hate.

Personally I loved it and probably I'm going to watch it again to process it a little bit more. It's not a simple movie, maybe that was already clear, is a Nolan's film.

Matthew McConaughey does a great job by portraying Cooper. The most touching scenes are those between his character and Mackenzie Foy, who plays the younger version of Murph, Jessica Chastain character. Either it seems to be an ""Outer Space Film"" is more about human relations and how important is for us to be linked with others. 

Even it's a long movie, 169 minutes, I didn't felt it that long or tedious. The director managed to keep us engaged through the whole film. 

The experience on IMAX in 70mm film. The image quality perceived was superb, now I get why Christopher Nolan and other directors are fighting to keep film alive. 

I had the opportunity to watch it at the Chinese theatre and was a great experience, my first time in that theatre. The staff from the theatre even told us that Nolan himself watched several scenes of the movie in that theatre to ""calibrate"" the experience. Which is very cool. 

Well, I encourage you to go and watch Interstellar to see of you love or hate it.",Robert_Escamilla,2014-11-05
Emotionally captivating and intellectually challenging,"This film tells the story of an ex-pilot in a world full of dust storms. He is chosen to travel to the uncharted parts of the space in search for a new habitable planet.

""Interstellar"" is a long film, and the first two hours of it does not seem like a typical Christopher Nolan film. Most of the scenes are (literally) down to Earth, with no fancy visual effects. It spends much time building up the story, telling the story of a father and his daughter who sees 'ghost' in her bedroom. Through this ghost, one thing led to another, and the man is in space. When the film is not down on Earth, it looks more like a disaster film. The first adventure is a spectacular feat involving water. It also introduces the physics of relativity, on how time slows down in another world, leading to a misguided decision of the astronauts in retrospect. This sets the foundation for future plot involving more relativity.

As the film progresses, there is more adventure, both in the form of adrenaline pumping adventure and humanity and integrity testing conditions. Matt Damon's character forms a central subplot that makes me reflect on what lengths would people go in order to achieve a certain goal. It reflects on the reality that people are driven by egocentric instincts. It is not a pretty truth, but it tells that human are not idealistic creatures.

The final half an hour is what a typical Christopher Nolan film is like. It makes me hold my breath because it is so intense, both emotionally and cognitively. The ending gives me inexplicable exhilaration. Things come to a full circle, and it is filled with joy.

It is not a film for everyone, as the story is long and takes a lot of time to build. Two people walked out of the cinema an hour into the film, and someone sitting behind me remarked after the film ended that he opined it was the most boring Christopher Nolan film ever. For me, I enjoyed ""Interstellar"" thoroughly, because it is emotionally captivating and intellectually challenging.",Gordon-11,2014-11-06
Interstellar is quite an intriguing space movie requiring some attention to the narrative,"Just watched this on IMAX with my movie theatre-working friend who had seen this before. It has Matthew McConaughey and Anne Hathaway going to space and seeking possible livable planets for places to move the earth people when that planet becomes uninhabitable. Christopher Nolan directs quite a long but mostly intriguing tale of how long this journey lasts and the effect on McConaughey's offspring when they grow up without having him around during those times. I have to admit that part of me was ready to sleep during some scenes but something exciting does always come up and it gets a little better as the narrative keeps on going. So on that note, Interstellar is very much worth seeing if you're patient enough to watch quite a long movie requiring you to think.",tavm,2014-12-01
Don't believe the hype,"""Interstellar"" was an above average film and I have no regrets spending a Friday night checking it out. Unsophisticated audiences may enjoy it if they don't analyze it too deeply. However, if you are one who understands the world of physics, aviation, or space travel, this one is hard to watch. There are a plethora of continuity issues as well as plot holes. It seems like Chris Nolan watched ""Gravity"" and decided he could make a really terrible film into something worth watching. He added the ""Contact"" premise and inserted some Physics theories and some expanded back story to create a mediocre film. I was hopeful that I would be impressed by the obviously inflated reviews but I wasn't. The guy next to me actually fell asleep during the first hour which was very grueling. Of our group, there were three thumbs down and one thumbs up.",indiedavid,2014-11-07
A Brilliantly Emotional Journey,"I just returned after seeing ""Interstellar"" again (2nd time) and I can say that my second experience was even more powerful than the first. I'm trying to find the right words to express the thrilling journey that is this film. 

First I'd like to advice you to try and pay attention to every single line - nothing is said without purpose and everything is somehow connected. It slowly builds up with the beginning to this phenomenal emotional ride and it will not let go until the very end. It will keep you on the edge of your sit - literally -, it will make you cry, it will make you jump, it will completely absorb you. Throughout the course of it I forgot I was in a cinema. I was living every single moment with the characters, feeling what they're feeling. At times, I found myself staring blankly trying to comprehend its complexity - How can this be? Is this really happening? Can it be so epic? 

The second time I saw it I understood the importance of every single scene and line, I saw more connection, more intricacy and (even) more genius in it. The first time it was grand and overwhelming, it just hit me hard and I couldn't really pay attention to details. 

The emotional journey part was very important to me; but of course, there are the stunning visuals which contribute immensely and transcend you there, into the action. They were fantastic, superb, simply put, film-making at its finest.

This is all, of course, from my point of view - a super sci-fi, fantasy, adventure and all associated genres enthusiast. Although I cannot imagine how one, regardless of their movie preferences, can dislike ""Interstellar"" - it's that good.

What I'm obviously saying is GO SEE THIS MOVIE. Expect epicness. It will not disappoint.",liana-moisescu,2014-11-09
Overrated,"I won't give it a 1 to even things up a little, I give it a 6 which is real. Maybe 6.5 but 7 would be a stretch. I'm disappointed with a film that I waited for so long, with a great title that was waisted. Interstellar should have been a masterpiece, with, well, a lot of Interstellar traveling. The duration is just to long, especially the first part, which brings nothing extra to the story. It's just to stretched out trying to bring I don't know what. A feel of 2001 maybe, but 2001 is in another galaxy for this one. I didn't like Inception either, so maybe it has got to be something with Nolan. I'm a sci-fi fan, but today everyone's trying to make sci-fi, but they don't succeed. They are doing it wrong! District 9 was the last good sci-fi I watched. Interstellar has got great visuals, I give it that, but Gravity had more (another film that sucked big time). I wouldn't watch it again.",dvigrad1,2014-11-09
a rare 10 out of 10 for me,"What an incredible film, a mesmerizing ride from minute 1 to minute 169. I couldn't believe when it ended that it was already finished; time appeared to go away quickly when watching this in the theater and remember when it ended, I wished there was more of this epic movie.

Great directing, great performances, the effects/sets could have been better (I like my detail which unfortunately some scenes/effects lacked) and you got to take a big leap of faith to ignore the obvious paradox. If you do the latter, you will enjoy a Nolan's masterpiece.

One of my top ten movies of all time and most likely the best sci-fi I have ever watched.",facebook-999-887838,2014-11-08
Speechless masterpiece!,"I have never in my life experienced such an emotional brake as I did today watching Interstellar! I left theatre shaking violently, crying and having I think 150 BPM. Every single piece of the movie from the story itself, visuals, music and acting is a perfect combination and perfection. I even can't find right word to give you proper review (partly because English is not my native)and summarization won't give the movie justice. The only thing I regret that I watched it dubbed (though in my country dubbing is really good) I advice t go see the movie alone on yourself as I did and it will pull you in from the first frame to this epic journey!

P.S. Oscars to Nolan and the movie right away!",aleksandra-yakubenko,2014-11-12
Emotional Puzzle,"the sixth sense meets inception. makes you cry, sweat, and question your own actions in the face of these scenarios, if you approach the film wholeheartedly and ready for the ride then it will take you on quite a journey, and you'll only want to see it again and again. the music really does the job of keeping you suspended, Anne Hathaway and Jessica chastain do fine work, as does Matthew McConaughey, and the little girl playing a younger Jessica Chastain pulls at your heartstrings. i was really really pleased with this and wish it was getting as much attention and praise as it deserves, i think the writing was genius and it really had my brain working hard. you walk out of the theater and everyone around you is talking about it from the sidewalk to the subway ride home, everyone, it was really funny to see.",andy-r-harris,2014-11-13
Words can not describe...,"Don't know about you, but this is the best movie I have ever watched...",ChViewer,2020-11-15
Stunning sci-fi !,"Well to me this was one of the better science-fiction movies that I ever saw. It's been a long time since I didn't see a sci-fi like this one. It's extremely long but you won't get bored for a second. And that says enough about it. All the actors gave us a very good performance and some shots were stunning. The story was very well written even though sometimes too complicated to understand but then again who are we to understand anything about the unknown dimensions, black holes or wormholes. You have got to stay concentrated during the whole movie to understand the story but like I said before with Interstellar it is certainly not a problem at all. I was completely absorbed by the story and was actually surprised that time flew by so easily. One of the better movies I watched this year and certainly the best sci-fi in years.",deloudelouvain,2015-04-19
Not Just A Class Apart...One of the Best 'Sci-Fi' flicks of all time!,"Bad-ass... is the adjective which I choose to type the first word of this review. As I left the theater I was not only spellbound, but I was also sulking about the fact that the movie had ended.

The movie has a slow pace at the beginning, but not really boring. Steady and unique in its nature, I did feel that this movie might end up like last years blockbuster 'Gravity' starring Sandra Bullock and George Clooney. With every minute that passed, I could feel the importance of time, which let my prejudice drain away. With twists and turns, but not brain-spraining at all, it did make emotions come at par with adventure.

Great acting by Matthew McConaughey did overshadow Anne Hathaway. With an epic storyline and Nolan's direction Space, Galaxy and the Universe did reach a whole new level.

I would love to rate this movie 10 stars without a second thought because it reached the depth of my heart and left me speechless. This movie is not a movie which is meant to be wasted by watching it at your laptop or TV. It's buck worthy and a must watch for all the people who wait for some new serious, touching, heartwarming, adventurous, Science Fiction and Oscar deserving movies of all time. Hat's off to both the Nolans!",sohylejain,2014-11-08
Overrated. Mess.,"Even though I'm a big fan of Christofer Nolan, I find this movie pretty boring. Respect for tackling such a complex subject and for making generally smart blockbusters. Unfortunately, movie is a big mess. Wrong pace, melodramatic acting, terrible music and mumbling i'm-a-badass-cowboy Matthew McConaughey speech just didn't work for me. One of the most miscast movies I have ever seen. I'm familiar with Solaris and 2001 Odyssey, but this one just didn't work for me. I gave it 7 after all, since I don't think movie is terrible, I just think it's not great, and people got brainwashed by marketing tools into loving this film and giving it such high grade.",mill_8,2014-11-14
The Ontological Paradox Poser...,"Having destroyed all resources on the planet, like a rapacious, insatiable gannet, it's time to move on, to vacate and be gone, find a new place to rampage and beset. But where can you take all the people, to build their new churches and steeples, and how to get there, if you can find somewhere, without a breakthrough in science and maths rules.

Juxtaposing a more than probabilistic forecast of things to come with the absurd, to produce a wholly engaging and imaginative piece of sci-fi that may well get you thinking of what might just happen to the planet and the people of it when the help and support of as yet undiscovered dimensions fails to materialise.

Great performances, great effects, leaves you wanting to revisit 2001: A Space Odyssey but you know you'll never know why.",Xstal,2022-11-23
Transcendent,"The best movie of its decade. Interstellar is Christopher Nolan's finest film to date. Interstellar is ambitious and riveting from start to finish, a film that never fails to grasp your attention during its three-hour run time. With dazzling visuals and a gooey yet strong emotional core that's truly affecting, it's one of the best movies I've seen all year. Interstellar is a science fiction film that explores the themes of love, sacrifice, and humanity's place in the universe. The film follows a former NASA pilot who is recruited to pilot a dangerous mission through a newly discovered wormhole in search of habitable planets for humanity to colonize.",aaaarchdesign,2024-12-11
"Christopher Nolan's Interstellar Uniquely Blends Science, Science Fiction, and a Heartwarming Emotional Narrative","Interstellar is and always was one of my personal favorite films of all time. I first experienced the film in IMAX when it was released in 2014, and I've been a devoted admirer ever since. But this week, I was fortunate enough to be in New York precisely when the film was being re-screened in IMAX - and not just any IMAX, but in the grandeur of IMAX 70mm - as part of the 10th-anniversary celebrations of its release. Despite having seen the film several times before, rewatching it multiple times to mark its decade-long impact, in the magnificent IMAX theaters of the U. S., stands as one of the most extraordinary cinematic experiences we've had in our lives.

No matter how many times I watch the film, it always excites me, intrigues me, and also brings me to tears. A unique cinematic experience like no other, that pushes the boundaries of cinema and how science can be depicted in film.

The collaborative process between Christopher Nolan and his brother Jonathan (known for Memento, The Prestige, The Dark Knight, and Westworld, among other works) in crafting the screenplay united two brilliant but slightly different minds. This dynamic provided the creative friction that birthed such an extraordinary story. In the early stages, Jonathan was the principal screenwriter, entrusted with the task of shaping the script. He worked on the project for several years alongside producer Lynda Obst and theoretical physicist Kip Thorne. The original draft was heavily centered on the intricate scientific principles underpinning the plot, such as Einstein's theory of relativity and, in particular, the concept of time dilation.

When Christopher came on board as director, he reworked the script to emphasize the emotional and philosophical dimensions of the story. This shift - from a strict focus on science to one that balanced scientific rigor with emotional storytelling - became one of the defining aspects that granted the film its unparalleled strength. It is, ultimately, this synthesis of emotional depth with scientific exploration that elevates Interstellar to a truly extraordinary work within the sci-fi genre.

The scriptwriting process between the brothers included a continuous exchange of ideas at every stage of its development. Christopher's inclination toward emotional storytelling intertwined with Jonathan's passion for scientific precision and narrative complexity. As the film's director, Christopher also had the responsibility of translating Jonathan's abstract scientific concepts into compelling, visually stunning cinematic moments and images. This process enabled audiences to grasp abstract and extremely complicated scientific ideas through groundbreaking visual storytelling.

It's incredible to witness how, with the passage of time, Interstellar is increasingly recognized not only as a monumental chapter in Nolan's legendary filmography but also as a bona fide classic in the sci-fi genre. With the Nolans now receiving the broader recognition they deserve from the global film and television community (not just their core fanbase), more and more people now grasp the thematic essence the Nolans were striving for with the unique storytelling elements they insisted on including in Interstellar.

One of the most unique characteristics of Nolan as a filmmaker is his profound love and respect for science, as well as his understanding of its importance in both storytelling and real-world impact. This is reflected in the themes he chooses to explore, the logical framework behind his scripts, and the technical aspects of his filmmaking process. From project to project, he constantly experiments with new techniques that push the boundaries of film industry technology. He strives to maintain scientific accuracy in his narratives as much as possible while telling captivating stories that highlight the vital role of scientists and the value of intellect in the modern era.

Contrary to the common criticism that Nolan's films often sideline female characters, Interstellar features a significant and very welcome representation of strong, influential women in the field of science. Jessica Chastain and Anne Hathaway deliver compelling and charismatic performances, taking center stage in the film's unfolding events and playing a crucial role in the story's progression. Mackenzie Foy also impresses in a once-in-a-lifetime performance of a curious, intelligent, and ambitious child that doesn't shy from the performances of other veteran actors and actresses in the film, with a role that will surely inspire future generations of young viewers.

If we delve further into the unique collaborations behind the making of Interstellar, and to the film's unique property of depicting science in the most accurate way possible, the extraordinary partnership between Christopher Nolan and theoretical physicist Kip Thorne stands out as one of the film's most intriguing aspects. This collaboration was paradigm-shifting in its own right, as it sought to depict Einstein's theory of relativity as accurately as possible on screen. Instead of resorting to clichés or convenient narrative shortcuts, Thorne, a Nobel Prize-winning theoretical physicist, acted as both scientific consultant and producer of the film. His primary role was to ensure that depictions of black holes, wormholes, and the effects of relativity on time dilation were as scientifically accurate as possible.

Maintaining scientific precision required a delicate balance between creative cinematic storytelling and the constraints of established physics. While Nolan, known for his narrative complexity and visual ambition, occasionally sought to introduce elements that bent the rules of physics, Thorne firmly insisted on absolute scientific accuracy. This principle of realism shaped not only the depiction of time dilation but also the emotional and philosophical core of the film, where time itself becomes a central, emotionally charged narrative device. Their collaboration continues to set a gold standard for how science can be faithfully integrated into cinematic storytelling.

After watching the film in an IMAX theater in the U. S. this week, I noticed a group of young students from a school or some sort of academic club attending the screening. They even took a group photo afterward to commemorate the experience. If that doesn't highlight Nolan's influence in inspiring future generations of innovators and scientists, we don't know what does.

Of course, no discussion of Interstellar would be complete without mentioning Hans Zimmer's phenomenal score, which the legendary composer himself has referred to as his most cherished soundtrack in his extensive career.

The process of collaboration between Zimmer and Nolan was unconventional and experimental compared to their previous collaborations. Instead of supplying Zimmer with a script or a detailed plot outline, Nolan wrote him a one-page letter describing the film's central emotional core - the relationship between a father and his daughter - and asked him to compose from that emotional premise alone. Without knowing that it was a sci-fi epic, Zimmer crafted an intimate and deeply moving score built around a church organ, capturing the emotional anchor of the story. This approach yielded a score that felt personal and evocative, rather than tethered to the spectacle typically associated with the sci-fi genre. The two also chose to emphasized the use of a church organ to evoke a sense of cosmic awe and spiritual transcendence. Ultimately, the focus on emotional authenticity, rather than bombastic spectacle, produced a soundtrack that has become one of Zimmer's most celebrated works, earning critical acclaim and nominations for the Academy Award and the Grammy.

In a typical fashion to Zimmer's groundbreaking works, Interstellar did not initially receive the recognition it deserved from major award bodies like the Oscars or the Golden Globes. But history tends to favor the enduring, and today the Interstellar soundtrack is regarded as one of the most powerful and timeless film scores ever created. The raw emotional resonance it evokes during the film, and even while listening to it completely outside of watching the film, is nothing short of extraordinary.

Even generally speaking, looking back at the awards season following the film's release, the Academy's reluctance to recognize Interstellar and Nolan's achievements while creating the film remains truly baffling. Nolan did not receive nominations for Best Director or Best Original Screenplay, decisions that now seem glaringly questionable in hindsight. Particularly when compared to certain contemporaneous winners, like Alfonso Cuarón's Gravity, which Interstellar, in comparison, stands head and shoulders above in ambition, visual storytelling, and philosophical depth in our opinion. With Nolan's triumphant sweep during awards season for Oppenheimer, one can only hope that the Academy will, in the future, be more open to recognizing his contributions to the Sci-Fi genre, which has long been overlooked at such ceremonies.

What might have been an open question 10 years ago is now clear: Interstellar has cemented its place in the annals of cinematic history as one of the greatest and most important Science Fiction films of all time. Its scientific precision, gripping narrative, breathtaking visuals, extraordinary performances, masterful soundtrack, and impeccable execution on all fronts have earned it a rightful place as one of the most iconic films to ever grace the silver screen.

And above all, it's a whole lot of fun.",Dvir971,2024-12-14
The greatest movie ever made...,"This has been one of my favorite movies ever since it was released in 2014. I've watched it countless times and Nolan is by far my favorite director, but I had never seen any of his films, besides Oppenheimer, in IMAX... until last night. I was fortunate to catch the 10 year anniversary showing of Interstellar in IMAX and was absolutely blown away. The fact that I was on the edge of my seat for a movie I know so much about is a testament to how powerful this movie is. The score is the best in any film and the space visuals are simply stunning. The film flew by and I left the theatre with my mind blown, even more than I could have anticipated. I plan to always see this movie whenever it is shown and truly believe everyone needs to experience it the way Nolan intended.

1000/10... simply the greatest film I've ever seen on screen.",cpallaria,2024-12-13
My review.,"I don't watch movies very often, I'm not a film critic and I don't really know much about movies. But I liked this movie. I had the opportunity to watch it earlier at an earlier age, at that time it seemed that it's an ordinary movie. Now that I've watched it again, I realize that it's not a movie. It's a masterpiece. I won't talk about the plot, I'll just insist that you watch it. Thank you for your attention. I still need to write 150 characters to publish so the score will go from 90 to 0 90, 89, 88, 87, 86, 85, 84, 83, 82, 81,
80, 79, 78, 77, 76, 75, 74, 73, 72, 71,
70, 69, 68, 67, 66, 65, 64, 63, 62, 61,
60, 59, 58, 57, 56, 55, 54, 53, 52, 51,
50, 49, 48, 47, 46, 45, 44, 43, 42, 41,
40, 39, 38, 37, 36, 35, 34, 33, 32, 31,
30, 29, 28, 27, 26, 25, 24, 23, 22, 21,
20, 19, 18, 17, 16, 15, 14, 13, 12, 11,
10, 9, 8, 7, 6, 5, 4, 3, 2, 1, 0.",imdbfan-6279994250,2025-04-18
A Surprising Rewatch,"I haven't seen the film since it came out in 2014. My teenage self found it slow, confusing, and tiresome. But, now I'm 2023, I decided to give it a rewatch solely because I constantly listen to the score. So, what did I think?

I am pleasantly surprised how much I enjoyed the film. The film has so much heart for a SCFI movie that it took me off guard. At its core, it's about a Father wanting to reunite/protect his Child. The story was interesting, the ending might've been a bit too optimistic and rushed but it felt satisfying to me as a viewer.

The cinematography, music, acting, sound design, set dressing, everything was amazing. Yes, there were points where I was thankful I had subtitles on. Seeing Topher Grace was also a bit odd since only associating him with That 70's Show and Venom. The visuals for the space scenes were astonishing. Truly a feat of CGI and Technological advances.

Overall, there are more positives than negatives for the film. It was a great watch, the emotional beats landed for me, the betrayals were impactful, and it left me thinking more about this potential scenario.",joeydrummer-01966,2023-07-08
Interstellar-extraordinary movie,"Interstellar (2014), directed by Christopher Nolan, is a visually stunning and emotionally charged sci-fi epic. The film explores love, sacrifice, and humanity's quest for survival as a group of astronauts travel through a wormhole in search of a new habitable planet. With breathtaking visuals, a hauntingly beautiful score by Hans Zimmer, and strong performances, particularly from Matthew McConaughey, the film blends science and emotion. While some plot elements may feel complex, its ambition and thematic depth make it a thought-provoking cinematic experience. Overall, the one thing missing about this movie is that it doesn't have part 2.",ramabogado,2024-12-09
Matthew McConaughey explains the origin of his daughter's name. To his daughter's face.,"Science fiction fans don't need everything spelling out for them. That's why the narration was removed from Blade Runner. That's why 2001: A Space Odyssey has no dialogue in its opening and closing twenty minutes. That's why R2D2 doesn't speak English.

There's a scene in Interstellar in which Matthew McConaughey explains the origin of his daughter's name. To his daughter's face. This blunt method of explaining Murphy's Law to the audience is just one example of the unnecessary exposition which Interstellar's running time is so bloated by. It is also the first of many inferior echoes of Contact. In Contact, James Woods explains Occam's Razor in a similar fashion, however it is justified by the court of law context in which the scene takes place.

More significantly however is the lifting of a major theme from Contact in which Jodie Foster never fully moves on from the loss of her father. Jessica Chastain's character here does likewise, only without the emotional resonance because she is so bitter that it's hard to sympathise with her. The other female character in 'Interstellar' (yeah there's only two) also spends all her screen time pining after a man. Feminists - stay away!

Another silly moment is the shot for shot homage to Event Horizon. This is when one scientist explains to another scientist what a wormhole is. Which is like a driving instructor explaining to another driving instructor what biting point is. It wouldn't happen, like, ever. At least when Sam Neil gave the low down on wormholes in Event Horizon he was addressing blue collar workers so it was, once again, justified by context.

Perhaps the goofiest thing in the whole film is TARS, a computer with delusions of being the next HAL 9000, which is actually nothing more than metallic origami. Have I mentioned it knows a joke? Yeah it has been programmed with one joke and it uses this joke many times. The joke is that humour is quantifiable by percentage.

Why watch this when you can watch Contact, 2001: A Space Odyssey or Silent Running? Why go for Christopher Nolan's take on Dust Bowl migration when you can read John Steinbeck's instead?

On a positive note there are some cool graphics to look at. You know, like the cool graphics in The Hobbit or Transformers.",simonpercival-567-207896,2014-12-13
Highly Overrated,"Was this movie terrible? No, but for as much praise as it got, I'm astounded. The plot was ridiculous and unbelievable. That isn't what killed the movie however, it was the acting! Maybe the director wanted the actors to act that way, but every time they did something amazing, they barely acted surprised. It was as if it was all in a days work. This is the sole reason why I can't get myself to re- watch this movie. The visuals were amazing, but I'm more interested in plot lines and character development than pretty effects (call me old school, even though I'm in my 20's). The movie tries to be like 2001: A Space Odyssey, but falls short. 2 months after watching Interstellar, not much is retained in my memory (I had to re-read the ridiculous plot and re-watch a trailer to bring my memory back). Whereas 2001 I watched 6 or so months ago and remember most of it. 

It may seem like I'm calling this movie terrible, it's not. It's just highly overrated and I need to point out the flaws that keep this from being a masterpiece. Maybe I've seen too many programs about space (Cosmos, The Universe, 2001, etc) that keep this movie from stunning me with the visuals, but if you're a person that has not seen too many space programs, you'd probably like it. 

And just an FYI, this is coming from a guy that hated Gravity and Inception. If you like those, you may like this movie.",bryno92,2015-11-03
Masterpiece,A total masterpiece from the beginning to the end. So clever so educative so good acting I don't think I ve ever watched a better movie in my life. It's from the movies that sticks in your mind and change your way of thinking. I don't have to say anything negative about it. A 3 hour movie that you can not take your eyes off of it.,F98-,2025-10-27
An attempt at epic story telling that does not quite make it.,"A long, tedious movie. It attempts to be an epic but fails. It attempts to say something profound, but the message is garbled. The movie attempts to mix jumbled pseudo-scientific dialogue with a melodramatic subplot involving a father and daughter, producing a muddled story with little dramatic power. The movie contains elements from 2001: A Space Odyssey and the Matrix, with its bombastic musical flourishes and the special effects meant to depict extra-dimensionality, all pure Hollywood. Matthew McConaughey is the principal actor; his character, Cooper, is the central figure of the story; the rest of the cast are supporting characters (their placement in the credits notwithstanding). McConaughey gives an interesting performance, which includes several scenes in which he weeps, which for a leading man is remarkable. The depiction of earth as a doomed planet is unconvincing and the plan to colonize other planets half-baked and one that tests the limits of plausibility. Being a science-fiction movie, stretching the boundaries of science for literary purposes is to be expected, but this movie asks the audience to accept certain premises that just do not make sense (e.g, acceleration of time; relationship of time to gravity; time as a material object). This movie is proof that when Hollywood attempts to deal with time warps, time holes, multi-dimensionality, relativity, and other complex scientific theories, the results can be less than optimum.",PWNYCNY,2014-11-20
A Dumbing Down Experience,"A lot of mistaken pop science and poor attention to details makes this film a dumbing experience. Films based in history, biography and science need both the writers and viewers to do the hard work of reading the appropriate research so that we are bettered by the film experience. Director's/producers need to pay attention to detail for excellence. As follows: 1. Blight is usually strain or variety specific and is easily constrained by climate variability and solved easily with cross or genetic breeding. Source and type of blights was never explained probably because it just can't happen the way depicted. 2. Dust storms would be limited to a few limited environs and would soon hit bedrock. Besides, crop rotation and contouring should have solved that problem. 3. Drone was suppose to have been aloft for years using solar panels, but no solar panels visible. Propulsion was? 4. The pulp fiction fable of no Apollo/non-moon landing event is not taken seriously by anyone who is a middle school graduate. 5. McConaughey did his famous finger rubbing thinking prior to kicking a tire but what makes no sense is how kicking a tire makes a vehicle functional. 6. Movie relied on an excessive amount of loud tonal sound effects to create drama when writing and acting just not up to the task. 7. Communicating in barcode or Morse is not how any intelligent future beings would rely on. And, later the gravity–quantum equations coming from the future in Morse which doesn't have Calc encodings. Certainly not through watch hand movement. 8. Female role model in Hathaway was cast for smile/looks not for contributing anything believably intelligent. 9. Dad, Dr. Brand, also poorly cast only for accent and stereotyped science look. 10. Dropping bombs on starving people was presented as a solution – that sounded really ridiculous. 11. Looking for new Earth in another Galaxy when your own offers millions of possibilities is like looking for new home on the other side of the planet when one just like it is next door. 12. The energy required to open or even enter a wormhole would be equivalent to the total of our Sun's output for a thousand years. Also, if you can place it next to Saturn then why not closer like next to Mars to make transporting humanity easier. 13. The wormhole as well as the blackhole would shed matter to subatomic particle size. Communicating through a wormhole. Whoever wrote that has no idea of the scale of problems. 14. Speaking of Mars it can be terraformed with a few H-bombs to release CO2 to warm the planet thus melting subsurface ice to give H20 thus oxygen. 15. Turning on and off hibernation is not like opening the fridge; too many opportunities to damage cells. 16. Underground centrifuge space station was constructed of massive concrete which has only compressive strength not tensile strength. 17. Centrifuge center had a Saturn type rocket (100m high) which when blasts off should destroy that whole complex. In reality a complex that large and built underground would bankrupt half the world. 18. Those quantum gravity equations would not fit on that small blackboard. And, why are they using a blackboard in a tech world capable of traveling easily through space? Surely they must have at least an iPad! 19. So, not explained was how love brought Cooper through multiple dimensions (possibly Universes) to the exact correct time & space that Murph happened to occupy. Probably because the writer couldn't. 20. TARS sounded military dumb and those legs are not designed for surviving uneven surfaces without damage, let alone running. 21. The film's ending of throwing papers, the Eureka and the anonymous kiss was typical Hollywoodish. 22. Ranger view of Earth did not show a devastated planet but normal cloud cover; normal water and land color. 23. Five dimensional space-time is decades old-hat. Seven, nine and for the past dozen years; eleven dimensions is now the most likely mathematical construct. Remember that's all this is - a construct. 24. The effort to push books off a shelf would either be equally the same in all dimensions or not possible so that extra effort shown was just dramatic invention. 25. The interweaving of 1990s cars and other old tech, such as lap tops, all simultaneous with space vehicles & stations not yet achievable for several more decades, didn't make sense - incongruous. 26. The alternate Earth being made habitable by altering some made-up chemistry between chlorine and ammonia and their relation to N2 didn't make planetary chemistry sense, especially since such a planet would be hundred thousand times more rare than the more abundant habitable planets; also most likely more than a -100 degrees below zero. Conclusion: So many holes in this film that only a worm would love.",westsideschl,2015-04-20
Interstellar: How Film Can Make you Feel Adventure Again,"Every generation of movie goers sees one film, maybe two, that changes the game for them. It becomes a signature moment that they remember years to come. They remember where they saw it, who they saw it with, even where they were sitting. Christopher Nolan has proved to be a film maker who works best with a big canvas, and he has never been given a canvas bigger than the one he used for his latest film, ""Interstellar"". I feel I can't even call going to see a Nolan piece a movie but more like an ""event"". For the average movie goer, they most likely aren't familiar with the directors of the films they're seeing but most know Nolan. Most know of Nolan because he has made some of the biggest, thrilling, and thought provoking films of the past decade from the Dark Knight trilogy to Inception.

It's almost not worth trying to do a plot synopsis of ""Interstellar"" because it is difficult to try to condense the happenings in a film this huge because I know that I will leave out something big. Anyway, the film takes place in a potentially not-too-distant future where the earth has become unable to produce all but a few crops and it will get to a point where none will be able to grow and man will die out. In comes an engineer/pilot/father Cooper (Matthew McConaughey) who is entrusted to be part of a space expedition to venture beyond a newly discovered wormhole to try and find a new planet capable of inhabiting the human race. Astronauts from previous missions have supposedly landed and have been sending signals for them to come.

McConaughey has always had that ""movie star"" potential and I think this is the film that puts him in that title. This was a truly star making role due to the size of the film and I honestly believe he is the only man who could have done it. ""Interstellar"" was originally supposed to be done by Steven Spielberg before he dropped out and Nolan stepped in. Nolan, clearly influenced by past Spielberg films like ""Close Encounters of the Third Kind"" and ""Jaws"", puts McConaughey in a role in the same vein as Richard Dreyfuss in ""Close Encounters"" or Roy Schneider in ""Jaws"". They needed an actor who could be looked at as an everyday guy who is experiencing incredible circumstances and McConaughey is able to display the emotion required for a man who has to drop everything, including his family whom he knows he may not see again, and try to save the human race. You can see it in his eyes and hear it in his voice and your heart breaks and lifts with his simultaneously. This isn't necessarily a role that wins Oscars but it should be.

The effects are obviously amazing. This, much like ""Gravity"" last year, is a film that needs to be seen on the big screen, especially in IMAX. This, along with the haunting score of frequent Nolan collaborator Hans Zimmer, almost transports you to that necessary place that makes the events happening on screen seem possible. Kind of piggy backing off of that point, there will be those who will trash the film for ""the science isn't accurate"". Those comments are nonsense because no matter what ""science"" tells us, there is just no way for us to actually comprehend what is beyond a wormhole or what would happen if we attempted to go through one. Could we really transcend time and space? Would we discover new worlds and new civilizations? Impossible for us to say at this point, but what makes this film so great is that we are able to see the ideas of ""what can be"". It's the mystery of the unknown that both frightens and enthralls man and few films have been able to capture those feelings like ""Interstellar"" In a time where there are no more explorers, we're fortunate to be put in a position where we can feel what is like to discover and explore new worlds.

People will remember ""Interstellar"" for either being a truly great film experience or ""not as good as 2001: A Space Odyssey"". This is one of most popular slights against the film so far as it is the closest thing to ""2001"" and defenders of the Kubrick classic will argue to the death that it doesn't live up to it. This is an argument that no one will win because it is a generational issue. People see these landmark films during their youth and they leave such an impression on them, that it almost becomes blasphemy to hear of another film made years later, rivaling the one they saw. People want to believe that the film from their time was the best and that no film will be able to capture those emotions they first felt and the memories that it created for them. I respect and detest this because I will most likely feel the same way when future space adventures in the same vein as ""Interstellar"" come out and I fear it is something that is out of my control. Much of the film circles around the idea that love is the one true thing that travels purely through time and space because it is that connection we feel with one another that makes us human and that can be applied with our love for certain films. The connection we feel with our favorite films is almost unshakable and those who think they can make us waver from those feelings are exercising in futility.

In the end, ""Interstellar"" is one of those landmark films. It's a chance for us to escape reality and feel sense of adventure, hope, and amazement that rarely comes around. Don't miss it.",PostingandToasting,2014-11-08
Best portrayal of Love,"For a Sci-FI geek and a problem solving brain, ""Love"" does not count for much in your average day by day. But, boy oh boy this one hits you in the feels you didn't know you had.

This move is like an Eminem song. It has everything. Love for fame, for science, for your fellow humans, for mother, father and children, for your dead ones, for the unborned ones. You name it.

This move reconciles the working class with the intelectual/elite class and puts them in the same level of importance. I have never seen a portrayal of this so balanced.

It's the first exploration of the universe as a physical ""need"" and not as a ""curiosity"".

This movie has so many nuances and perspectives that a narrow mind like mine cannot explain them accurately. I'll stop here. Just watch it.",stefanmitu,2023-11-07
Best Sci-fi movie ever created. Period.,"I watched this movie for the first time when i was twelve and I have to say, very very few (maybe none) movies can even be compared to Interstellar. Its not just a sci-fi movie, its an experience, an emotion. It stays with you, it lingers, it gets into your head and heart and takes over your consciousness. Its a masterpiece. You will not be the same after you finish watching this. The visuals, the acting, the story, the soundtrack...everything about this movie is exemplary. It's been 9 years, and this movie never fails to amaze me and I keep coming back to watch it again and again and again.

Quite possibly the best movie ever created.",aryanraveshia,2023-04-22
"One of the movies that I watched, I never get bored of it","The images were brilliant the acting was top notch and everything was blended together by Hans Zimmer and his Music. 169 minutes flew by me with my eyes fixed on the screen and my heart racing. And there it was.. The ending. I couldn't believe it . I was reliving, rethinking the movie while the credit scenes rolled enjoying the moment, the smell of popcorn, my comfortable seat and what do i see next to me? Ninety percent of the people in the cinema rushing outside after the first second of the credit scenes.",mostafa2nasr,2022-05-25
The Best Film,"Just an outstanding performance by Matthew and just a great directing Job. The Film Story is out of this world an if you love The universe like I do, it´s the perfect movie for you.",loumergen,2022-07-04
GOAT movie,"Before I watch this movie I knew that it was very high rated, also i've seen some spoilers and I thought it wouldn't be good as I expected, but when I saw I forget everything, it was just amazing, it was the perfect combination of visual effects, incredible music, story and unforgettable performance, i love this movie, it's just a masterpiece.

""We've always defined ourselves by the ability to overcome the impossible. And we count these moments. These moments when we dare to aim higher, to break barriers, to reach for the stars, to make the unknown known. We count these moments as our proudest achievements.""

Thanks to christopher nolan.",lukagurchumalidze,2023-01-12
Grade: A+,"Interstellar marks a critical moment in the career of Christopher Nolan; he has come a long way from being the indie noir director of Memento and Insomnia, to striking gold in the enormously popular Dark Knight franchise. Inception was proof Nolan could successfully tackle a big- budget, original idea outside of the Batman series, but with comic book films behind him, Interstellar has to sell on the promise that Nolan is not a one-hit wonder of big-budget original ideas.

The movie's plot focuses on Cooper, a Southerner and family man who doesn't quite understand why man is turning away from flight. ""We used to look up at the stars and wonder about our place in the stars,"" he says, ""…now we just look at the ground and see dirt."" Matthew McCoughaney shines in the role of Cooper, delivering one of his career-best. Cooper is an everyman, and nothing in this world (or any other) is more important to him than his kids; in particular, his daughter Murphy, played spectacularly by Mackenzie Foy.

Despite great performances from a huge ensemble, beautiful visuals and setting, shot by first- time Nolan cinematographer Hoyte Van Hoytema (Let The Right One In), Interstellar features a typical problem in every Nolan movie: too much expository dialogue. It is very obvious in numerous moments that Nolan is trying to feed us information and backstory. My other issue with the opening of the film is pacing. Thought the movie establishes the world and doesn't rush to do so, the movie rushes off into space the moment the idea of interstellar travel is introduced. From the first act, it is unclear whether Interstellar can deliver. 

It's in the second act where the movie really begins to blossom. Much of the film from this point on is set in space, and boasts mind-bending special effects as timeless as 2001: A Space Odyssey. The movie features some strikingly similar shots, clearly paying homage to the classic space opera. A lot of the shots are wonderful, and Interstellar features the best cinematography in any of his films (sorry Wally Pfister), but a few times, I found myself wondering the purpose of some of these shots of the ship ""Endurance"". Interstellar reaches for the stars, but in act two still seems unsure of where it may land.

In addition to great visuals, the sound design and score are top-notch. Hans Zimmer does some of his best work, bringing in a score that is both celestial and organic; it perfectly balances tones we normally associate with outer space, while hitting all the right emotional notes. And the movie knows when to be quiet in space; not just outside the ship, but inside. I loved the moments where things were so silent you could hear the background whirring of computers, the slight creaking of the ship, the breath of the characters. The attention to detail in both sight and sound made the movie feel real.

When the plot does finally introduce a ""villain"" in it's second act, the movie starts to feel it may have overstayed it's welcome. Interstellar runs at 169 minutes, and it's a long one admittedly. Cooper and Amelia, played by a well-cast Anne Hathaway, are finally forced into unforeseeable circumstances, and Christopher Nolan does not hold back. This makes for some heartstring- tugging sequences, and Interstellar may have benefited from stepping on the brakes with some of the emotionally heavy content, but the acting is so good, that it doesn't matter if it's slightly overdone, and it all builds it to a marvelous climax.

Interstellar's third act is as stunning as anything I've ever seen in film. For critics who thought Inception was proof that Christopher Nolan was not very imaginative visually with free reign, Interstellar proves them wrong. Thematically and scientifically, the movie dares to challenge, it dares its audience to follow into the unknown, beyond the horizon. I am still trying to wrap my head around it all.

Nolan's blockbuster epic is not perfect, and it's not for the common audience. If you're looking for big action sequences, or looking to turn your brain off for awhile, you're in the wrong movie. It's got some bumps along the way, but Interstellar is visionary for our time, and so bold in its execution, that it is not bogged down by its few flaws. I was thrilled to take the ride. Interstellar is thought-provoking, emotional, cinematic, and a wonder to behold, which in time, should earn its title in the league of great science fiction.

Grade: A+",bschultz_the_pally,2014-11-07
Best movie I have ever watched,"I watched this when it first came out and I recently just re watched it, it never gets old. Best movie out there. Nothing is better than your first time watching this movie because it will blow you mind. One is the reasons this movie is loved so much is because of the highly scientific accuracy, I honestly cannot express how amazing this movie is and how beloved it is to me. The movie is completely mind boggling and I love it so much. Everything was great, the plot was 10/10, pacing was 8.9/10, cinematography was 11/10, acting was 10/10 so overall 10/10. Definitely recommend, and your movie standards will definitely change after watching!",ayaanasofiak,2022-12-11
I'm a big Nolan fan... and I'm disappointed,"Let me bring you this in overview. 

PRO: - Stunning visually, through and through - Good acting by the entire cast - Interesting concept - A strong second half - A somewhat satisfying ending - A few interesting twists - The main musical theme is amazing. 

CON: - It took too long for anything truly interesting to happen. It had a few good moments, but in general the whole first half of the movie was... a tiny bit boring. If it hadn't been a Nolan movie, I would probably have left in the break. I'm glad I didn't. But the first half makes me not want to see this movie again. - There are really too many plot holes. Or moments that are not well-explained enough for them to be plausible. Things like characters experiencing revelations based on... well, pretty much nothing. Especially near the end. Which doesn't take away from the awesomeness of the second half. But one has to overlook these things to enjoy the story. - Besides the main theme, most of the score seem misplaced. Too loud. Too bombastic. Or not adding to the emotions on screen. And I'm speaking as a huge Hans Zimmer fan here.

All in all, I would recommend seeing it. Definitely. But with an expectation that it's not as special as we've come to expect from Nolan.",Alexander_BK,2014-11-07
Sappy Sentimentality and Silly Science,"'Memento' and 'Inception' had some problems, but their ideas stretched the imagination. 'Interstellar' only delivers the vacuous pretension one would expect if a Batman director thought he could eclipse Kubrick's '2001' with an implausible adventure story. Christopher Nolan's new film begins inauspiciously and steadily declines as its long-winded prologue introduces the Hollywoodian elements of a Steven Spielberg/Norman Rockwell Sci-Fi co-production - a widowed ex-astronaut farmer, his chiseled jaw, a feisty daughter, a crusty grandpa, baseball, dust storms, a dying Earth, paranormal activity, cornfields - and lots of corn.

After about an hour - which seems like two - a valiant crew lifts off in search of a planet to save humanity. Once they've journeyed through an interstellar wormhole, the far-fetched nature of the tale expands to cosmic levels. Nolan's need to overwhelm his audience with awesomeness is so powerful that he forgets to tell a believable story. Scientific hocus-pocus is stirred into the sentimental sludge as gigantic tsunamis, frozen planets, deranged scientists, spaceship chases, time travel tomfoolery and black hole baloney eventually lead to a schmaltzy Hallmark-level climax. The visual effects are above average, but diminished by the cheesy melodrama of the narrative. When all the film's 'Sturm und Drang' has died away, self-importance and mawkishness are the abiding impressions.",tigerfish50,2014-12-05
What a movie!,"Incredible story full of emotion with suspense and great acting...I watched this movie more than 5 time and it's the best SF movie i 've ever seen!

""It's not possible"". ""No, it's necessary"".",solzenjicin,2021-11-18
One viewing may not suffice,"I saw this opening night (Thursday). I wanted the full monty. That means IMAX (I drove across town to get it). Wow! There are only a handful of films that have visually overwhelmed me and required a second go (or more). The first was 2001 A Space Odyssey. Star Wars Empire Strikes Back and Avatar come to mind for now. This was such a spectacle with a very complex script I'll admit I left the theater with a lot of questions. I knew it was a viscerally thrilling experience, I just couldn't fully explain the ending to my inquiring mind. I write this piece having seen this amazing film again four days later (No IMAX). OMG! I loved this movie even more tonight than four days ago. For me at least, it took two viewings for the grandeur of this project to reveal its power and intellectual reach. This is a science fiction film for the ages!",ChasD3,2014-11-10
One of the best Sci-Fi movie at the moment,"Expect very much from the cast and director. And all expectations fulfilled. The film is almost 3 hours, but they are not feeling. Time flies by. No slack in the story-line. Everywhere where there might be desired drool, snot or lengthy disquisitions - all collected in a couple of phrases and capacious video sequences. Nor any stupid nonsense about the Bible and God. It's Sci-Fi, baby! After viewing the impression left is not even like the movie, and how soundly from the book that you read with pleasure. Lots of thoughts left to think. The film, like a good book revealed to you something new, along with the author allowed to dive into his world. World, so close to ours. Very suggest targeting the film for viewing. Even if you do not like everything in the movie, you will get acquainted with one of the best representatives of the genre on today date.",obrazcoff,2014-11-13
Interstellar is a Timeless Masterpiece by Christopher Nolan,"I just rewatched Interstellar, and I can confidently say it's one of the best movies I've ever seen in my entire life. The storyline is spot-on, and the visuals are absolutely mesmerizing. Every time I hear Hans Zimmer's ""Interstellar"" theme, it hits me right in the feels.

The twists and theories in the movie are so thought-provoking, they really make you ponder how the universe works. It's one of those films that sticks with you long after the credits roll. I think many of us can agree that Interstellar is a true masterpiece.

I hope we'll be lucky enough to experience another masterpiece like this in the future. Movies like Interstellar is rare, it sure leave a lasting impression. If you haven't seen it yet, do yourself a favor and watch it-I guarantee you won't be disappointed.",Czereth,2024-08-16
Exhilarating,"Interstellar is an amazing movie all around.

The casting is good. Matthew McConaughey was amazingly well in this movie. (Really his performance showed what his career has worked up to be. Astonishing.)

I also would like to point out that the sound of being in space felt real life. The sound of nothing. The sound of movement with hydrogen and helium. (Space ""air"")

The different emotions I felt watching this movie was mind blowing. This movie had my attention the whole 2h 49m

I believe this is truly a 10 out of 10 movie. I feel that watching this movie has gave me a new perspective on how much work is put into movies.

Everyone must watch.

Interstellar a work of art.

AL.",giavonnilovato,2024-05-14
10 years later...,"I rewatched this movie after 10 years... initially seeing it in the cinemas when it released, i realise i was too immature to watch it back then. After a decade i finally decided to watch this again. I cried my eyes out. A fully grown man crying like a child watching this, thank god nobody was here to witness. I truly managed to grasp the beauty and emotion of this masterpiece after so long. I dont think i need to say much more, i just wanted to write something after wiping all my tears. I wish i could go back in time to that moment, as i am now and relive that experience of watching it all over again.

Exquisite. Emotive. Exceptional.",9MZK7,2024-08-15
Ghost Protocol,"There are moments during ""Interstellar"" which may be compared to ""2001: A Space Odyssey"" (a better movie). There are moments during ""Interstellar"" which may be compared to ""Prometheus"" (also, a better movie). There are even moments and storytelling techniques within ""Interstellar"" that are completely ripped off from ""Inception"" (a much better movie, from Christopher Nolan himself). That said, ""Interstellar"" should still be touted as the most ambitious film of the year so far, and in the same breath, should ultimately go down as one of director Christopher Nolan's worst films to date.

This highly anticipated Nolan project depicts a future riddled with dust storms, where the world's food supply is nearly depleted (or at least 40 to 60 years out from being depleted, but that doesn't sound nearly as dire) where astronauts are working as farmers and children are taught that the Apollo space missions were faked. During this time, an underground government institution called NASA commissions a group of astronauts (including Matthew McConaughey and Anne Hathaway) for a top secret space mission. This mission will have them traveling through a newly discovered wormhole, with the promise of finding another inhabitable world.

OK, let's get right to it. Any praise I heap upon this movie will be directed at the final 90 minutes of this two hour and 49 minute long film, since the first 80 or so minutes of ""Interstellar"" (while absolutely gorgeous at times to behold) is drenched in sequences of McConaughey seemingly reenacting moments from those pretentious Lincoln car ads, caught in a continuous and almost finger wagging diatribe about how the human race was never meant to die on earth, which nearly put me to sleep. In other words, the first half of this is as slow and lifeless as watching a dead astronaut drift through space. Anyway, this is Intersellar's fatal flaw, since the latter half is ripe with big budget yet very symbolic action sequences, stunning cinematography and fascinating talking points dealing with the nature of human survival in the face of an unsympathetic universe, due to some really insightful slabs of dialogue from a script written by Nolan and his brother, Jonathan. Even the literal rocket science lingo becomes more and more palatable as the ""gravity"" of this plot begins to set in, near the midpoint of Act 2.

Final Thought/The Ending: Allow me to take a quick spoiler free moment to discuss this ending. During the final act of ""Interstellar"", for most film nerds, Nolan's story will be encroaching on the hallowed grounds of Kubrick's ""2001: A Space Odyssey"". Some will admire the sheer ballsyness of what he does in this pivotal moment and others will find it in bad taste. Though this is not a huge issue, since I don't believe this niche group will have much effect on ticket sales, the problem is that for the millions who didn't see ""Interstellar"" for any film school aesthetic reason, Nolan's ending will simply come off as so strange and obnoxiously far-fetched, that many may leave the theater angry that the punch-line wasn't worth the nearly three hour set up.",ghost_dog86,2014-11-13
"Hands down, mind-blowing","This film is just legendary, I do not see why people are hating this film, its unpredictable and well just plain brilliant. A lot of the science in this movie is true (for a science fiction film). I believe this is Nolan's best yet and I believe that its probably the greatest film ever made. Matthew deserves an Oscar for his role (no joke) and Hans Zimmer's soundtrack is a masterpiece in it's own right (completely new and different from his previous work, check the dark knight trilogy and inception). The FX are brilliant and their are no complaints from me. The acting is just great and it really asks questions on who we are and our purpose. So overall to conclude this film is just MINDBLOWING!",kyjamie,2014-11-12
Don't expect too much,"Just watched this in New Zealand. The IMDb rating is still above 9 at the time. Not sure it will stay there though. It's not a bad movie but it's not a great one either (which a 9 should be). It's creative in terms of story but it is drawn out. It goes for the Gravity look and feel, being slow, filmed in space and with dialog often replaced with music, but it does not have the suspense of Gravity. It's doesn't draw you in. It just doesn't have enough substance to carry it off. It has plenty of promise but lets you down in the end, especially once you pull all the pieces together to formulate what's going on. It's still worth watching, at 7/10, just don't expect a 9/10.",cm_fox,2014-11-05
Not sure what the fuss is about,"Not a terrible movie but not half as good as some reviewers would have you believe. Firstly a lot has been made of you needing a degree in quantum physics to understand the movie. Not so, the premise is exactly the same as his last move 'inception', time moves slower the deeper you go or in this case nearer the event horizon of a black-hole. Don't need to be a genius to understand that.

Secondly a lot has been made of his revolutionary mixing of 'dazzling' science fiction and an intimate human story. As for the human story, it's clunky and at times cringe-worthy. It's dull and not particularly well handled with amateurish dialogue characteristic of the Nolan films. If you want to see a movie where the relationship between father and daughter is far better handled watch 'Contact'. As for the science fiction I'd have to say I was disappointed. Parts were very spectacular but I was not impressed by the planet scenes. Iceland yet again and a water planet with shallow seas and massive waves? I was somehow expecting more than this.

Overall grossly over-rated by the critics yet go and see it all the same.",shequk,2014-11-11
Solid movie,"Went to see the film Wednesday evening. Overall it was an enjoyable film from start to finish with the help of humor along the way. Excellent casting, descent visuals, and a good sound score. There were times I felt the music was overkill and would drown out certain scenes but overall well done. Story meshed real well too and threw in a few curve balls.

I would have liked to see some better visuals from space. Especially when they arrived in the new solar system. Been cool to have seen unique planets of different colors orbiting each other for instance. Something unique to stamp the distance and uniqueness from our system. Trivial but it's those small things :)",robertzinglar,2014-11-04
"Thought-provoking adventure,","This movie felt like it tried to accomplish two simultaneous and somewhat incompatible endeavors.

First, it was thought-provoking. Many questions were raised. What would life on earth be like if our climate runs amok? What happens to government when we all have to live hand-to-mouth? Are ""they"" out there communicating with us? Is it the essence of humanity to survive, or is it to pioneer, and, by extension, evolve? Second, it was also an adventure. I watched this in a full IMAX theater, with eighty bajillion watts of Super Thunder-Round Sound, or whatever the kids call it now. The visual effects definitely shine on the IMAX screen. The format switches occasionally, and usually imperceptibly, between 70mm for the scenes with dialogue, to IMAX format for that full-on dose of retina-overload spectacle. This movie is a wonderfully fun ride through a strangely familiar extra-galactic world. There are also plenty of tense moments, after which you realize you've been holding your breath.

I'm glad I went to watch this. That said, I think the film suffers a little from trying to be both an adventure thrill about the dangers of space travel, let alone an actual confrontation with a nemesis, and also a multi-layered allegory involving the dimensional tangle of time, gravity, love, and what it means to survive.

It asks more questions than it explores. While it fills in for the missing answers with white-knuckled brushes with death, it wasn't as intellectually satisfying as I hoped. I spent an hour discussing the thoughtful components with a friend. In the end, we were grasping to find symbolism, metaphors, or other messages about humanity. We never coalesced ""the message"" of the movie.

But did we need to? It was, as I said, also a thrill ride. The adventurous climax was a little less than terrifyingly dramatic; I can't say I had the same post-climactic cathartic experience as I've had for other movies. But it was a definite end, closing most of the open plot points. I certainly felt moved by the characters' resolutions.

I was suspicious that Matthew McConaughey could convince me that he was a space-ready engineer; it turns out that he didn't need to, because he did convince me that he was a dad that loved his children as much as any dad could. I think all the leads delivered solidly: Caine, Lithgow, Hathaway, Damon, Chastain, Affleck... I connected with the characters and felt their pain and happiness.

Hans Zimmer played up the drama in the music a little heavily, I thought, and unnecessarily. It wound up creating the opposite of the effect I think he intended. Many of the scenes could have used a lighter touch, musically. Some of them worked brilliantly.

Although I had my quibbles, the final analysis is that I would definitely choose to watch the movie a second time, but I'm not making plans to, for now.",redcrystal,2014-11-05
Nolan's Sci-fi magic strikes again on the big screen,"""Do not go gentle into that good night; Old age should burn and rave at close of day."" that was one hell of a dialog from the movie #INTERSTELLAR even though it was inspired from a poem. 

Chris Nolan made a film which make's even science freaks also don't know some of 'em which he implied in the film. It is evidently clear that he doesn't like this 3-D world which instead he created 5-D world and made 'Time' as a physical quantity in his world. Literally there is no words to explain the ingenuity of Chris. The way he crafted the characters and effectively using technical expertise and screen writing definitely make us to taste 'Transcendence'. once again he proved that he is not a contemporary director but a director who evolved from unrealistic future.

Matt did a splendid job by portraying 'cooper' and express his emotions as a destitute and grief-stricken father was incomparable. Hans zimmer, he is at his best. Anne and Jess made justice to their roles. Matt Damon and Michael Caine played a pivotal role as well. Chris also made 'India' as part of his film because of 'M.O.M' i think, even though it is little about India i think. overall film is astoundingly superb with intense screenplay unless you detest physics or you lack keenness but its better to study a Lil'bit before 'bon appetite'. Remember ""do not go gentle into that good movie"".

#INTERSTELLAR and #INCEPTION are the best sci-fi masterpieces i've ever seen in this decade. Take a bow Chris Nolan and ""orgoglioso DI es sere UN fan DI Christopher Nolan''",madhav-notty,2014-11-13
