title,review_text,username,date
A Timeless Classic,"This movie, and trilogy in general, is a cinematic (and literary) masterpiece, and simply refuses to get old. I love this movie so much it's become a tradition to watch the Lord of the Rings series at least once a year! It's just as good as Christmas",venividiamavi-v,2019-08-07
15 years on... Still the greatest,"I've just re-watched The Lord of the Rings trilogy for the 1000th time tonight... nearly 15 years since the Fellowship of the Rings was released... I still haven't seen a movie that's better, nor close, to any of these three films. The casting is perfection as well as the incredible acting by everyone in the movie. I can still watch these movies back to back and not get bored. They are a light to this world and wouldn't be the same without them.

I miss the good old LOTR's days. The best movies ever created. The Return of the King was the best way to end a thrilling journey through middle earth!",jamiedphilips,2015-12-23
Nothing better,The greatest tragedy of the human race is that they will never make a better movie than Return of the King.,diffguy,2020-11-02
All Good Things come to an End!,"All the threads of Tolkien's magnum opus come together in the most elegant of fashions in the final part of Peter Jackson's adaptation. Humanity makes a last stand at Minas Tirith, the Hobbits travel through Mordor, our heroes try to by time for Frodo to complete his mission and the Evil Sauron gets tired of the whole game and lashes out with all his might and fury.

""Return of the King"" is 4 hours of payoff, a third act in a gigantic epic rather than a mere film of its own. As such it is intensely dramatic and dynamic and you can very much sense that though peter Jackson spared no effort on the previous episodes, this is clearly his favorite. the film floats by at a thunderous pace, taking us through unforgettable moments such as the battle of Minas Tirith itself, a marvel of seamless animation and epic film-making, it demands to be seen, as it has too many jaw-dropping moments to choose from. The quieter character moments keep gaining in potency and the full weight of the stakes and their heartbreaking consequences is never in doubt.

The cast of these films have played their parts to perfection and again Jackson deserves overall credit for choosing actors that so perfectly match Tlolkien's creations: Ian McKellen and Christopher Lee are their own usually excellent selves, and the hobbits remain endearing, but of all the uniformly great cast, the true standouts are Viggo Mortensen and David Wenham as the tragic Faramir, whose relationship with his brutish father is the most traumatic of the film. Jackson pushes them even further by having them sing at a few key moments (a practice employed to powerful effect by Tolkien in the books), a daring undertaking that works wonders. And though he may offer one ending too many, he does have the decency to show off each surviving character with the appropriate screen time and respect.

Now that the trilogy is complete, it can be viewed as one big film, as it should be. After 8 years, Jackson has done the impossible: he has taken Tolkien's huge legend and made films that stand on their own and have revolutionized film-making, setting the new benchmark for cinematic epics. Changes have been made to Tolkien's source novels, but they make for better, more fluid films, more faithful in spirit to Tolkien's myth than anyone had the right to hope for.

A masterpiece, whether as part of a bigger whole or on its own. Well deserving of all the high praise thrown at it, and then some...",OttoVonB,2006-11-22
The best trilogy in the history of cinema,Best movie in the trilogy and sealed in the best possible way,auuwws,2020-09-28
Still the greatest movie ever made,"Nothing even comes close and I may well not see it personally topped. Every single scene is magnificent. The acting is superb as is the direction, script, hauntingly beautiful music, cinematography and the incredible battles; especially the hour long battle on the Pellenor Fields and Minas Tirith. The characters
are some of the greatest ever created and to root for. The movie is simply perfection from beginning to end and the 4 hour version is just as majestic. There's not a single negative thing I can say about a movie that deserves all it's nominated Oscars. My family and I watched it 4 times in its first 12 days of release. A joyous experience every time. Magnificent!!!!!!",terrylarosa,2022-02-11
Great,"Wonderful on every level. Love the characters and special effects. One of the biggest, most massive battle scenes ever put on the silver screen. A great end to a monumental epic.",0U,2020-02-15
Pretty much outstanding,"I admit it, I love all three Lord of the Rings films. People may say Return of the King is the best of the trilogy, some may say it is the worst. I personally think Two Towers is the best for its scope and better exploration of some of the characters, but while it is still great Return of the King is better than Fellowship of the Ring.

My only slight disappointment is the ending, it does feel overlong and bloated for me, almost as if there was more than one ending filmed. That said, what does make the ending at least watchable for me is the way it is shot, the marvellous score and the performance of Gollum.

Despite this minor discrepancy, Return of the King is extremely good and in my view one of the better Best Picture winners last decade. Peter Jackson's direction is very impressive here, and the scope is massive and just dazzling to watch. All three films of the trilogy are very well made, but Return of the King defines the term epic. The cinematography is mind-blowing, the scenery is superb, the costumes and make-up are well tailored, the effects are superb and don't distract too much and the lighting is authentic.

The score is phenomenal. Fellowship of the Ring had some ethereal, rousing, haunting and charming themes, whereas Two Towers was somewhat darker and more complex. Return of the King merges these together and the result is a perfect mixture of charm, darkness, etherality and complexity. The story is compelling with themes of friendship, strength and loyalty, the screenplay is well-written and literate and while the film is very long the three hours or so fly by seamlessly. The characters are engaging, Aragorn is even more interesting here than he is in the previous films while Gollum continues to steal every scene he appears in.

The acting is very good. Orlando Bloom(who I can find dashing yet uncharismatic and bland) and John Rhys-Davies are given less to do but do carry their parts very well, and Elijah Wood is likable enough. Sean Astin captures Sam perfectly and provides the heart of the picture, and Viggo Mortenssen is at his charismatic best here. Ian McKellen is perfectly cast, while the design of Gollum is still superb and Andy Serkis is equally phenomenal. I was slightly disappointed by the lack of any Sarauman, but I was more than I was satisfied with the final result.

All in all, an outstanding entry to a great trilogy. 10/10 Bethany Cox",TheLittleSongbird,2011-03-09
They saved the best for last,"Obviously, I'm aware of the fact that the Lord of the Rings trilogy is actually one giant movie, but since it was released in parts, that's how I'm judging them. The Return Of The King is the final chapter, and since it is the climax and resolution of the epic journey, it has a little more intensity and urgency than the previous installments.

At this point everyone has come to know and love all of the characters, and the stakes have become tremendously high. Kingdoms are at their knees, and the only two characters who can save the day are getting weaker and weaker. The tension was very high in this episode and I can honestly say that out of all 3 this was the only one that had me on the edge of my seat. There were many memorable scenes (one of my favourites including the part with the giant spider)that made this the classic that it is sure to stay for decades to come.

This is the longest of the series, mostly because of the ending that seems to last a while. This was a good ending, and I can see why Frodo did what he did. He, and us the audience, have gone through an incredible ordeal and I think we needed that 20 minute linger. When the battle is over, and the celebrations have ended, there is a sad emptiness felt. The films spanned over 3 years, there have been the extended cuts of course, but after that, it's all over. Peter Jackson gave us an ending that was both appropriate and admirable.

These were some amazing movies and this one in particular is the best, in my opinion. As whole, the Lord Of The Rings is a phenomenon. An absolute phenomenon. Much more than just movies. They have a universal appeal and have touched the hearts and imaginations of millions. I'm one of them.

Sorry if I'm being all fanboyish and kissing this movie's ass, but I really admire it. It may not be among my personal favourites but generally this seems to be the movie event of the century. There will never be another Lord of the Rings film, and that's a bit depressing.

My rating: 10/10",Derek237,2005-03-16
"Not only the best of the ""Lord of the Rings"" series, but sets a new standard of epic filmmaking.","Saying that this film starts where `Two Towers' left off is somewhat misleading, for the film starts a great distance from the walls of Helm's Deep. `Return of the King' opens with a flashback of Smeagol (Andy Serkis) obtaining the one ring of power and an origin of his deterioration into the creature Gollum. This opening recaptures an emphasis that was somewhat lost within the epic battles of `Two Towers,' at that's the ring. The first installment, `The Fellowship of the Ring,' provided heaps of exposition on the ring's importance and influence, and in `Return of the King,' we see it pay off, big time.

After the armies of Isengard have been defeated due to an allegiance between Theoden (Bernard Hill), the king of Rohan, and the elves, the main threat to middle earth is now concentrated in the kingdom of Mordor, controlled by the dark lord Sauron. Sauron has turned his eye towards the realm of Gondor, the last free kingdom of men, and the wizard Gandalf (Ian McKellan) must warn Denethor (John Noble), Steward of Gondor of the impending attack, while Aragorn (Viggo Mortenson), heir to the throne of Gondor, and Theoden gather men to aid against the armies of Mordor. The dark lord Sauron needs only to regain the one ring of power to conquer all of middle earth, and two hobbits, Frodo (Elijah Wood) the ring-bearer and Sam (Sean Astin), must continue their journey, directed by Gollum, to Mount Doom, the only place where the ring can be destroyed. Got all that? If not, you need to bone up on your `Lord of the Rings' before expecting to follow this film.

Since all three epics were filmed simultaneously, each individually has the feel of being part of a larger picture - except for this one. `The Return of the King' is just too big, the most epic of a set of epic films. Now that director Peter Jackson has brilliantly constructed the characters and plotlines throughout the first two films, he puts them to use.

All of the characters have their best moments within this film. The pair of mischievous hobbits, Merry (Dominic Monaghan) and Pippin (Billy Boyd), are no longer the tree ornaments they were from `Two Towers,' but are split-up, and take their characters in completely new directions. Aragorn, played with an unmatched sense of honor by Viggo Mortenson, is about to meet his destiny as the future king of all men, while Andy Serkis continues his expert portrayal of Gollum (Serkis' provided not only the voice of Gollum, but also assisted during production by acting out the scenes of the computer-generated character with his fellow actors).

However, the real acting triumph of the film is Elijah Wood as Frodo Baggins. He continues his descent into corruption with an incredible talent that many could not pull off. Wood's performance is so critical to the film because it determines the ring's power to corrupt, which, needless to say, is absolute.

The first two films established Jackson as an incredible visionary, shooting vast landscapes from his native New Zealand. With `Return of the King,' Jackson really gets a chance to show off. With, hands down, the most beautiful visuals of the trilogy, Jackson makes `Return of the King' a gorgeous feast for the eyes, while never resorting to McG level over-the-topness. Jackson stays very grounded in his characters, not letting the effects tell the story, but only assist the wonderful dialogue and characters. Think of `Return' as a mix of `Fellowship' and `Two Towers,' with enough action and character development worthy of ending a film event of this magnitude.

The bottom line, fans of the films will not be disappointed. Hardcore Tolkien lovers might be upset by plot changes and interpretations made by Jackson and the other writers, however, it is unrealistic to expect a completely true adaptation of the novels, being that film is an entirely different medium. Despite the alterations, Jackson consistently stays true to the major themes and ideas from the original text, while adding some of the finest filmmaking ever put to screen. `The Lord of the Rings: The Return of the King' is one of the most finely tuned and cinematically perfect films ever made. Not only the best of the trilogy, but a crowning achievement in epic filmmaking.",danlongino,2003-12-16
Still black and white. But the spider's cool.,"Not surprisingly, a lot of good plot had been removed from the story, and a lot of bad plot inserted. This is hardly news; the same happened to the two predecessors. Much was lost by skipping ""The Scouring of the Shire"". The computer graphics are well-done but rarely convincing, and Gollum's only task is to provide comic relief. Most of the audience seemed to find him quite funny. I was just bored.

Tolkien's books told a great story basically about the weakness of men (and other races), and the importance of not fighting alone. The best example being the events on the edge of Mount Doom. Tolkien made a strong point in that nobody is perfect, neither perfectly good nor perfectly evil.

The film completely ignores this and simplifies things to pure black and white. There's good, and there's evil, with nothing in-between , no shades of grey.

And that I think is sad.

All that being said, the film has a few but important qualities, and that's the great camera work, the excellent acting and the stunning scenery - CG-scenery too.

The rest of the CG is not that interesting, except for Shelob the spider who really makes up for it. The sound of a whole cinema audience simultaneously gasping in horror as ... Well, I won't spoil for those who haven't read the books. But wow. So, in the end, despite all its flaws, I recommend seeing this film. But go see it now, on the big screen. It won't be worth your time on TV.",kiwikwi,2003-12-17
This movie has marked my childhood!,It is the best movie I can remember I've watched while I was a kid!,athgeo,2019-01-21
I lived to see them all!,"I am in awe of the knowledge of some of the reviewers. I've been disappointed with virtually every film version of a beloved book that I have seen. I have not studied ""The Lord of the Rings"" though I have read the trilogy twice and parts several times. I know what a scholar Tolkien was and admire his work in linguistics as well as storytelling. The two entities do not need to cross over. If one really wanted to make the book you would have about two hours of poetry and a 56 hour movie. Movie-making is, unfortunately, forced to play by different rules. First of all, this film could not have been made until now. Imagine people dressed as trees. Remember those old Superman serials where whenever the Man of Steel flies, he becomes animated. Now that is genuinely bad. What Peter Jackson did here will be his legacy; had he died the day the film was complete, he would go down in film history. Everything is set up. The ring must be returned. Frodo is drunk with power and is latched on by the forces of evil. Those continuing the quest must face the ultimate and some do. Gollum is in the way, using his wiles to drive the ring back to him. The visual magnificence of Mount Doom and Mordor are unbelievable. One thing that is never mentioned is the incredible acting of most of the characters. Jackson may be a master of spectacle, but Frodo's character is a mass of impulses and expressions. He believes he is going to die and is afraid. Do you see a little bit of Christianity mixed in here? I'm not going down that road because, of course, the Bible is an epic too and has its own story. This is a movie about how friendship, loyalty, and sacrifice will out against evil. The evil is so remarkable and so oppressive.

I can't begin to talk in the terms of other reviewers, but I do need to make sure that I weigh in on this film and the other two because this is a product of our society that we can all be proud of.",Hitchcoc,2006-03-16
I doubt there will ever be a film made of this quality again.,"Frodo and Sam continue their desperate journey to destroy the ring, Gollum has his eyes very much on the prize, knowing they cannot possibly get past Sauron's army, Aragorn creates a diversion.

Surely this is a contender for the greatest film of all time, I can think of nothing negative to say, it's everything you want in a movie and more. Action packed, intriguing, funny and several scenes that will pull a few years from your eyes.

The greatest battle scenes of all time, they are as relentless as they are breathtaking, if you like action, this is the film for you.

There isn't a single lull, at no point does it ever dip, it doesn't matter which character the focus is on, it captivates, that opening sequence with Gollum was off the scale, as was the final, epic battle.

I will only watch the extended version, as I find Christopher Lee's absence in the theatrical cut unforgivable, I know it's about four hours long, but that doesn't matter, you lose all sense of time in the wonder and brilliance.

McKellen, Mortensen, Wood, everyone associated, incredible.

This film truly is one of the best ever made.

10/10.",Sleepin_Dragon,2023-09-30
The Journey Ends with a Unique Movie.,"This movie made me love Cinema. Some movies mades you love that genre, this made me love Cinema. It's not perfect since there are no perfect movies actually. But this one is the Achievement of being the closest to the perfect for me.

This movie is the best movie of the all time for me, clearly. I just gained my Cinema love with this movie. And I watched more than a thousand movies. I watched so many directors from so many countries. My cinema taste changed too much since my first watch of this movie. But this movie is still the best for me, not even a single movie reached to it's level. This is why I think the movie is the best movie of the future also. I don't think my thoughts will ever change.

This movie is not about the war of men and orcs or any other peoples. This movie about the insignificant people versus the worlds biggest thread ever. That thread is actually unbeatable.

""You did not seriously think that a hobbit could contend with the will of Sauron? There are none who can. Against the power of Mordor there can be no victory.""
Saruman

""Hobbits really are amazing creatures. You can learn all that there is to know about their ways in a month, and yet after a hundred years they can still surprise you at a pinch.""
Gandalf

Both dialogues from the first movie. One of them telling us evil side is unbeatable and the other one tells we have a Hobbit. Brilliant and the most effective storyline. And they adapted it amazingly well!",EVON1TY,2023-03-14
A Brilliant Conclusion,"As a movie watcher, I tend to become bored with the constant, overdone, overdrawn, underplayed, overdramatized performance and production quality of most Hollywood films. It's a trait that in recent years has sadly driven me away from most big budget American films. A decent idea will become mangled by the money making machine that is Hollywood, hoping to pump the most raw cash they can out of it before it drops dead in the street.

We all saw the catastophre of a failure that arose from the Matrix Franchise. Such immense hype and professed genius only made the failure all the more poignant for those of us that really wanted and expected more from the franchise.

That all being said, I must say that The Lord of the Rings is an amazingly powerful visual experience. Not even just a visual experience. Peter Jackson has crafted one of the finest written pieces of our era into THE quintessential epic. He supplements the brilliant storytelling of JRR Tolkien with one of the most awe-inspiring collection of films ever created.

The 7 hours of film that leads up to the Return of the King is only precursor though, when you sit and watch this film. It's just plain brilliance. Everything about the film is wonderful. The manner in which Jackson has arranged the scenes, detracting slightly from the original flow of the novel really helps to keep the suspense strong in all three story branches. The Tolkien humor is intact perfectly and the gallantry and just plain coolness of these heroes is plain amazing. (Check out Legolas in the BIG battle) It's all just too much for words.

If one were to gripe, and I suppose there will never be a film made that one cannot find a point at which to grip, it is painfully long running time here. I personally believe that this is the only way such a film could be made, true to the source material and completely engrossing, but I found myself more worried about the pain in my posterior than the emotional final minutes after 4 hours (including ads and previews) that I had spent in a cramped seat. As such, this will be all the better (at least for me) when it's release on DVD (can't wait for the extended...get to see the Sauroman scenes that they cut out).

As a film though, this is amazing. A true lasting legacy in story telling and now cinema. Bravo Mr. Jackson.",eiratan,2003-12-17
My objective and unhyped view? Stunning. Simply stunning.,"Frodo and Sam continue their quest to destroy the ring, led by the untrustworthy Gollum.  Meanwhile the rest of the Fellowship prepare for another battle to hold a human city against an onslaught of orcs.

If you check my other reviews you will note that I wasn't a massive fan of the first two films - I loved them, but was not blind to their faults. However, let me just lay my cards out here, I was totally blown away by this film.  For the vast majority (and more of that later) the narrative flowed really well where the other two films had struggled to really keep consistent.  Here the various strands work well together and, while characters have only brief times to tell stories, on the whole it manages it well.  I got the feeling that the film really let rip - it knew this was the ending and it did feel that everything came together in a collection of noise and energy which really made it feel like the final part of a trilogy rather than just a stand alone film.

The one area where the film really stutters (and actually caused people to leave the cinema in annoying numbers) is ironically the place where Jackson is true to the book, and that's the final 20 minutes.  There is a clear scene where the film ends, however it then runs for another 20 minutes - which is a mix of scenes that all fade out like they were the end.  To Joe Public (ie me!) I would have been happy not to have all the loose ends tied up in the way the book does it - the film should have ended on a high (with the King being crowned etc) but instead it seems to crawl to an end in a way that is not in line with the momentum of the film (if not the whole trilogy!)  This problem is minor on the grand scheme of things, but I would rather have left the cinema on my high than be made to wonder `when's this ending? Is this the end now? Oh, maybe this is it now?' - but I do understand why it was done this way.

The cast, as they have been all the way, are excellent.  Wood's Frodo changes well during this film while Astin is touching in his portrayal of unerring friendship.  Bloom and Rhys-Davis had less to do but came into their own during the battle scenes - adding both action and the odd comic touch (`that still counts as one' being accepted by the audience as a chance to break the tension).  Mortensen is the title character and serves it well, with McKellen also continuing his strong role.  I could list through the whole cast but I will stick with noting two things.  Firstly, both Monaghan and Boyd had bigger and more meaningful roles and rose to them well. Secondly I continue with my belief from the second film that Serkis is the stand out actor of the trilogy.  His Gollum is so much more than an effect - he is tragic, fearsome, hateful and funny.  Praise of course goes to the special effects for making this character tell so much with an expression but to pretend that the work of the actor is secondary to the character (as opposed the look) is foolish.  He deserved one for Two Towers so I hope an Oscar goes his way.  It was a shame to not have screen time for Lee but the film works well without him and it was a brave move by the editors.

The special effects do not stand out - and that's a compliment.  Even in state of the art movies of late I have been aware that I could be watching a video game.  Here I only occasionally noticed that things were clear computer effects, even though the majority of the film was!  This is how they SHOULD be used - not as a draw in their own right but as part of the film.  Whether it be the massive battle scenes that are spectacular or the animated spider or just the fact that I forget that Gollum is only an effect, I cannot fault it's use of effects or the sheer visual feast that is this film.

I have tried not to gush because there will be plenty of others to do that without me joining them, but it is hard to really fault this film.  It is the strongest of the trilogy and brings it all together really well, it is an emotional event more than a film and, if Jackson needs 20 minutes of slow closure to finish it to his satisfaction then I can give him that in return for all the hours of wonderful cinema that he has given me.",bob the moo,2003-12-25
I needed to say that.,"OK. First of all, this movie cannot be considered the best movie of all time because of many things. I've read almost every comments on this site about this movie (and i dont exaggerate at all) and all i saw was "" Best movie of all time"", "" The way movies should be done today"", etc, and i thought wait a minute, there's something wrong here. Before anyone becomes insulted by what im saying i have to say that i've read all the books and i loved them. The best trilogy in books history!! But here, what im arguing against is not the story nor the way Jackson adapted it( by the way, it couldn't be much perfect for a lotr movie). I'm just outraged by the ignorance of all the people that are stating that this is the best movie of all time!!! I certainly do not say these people are stupid or something like that, its just that this is not a work of art, a masterpiece. It is just another commercial movie that looks like the others and this movie happens to be based on the most popular books of all time ( i do not know anybody who havent red the books). All the battles have already been done th same way (See every movie categorized as peplum in the 50, 60s and 70s and you'll understand), the close shots of thes characters faces are nothing new and the narrative form is as simple as ""The Beauty and the Beast"" story. If you want to watch movies that are made by real artists and not by a lucky director of B-Series movies, check out Leos Karax, Jean-Luc Godard, Gus Van Sant, Stanley Kubrick, Tim Burton, Fritz Lang, Milos Forman, Francois Truffaut, Orson Welles, etc. Watch out, i do not say that everybody would like every one of these but i surely think that in the directors i've named, you'll find one that made a movie that'll make you cry, smile or feel fear better than a ordinary epic commercial movie as the Return of the King. In the end, i would also like to say that i liked the first two movies (as they amused me for three hours each) but i thought that the third one was a pale copy of the FOTR and TTT.",SmashMe55,2003-12-21
Somehow it seemed all far too distant,"After I have seen the first movie, when it was shown at the movies, I thought it was the best movie I ever watched. Forgive me, I was a child. Because I could not wait for the second one to be released, I read the whole trilogy. When ""The Two Towers"" and ""The Return of the King"" were released, I watched them in great expectation. My thought on the second part was, that it was different from the books, but it was still great in it's own manner. But the third movie disappointed me. I could not find any sign of the Tolkien-feeling that I knew from the books and that was partially carried on by the first two films.

Yes, for sure ""The Return of the King"" is the most imposing one of the trilogy, but somehow it leaks depth. To me it seemed like this movie focused/decreased only on views of great fortresses, huge marching armies and heroic battles. Unlike the previous parts, this movie left me totally cold. I was never feeling inside the happening or feeling with the characters, I never experienced something like catharsis. I can remember sitting in the cinema and being just sad. There was a lot of action, a lot of things went haywire, but somehow it seemed all far too distant. It was like eating something you haven't eaten for a long time and expecting a certain taste, but realizing that in truth it tastes totally different, much more synthetically.

I think it's a pity and I hope that one day there will be a non-Hollywood adaptation of The Lord of The Rings.",evoid,2009-01-11
The only movie I don't want to finish,"If we consider The Fellowship of the Ring is a history, we could consider The Two Towers as a legend,and we could consider The Retern of the King as a myth.",mrmocun,2021-03-13
Part 3:  It's Not Really the Thought that Counts,"Just as Peter Jackson felt that LOTR had to be made as one large, three-part, cinematic piece, I decided to write my IMDb review of all three movies as a single, multi-part essay. Click on my screen-name and hit ""Chronological"" to view my reviews of the Fellowship and Two Towers. I make no guarantees about the quality and consistence of my review, but I do guarantee that these three films offer very high and very consistent quality from beginning to end. The acting, cinematography, art, and direction simply can not be beat.

Which of the three movies is my favorite varies with my mood – and the same holds true for Tolkien's books. When I am immersed in the story, ROTK is my favorite. When I simply want to have fun with the whole experience, I love Fellowship. And when I want something intense, evocative and thoughtful, I go for the Two Towers.

Frodo, Sam and Golem are on their way to Mount Doom and their bodies, nerves, and relationships have borne the greatest burden on middle earth. The rest of the fellowship is rallying to the defense of Minas Tirith, and preparing for even more deadly battles to come.

The heroism and romance are incredibly moving - when was the last time you saw an entire audience leaving a theater after a fantasy movie rubbing their eyes? The sets are breathtaking - even moreso than in the previous two films.

The casting and acting are superb.

The film delivers at every level and is the jewel in the trilogy's well-earned crown.

Return of the King offers a resolution of all of the major story arcs in LOTR. As with the classic Tolkien trilogy, however, you may be able to predict some of what will occur, but never all of it and you'll never guess how you will get there. The same fatalistic and paradoxically unpredictable feeling of Tolkien's grand plots is present throughout ROTK especially. The major theme in ROTK, however, is the varied ways and means of heroism – both intentional and unintended, and Tolkien's examination of sacrifice and heroism is as inspiring as it is subtle. Amazingly, it all comes through in the films.

Even more than the previous two films, Jackson and his writers took liberties with the story-line. Like the others, however, this serves the film better than simple adaptation from one medium to another. By reordering some of the chronology and adding scenes and plot devices which are consistent with Tolkien's world and characterizations, the film-makers actually do a better job of preserving the concepts and themes of the story than they could have with a pure adaptation. The lengthy epilogue in Tolkien's book is greatly reduced, reordered, and somewhat changed in order to work in the film. Some parts actually appear very early in ROTK. And some aspects of Tolkien's epilogue are disclosed in the Two Towers, though not directly depicted. But all of the really important components of the epilogue are, at least strongly implied if not well illustrated in ROTK.",mstomaso,2007-11-30
Meh it was alright,Sike this is the movie to rule them all. T Here is nothing much to say other than go watch this masterpiece of a movie. An end to the best trilogy there ever was and probably will be. All the Oscars are well deserved and you will see why when you watch this film,alexng-37580,2019-10-17
What can you say?,"I suppose that someone, sometime, may tell the story more accurately but I doubt very much that it will ever be told better. Nothing could ever replace the books for pure escapism but Peter Jackson has managed to evoke both the feel and texture of Tolkien's masterwork without pandering, too much, to clichéd Hollywood extravagance. The cast are superb (if Sir Ian Mckellen is remembered for nothing else other than Gandalf I feel sure he would not complain), the cinematography stunning and the pace, even over the 8/9 hours for the whole trilogy is matchless. For those who have read the books (as I have for many years) I would suggest watching once to get all of the niggling storyline changes/omissions out of your system then just watch as a pure, wonderous, unadulterated piece of epic, EPIC cinema. I'm sure I will love it forever.",stevethepot,2007-01-10
A monumental film,"Feeling weary and battle-worn, I have just staggered out of the cinema after three and a half hours of special effects creatures fighting other special effects creatures. I had taken refreshments but barely touched them - probably because the film I had watched is one of the most mesmerising, evocative, inspiring, and awesome I have witnessed of any big adventure epic. Not to mention superb ensemble acting, moods that shift effortlessly between mediaeval battles of colossal proportions and convincing bloodshed, beauty and wonderment, fantastic natural and artificial landscapes and cityscapes, touches of humour, well-paced dramatic tension, and human bonding that is moving enough to just let you dry your eyes as the unassuming credits flash by.

Return of the King is the greatest of the Tolkien trilogy by New Zealand director Peter Jackson. Although I've seen the other two and read the book, I felt it would also stand alone well enough for people who hadn't done either.

The storytelling is much more professional that the first one - which maybe laboured to introduce so much information - or the second one - which has little let up from the tension of long battle scenes. In Return of the King, there is an emotional sting at the start, as we watch the transformation of Gollum from warm, fun-loving guy to murderous, mutated wretch. The movie then moves deftly between different segments of the story - the sadness of the lovely soft-focus Liv Tyler as fated Arwen whose travails and woman's love succeeds in having the Sword that was Broken mended, the comradeship of Sam and Frodo (Sean Astin & Elijah Wood) that is tested to the limits, the strong commanding presence of Gandalf (Ian McKellen) who keeps an eye on things whilst turning in an Oscar-worthy performance, the ingenious and very varied battle scenes, and the mythical cities of that rise out of the screen and provide key plot elements.

This is a fairy story of human endeavour, the defeating of power cliques and the triumph of the human spirit that could almost be compared to Wagner's Gotterdammerung. It is a fairy story without any sugary sweetness, a fairy story the likes of which hasn't been told so well before, and is even unlikely to be done so well in the future. The haunting scream of the Nasgul stays with you, the physical attractions are not airbrushed, and the battles are about as far from pantomime characters waving wooden swords as you can get. The ingenious monsters keep you on the edge of your seat. The whole narrative maintains the spirit (if not archival, detailed accuracy) of the original and makes you want to read the book (or read the book again!)

The worst I can say about it is that it is maybe a tad long - but not that you'd notice . . .",Chris_Docker,2003-12-17
Brilliant.  Simply brilliant,"Where to start with this masterpiece? Quite simply one of the greatest movies ever made. A fitting end to a stunning trilogy. The acting as it has been is brilliant again. Special mention must go to Sean Austin, for his performance as Sam. In this one he gets his big moment in the trilogy, and he nails it perfectly. His scenes with Elijah Wood (Frodo) on Mount Doom, as Frodo weakens are full of emotion and very powerful. As for the rest of the movie? It has one of the greatest scenes EVER in a movie : the riders of Rohan charging into battle outside Minas Tirith. You simply cannot tell where the real riders end, and the CGI begins. The battles again are well done, and not simply a repeat of the siege at Helms Deep in The Two Towers.

As I said, the acting is again first rate from the entire cast. And it was nice to see Andy Serkis getting his face on screen as Smeagol, before his transformation into Gollum.

By the end of the movie, there were more than a few tears as the boat left the Grey Havens, as the movie ended on a quiet emotional note, after the epic battles before.

I could happily have sat through this again and again. Well done to everyone, both in front and behind the cameras for such a brilliant work, but of course special mention has to go to Peter Jackson. He deserves every award he's received for this.

One last point. If you only seen the theatrical release, then go get the extended version of this film. It's even better!!",kevin_crighton,2005-09-01
Quite Literally the Greatest Trilogy Ever Made,"I'm not sure what could be said about LOTR that hasn't already been said, other than that I personally think it's best trilogy ever put to screen, and I really can't think of anything close. Peter Jackson took on the most demanding project imaginable and created a series that will be remembered forever. He respected Tolkien's literature and stuck so incredibly close to the source material and translated it so effortlessly in such grand fashion. I highly recommend the extended editions, as they devote more time to building Middle Earth and developing their incredible characters ever further. 20 years later and the series still looks incredible, especially in 4K. What Jackson did here could never be replicated; he created the best trilogy ever made.",jrugg19,2021-03-11
"Better than Two Towers, not as good as Fellowship","Well, the trilogy has ended, and it's time for some conclusions. First of all, Return of the King is, IMO, not as good as Fellowship of the Ring. On the other hand, it's definitely better than The Two Towers, which I think is by far the weakest of the three films.

All in all Return of the King is certainly a good film, but it's too long, the battle scenes somewhat lack intensity and when it's all over you're left with this lingering ""was that it?"". Don't get me wrong, I like the film, but it does feel as something of an anti-climax. Perhaps it's simply not possible to transfer the enormity and intensity of what's meant to take place to film. The battle scenes are a bit dull, they lack intensity and realism, which is too bad because the battle scenes are in many ways the most important part of the film. To make it all worse (at least as I see it), they try to make up for it with slapstick, kill count and silly comments from Gimli, who is again reduced to comic relief, as well as a tendency to focus on the ""really big stuff"" (TM); oliphants, various trolls and the big siege weapons, instead of really following the battle. Also, I find the constant switching between Frodo and Sam and the battles annoying because it breaks up the battle scenes, jerking you out of the action just as it's starting to pull you in. RotK simply doesn't do a good enough job of making you ""feel"" the intensity of battle. Some movies can almost make you smell the blood, RotK doesn't achieve that, in fact there's hardly any blood at all and often just a lot of CGI (I guess the PG13 rating didn't help in that department). CGI has come far, but battle scenes are still vastly better with real people.

Anyway, most of the movie is pretty good, but it never quite achieves ""lift off"" before it touches down on the ground again. As with the Matrix trilogy, the sequels just don't quite live up to the first, although I will say again that I think RotK is a good, although not brilliant, movie, and definitely better than Two Towers. There's no reason not to watch this film and I'm almost certain it won't be as good on DVD as it is on the big screen (mostly because the CGI and FX are so important), so go see it in a cinema while you have the chance. If you say this is the best movie you've ever seen, however (and it's almost a law of nature that some people will whenever a new LotR flick is out), I suggest you see some more movies. (Yes, I find all the LotR fanboys, and -girls, who uncritically love the movies with a zeal unmatched even by the most die-hard religious fundamentalists, extremely annoying)",Fat Dragon,2003-12-16
"Sweet dreams, everyone.","Well, it's finally over:  Peter Jackson's adaptation of J. R. R. Tolkien's mediocre epic concludes with  *The Return of the King*, a 3-1/2-hour test of endurance.  How many times can a movie show Elijah Wood's big blue eyes welling up with tragic tears?  how many times do our heroes single-handedly dispatch thousands of evil creatures apiece during big battles?  how many times do we have to endure the jokes from that hairy dwarf?  how many times must Howard Shore's repetitive, sappy score rise to deafening levels whenever a minor character lies in a broken heap on the battlefield?  how many times must director Jackson waste his wide screen photography with gigantic close-ups of the actors  (I haven't seen so many BIG HEADS since the last Academy Awards broadcast)?  how many times must we withstand grand, cartoon-animated armies? . . . and how many more times must we watch plot developments that contain virtually no suspense??  (What -- did you think the Dark Lord would win?  that any of the main characters of the Fellowship would actually die?)

Apparently, many MORE times, because this 3-1/2-hour trudge is but the appetizer to the main course of the  ""Extended Edition"", New Line's continuing money-grab that will reveal perhaps a FIVE-HOUR version of this movie alone.  (Taken all together, *The Lord of the Rings* -- The Extended Version -- approaches the length of 14 hours, give or take.)  Well, as P. T. Barnum once observed, There's a sucker born every minute, and New Line has found the suckers, who are not only willing to pay at the movie theater, but are also only too willing to fork out exorbitant amounts for  ""special editions""  of movies that ought to have stood on their own -- AS RELEASED. A simple standard should obtain in a movie theater:  what you're seeing on the screen should be what a director wants you to see.  ""Extended-edition DVD's""  don't count, and especially should not be taken in consideration in reviews by either professional critics or by amateur reviewers at places like IMDb.  I can already hear the defenders of the films demur, ""But these movies would've been too long if Jackson didn't cut them into shorter versions!""  But that's precisely my point.  *The Lord of the Rings* remains an unfilmable book:  it's too long; it's too unwieldy.  As far as an adaptation is concerned, none -- not less -- would be more.

Which is not to say that there aren't any great filmic moments in *Return of the King*:  the lighting of the watch-fires along the mountain ranges is pure cinema; the entire scene with Frodo and Sam fending off a giant spider in a cobwebby cave is terrific, providing the one suspenseful stretch in the entire movie; and Gollum remains a wonderful creation, a rare successful collaboration of technology and old-fashioned creative virtues.  Taken as a whole, the movie is better than, say, *The Matrix*  or other expensive Hollywood blockbusters of the  ""action-adventure""  genre.  But to say so is not to say much.  The occasional high points don't constitute a comprehensive whole, or make Tolkien's saga any less silly.  It's a book about magic rings, wizards, Dark Lords, and dwarfs, for God's sake.  In *Return of the King*, there's a scene in Minas Tirith where the citizens watch a sad parade of soldiers go by:  but it's comical, because everyone looks like refugees from a Renaissance Faire.  It doesn't do to inflate this material to cosmic levels.  Claims that Tolkien's fantasy was the greatest book of the 20th Century truly make my head spin:  what, was  *Ulysses* chopped liver?  What was the second greatest book -- Stephen King's  *The Stand*?

Pardon my long-windedness, but the very subject inspires it.  I'll wrap by lamenting that one of the better elements in the first two installments, Christopher Lee as Saruman, was a victim of the cutting room floor.  Even fans of this material might agree with me that any number of the scenes with Frodo and Sam blubbering at each other would've been better replaced with a coda to the Saruman plot-line.  While others may say, ""Well, he'll be in the Extended-Edition version,""  I'm sure that will be cold comfort to Mr. Lee. At least Saruman was a villain we could sink our teeth into:  in *Return*, we must instead settle for that damned Eyeball atop that tower.  Granted, in this film the Eyeball has developed the power to sort of roll about, rather like a lighthouse lamp,  but it's still a pretty lame villain.  Here, perhaps more than anywhere, Jackson reveals the limitations of his source material.  In the book, as I recall, Sauron's Eyeball was really more of a psychological entity.  Grasping for any straw, Jackson has made the Eyeball a concrete reality, so that we would have SOMETHING to identify as a villain.  But don't fret:  Sauron's Nose will doubtless turn up in the Extended Edition.  In the meantime, sweet dreams, everyone.",FilmSnobby,2004-01-04
Five out of five decapitated orcs,"This is the final movie in the Lord of the Rings trilogy, and certainly doesn't disappoint like some other trilogies *coughMatrixcough*. The three films had their principal shooting all done at the same time, which lowers their overall costs and keeps a good sense of continuity for the films.

The special effects, first of all, are excellent. While there's a few little things (a reversed shot with smoke flowing back into chimneys and occasional lighting that's a bit off), by and large they're excellent. The most impressive thing about them is the sheer scale. This isn't a small or simple scene; it often includes thousands of digital characters combined with filmed actors and action, sweeping landscapes, and dozens of things happening at once. This is a good reason to see it in theatres; even on DVD, there's little details that you can only catch when it's on a massive screen.

The filming is good, although there are a few evidences of digital smoothing and cutting that can nag at the mind and eyes of a picky movie-goer. There are a few interesting shots, but most are fairly plain and straight on, getting the point across without being dazzling. New Zealand's landscapes provide a great backdrop for everything going on, and there really are some beautiful places, especially up in the mountains. I hear land prices are quite good, what with the orcs warring and everything, so you may want to look into real estate purchases now.

Sound has been said to make 75% of the emotional impact of any production. This is a loud 75%. All the sound effects are very well pulled off, sound appropriate, and are generally loud. The Nazgul screeching was bordering on painful, but in a good way. Most everything has a distinct sound, and it's rare that anything feels out of place. In some of the battles, the roof of the theatre was shaking. The soundtrack fits the movie well, and Howard Shore has done an excellent job, as with the last two films in the series.

Performances all around were good, but Sean Astin as Sam and Viggo Mortensen as Aragorn really dominated the film. They performed their roles perfectly, and came away giving a good picture of the characters. Elijah Wood seemed to be stuck with the same terrified expression on his face through most of the movie, almost Max Payne-style, and it grew old quickly. Ian McKellen, the ever-wise white wizard, had a fair bit of dialogue which he delivered well; my only complaint is he had too much in the way of wistful sayings leading to scene changes. Orlando Bloom, favorite of young teenage girls everywhere, had a few more action sequences (which got cheers from the aforementioned girls) which were quite well pulled off, but his acting wasn't much tested by this film. John Rhys-Davies continued with Gimli's joking performance; he's really too amusing to take seriously, but does a good job at it.

For the old Tolkien fans, this movie stays quite close to the book, although they did have to omit some portions, most notably the taking and retaking of the Shire and the time spent in the Halls of Healing in Minas Tirith. Hopefully some of this will show up in the Extended Edition on DVD. Shelob's attack was left until this film, and much of the time spent in Mordor was shortened for the sake of pacing, and it was a good decision.

My favorite scene would have to be the battle at Minas Tirith. The incredible scope of the battle, with the special effects, sounds, and many close-ups of pieces of the action, make for an exciting scene. The visual effects especially are stunning; the 'oliphaunts' play a big part in the action, and they're entirely created by computer. There's also some wide shots with tens of thousands of digital characters marching on the field of battle, and even the individual actions have the masses warring as a backdrop. It's worth your movie-going dollar simply to watch this on a large screen. It was also intermingled with some smaller events inside Minas Tirith, so it's not pure battle for the whole of the scene, and it keeps it from being dreary or heavy-handed.

Overall, this is a movie well worth watching, and even paying to see in a theatre. I'd recommend against bringing small children, as there are some scary images, and they'd also be a distraction during the final movie in what will probably remain the series of the decade. Not a particularly great date movie, either...this is a real, bring-your-friends big movie. Five out of five decapitated orcs (and trust me, there were a lot more than that).",eviltimmy,2003-12-20
BEST TRILOGY EVER,"In my opinion,this is one of the best movie ever, maybe the best.",marianstelian,2020-12-25
"Good, but less enjoyable than its predecessors","First, let me say that I did like ""Return of the King."" It's a special effects masterpiece that is destined to become a classic, along with the first two installments in the ""Lord of the Rings"" saga.

But, to me, it was far less enjoyable than the first two films, the second of which was the best of the three. 

""King"" was far too long for what it had to say. And the ending (or should I say endings) really disappointed me. I kept waiting for the film to end, but it just kept going on and on. There were at least four times that I thought the film was over, but then the next scene would fade in. It would have been a much better ending if the film had finished with the resolution of the final battle, and then showed the denouement as a montage next to the closing credits. It would have removed about 20 minutes from the overly-lengthy film and would have made the ending less of a ""cut-and-paste"" style.

So I'll give it a solid 7. But to me, it has been seriously over-rated by both fans and critics. I'm surprised that more of the critics, at least, haven't picked up on the weak ending.",jerrywilson,2003-12-29
My brief review of the film,"The third and final part of the Lord of the Rings trilogy, this is an entry that is once again visually impressive to the point of perfection, but also once again with little substance. Nevertheless, the film is to able better its predecessors in two key areas. It is less monotonous than the first two, and the characterisation is better than in the first two. However, by now better character development is of no use; the story has developed much too far without effectively involving the viewer. It is almost like a pretentious effort to suck in the viewers in the final part who were warded away earlier on by poor character development. Another point worthy of noting is that it is not overlong this time – that would be an understatement. It is severely overlong. The producers just do not know how to end a film. There are so many points when you think you have reached the closure that the whole last half hour is completely anticlimactic. To look at the films in perspective, they are all of about the same in quality, which is no surprise: they are just different cuts of one long film. All are above average films, as they have interesting technical elements. But they are not successes, because the writing is not up to the standard of the other aspects of the film. Adapting to the screen Tolkein's story was a massive task, and it did require a lot of effort, but what one looks for when assessing a film is was it successful? Film critique for me is about rewarding success – not how much effort one puts in. It is impossible to deny how much effort the whole cast and crew went to in order to produce this spectacular looking film, but they only ever half-succeeded in capturing the magic of Tolkein's tales.",sol-,2004-01-08
Absolutely Awesome!,"It's difficult to process something like The Lord of the Rings: Return of the King: Its very nature defies comparison.

There has never been a cinematic endeavour based on a more daunting...or more beloved...literary work. There have never been motion pictures of the magnitude undertaken by co-writer/director Peter Jackson and his production team. The Lord of the Rings movie trilogy will endure forever as one of the most bold and audacious enterprises in the history of cinema. It is, quite simply, a seminal event. Other projects (for example, a movie filmed in space) are already being considered and may someday be attempted. They may challenge LOTR's logistical complexities (or, at the very least, present a comparable set of obstacles), but it is unlikely the numbers of people involved or the sheer duration of the creative process will ever equal this effort.

Jackson & Company have made believers out of millions of readers who doubted the works would ever enjoy respectable translation into a more ""mainstream"" media. They have changed the way production models are approached for large-scale projects. They have forged what may well be the premiere visual effects house in the business (WETA Digital). They have raised the bar for all filmmakers to follow, and reminded millions of jaded moviegoers of one simple truth: Love, attention, and genuine dedication to (and appreciation of) one's material can overcome inconceivable obstacles, and always...always shows on-screen.

And now it's over.

With the longest running time of any film in the cycle (early indications suggest next year's extended DVD cut will clock in at over 4 hours long), RotK is an all-out assault on the senses. There are times when it is simply impossible to take it all in: Armies of hundreds of thousands clash beneath towering war beasts as deadly, dragon-like bird-things strafe hapless victims on the ground. Mountainsides erupt with pyroclastic fury as lava flows labour to engulf our heroes. This film is off the hook, gloriously so.

In tone and ""feel"", RotK rests comfortably between Fellowship of the Ring's penchant for character-centric drama, and The Two Towers' colder, more mechanical ""war movie"" approach. What we end up with, is, in essence, an emotionally charged war movie sprawling in scale yet intimate in heart, its effects are frequently overpowering.",Tlong98,2016-05-02
WHY IS THIS ONLY 9.0???,"I don't think I have to.repeat this sentence. This movie is perfect. And when I say perfect, I mean PERFECT! The word masterpiece is an understatement for this work of art. Although the Battle of Helm's Deep still is the best battle to ever exist in a movie in my opinion, this is BY FAR my favourite movie. This should be an 11/10 and should be at least at 9.2, so go help this piece of art to get what it deserves, a better rating!

The End (and I mean every end) is wonderful, the fact alone that there are several endings inside the ending is mindblowing. Even when the credits roll, it's epic and just pure greatness.

I love this movie and you should love it too!",PoIFanboy,2024-11-20
The problem with imagination,"Overall, I am disappointed, though not surprised, by the negative criticism of this movie. Indeed, this criticism exceeds the offering of alternative viewpoints and the expression of other cinematic possibilities and sinks into the realm of bitter invective. So many armchair critics are currently competing with avid Tolkien, Jackson, and movie fans alike in order to espouse the ""true"" value of Peter Jackson's landmark movie trilogy. For it is a landmark event in cinema history based on its sheer size and careful attention, praise and evisceration apart. The issue that greatly irritates me and pushes me to write is that many of the negative reviewers on this website have such limited room in their imagination that they cannot conceive of a world outside their own narrow framework. I find that a most sad reality in light of the legacy of Tolkien, Jackson, and all good story-tellers -- to create, to engender, and to nourish the growth of any and all imaginative ventures.

The problem with imagination is that it is an individual event, a unique subjective experience that a single person experiences completely alone. Those who enter into the realm of Art, Fiction, Fantasy, and any degree of Story-telling agree (willingly or no) to take that personal act of creation and primal nature and share it with the community of human beings, each of whom has his or her own imaginative context. It is a bold act of sacrifice, self-confidence, and faith (spiritual, one could argue) to thrust the contents of one's subjective reality into (to borrow from Douglas Adams) the Whole Sort of General Mish Mash. People who do so deserve respect for the mere creative act, the ability to foist forward what they believe is true. From Homer to Bill O'Reilly, this concept of personal creation, what Tolkien called Sub-Creation, is the essence of modern human existence, and we owe it to each other to respect the right to creation history has granted us.

Therefore, in defense of both Tolkien (whom some on this website have maligned) and Jackson (whom many have maligned), I forward that both are imaginative creators in their own right, with different and completely acceptable offerings to the world. Those who cannot tolerate either for ""mediocre writing"" or ""atrocious film-making"" should offer forth their literary or cinematic offspring instead of cunningly-worded diatribes of their deep dissatisfaction with all that does not conform to their inner reality. Then, we few who believe in and trust the creative ability of all will be able to see how those critical inner realities (so authoritative in exposition) match up with the rest of our perceptions.

Tolkien was an enormously talented, intelligent, and imaginative man, one whose stories, though unpolished by experience, still managed to attract a worldwide audience and devoted following with their luster. Jackson's movies took the sheen and inherent value of Tolkien's stories and placed it in a visual medium, a place where fans of LOTR could witness and love the events and people they held so dear. Of course Tolkien's story is imperfect; of course Jackson's movies aren't as full as we wish them to be. Their great successes are that they still manage to capture our imagination, to move us, to take genuine truth and isolate it in a world outside our ken, a place where we see ourselves better against a foreign backdrop. Both have created and done so masterfully, with the intuitive grasp that is termed ""genius."" Tolkien would have had much at issue with Jackson's movies, where plot incongruities, lapsed character development, and visual splendor overshadow the philological and melancholic overtones of his book. Jackson admits he finds much at issue with Tolkien's book, including a lack of clear character motivation, extended and largely extraneous dialog, and heightened language not suited for Hollywood. But Tolkien, despite his perfectionist griping and loathing for any film version of his book, would respect Jackson for continuing the act of creation, for taking his modern-day mythology and spreading it to as many people as possible. Jackson has taken the beauty, the scope, the complexity, the richness, and the loss that permeate Middle-Earth and shared those leitmotifs with the world. Tolkien's characteristic ""niggling"" would have prevented any such attempt (even Jackson's), but in the end, his heritage lives on in beautifully conceived and executed films.

I do not ask others to stifle their opinions of this movie or any other. Indeed, continue to express the direst and bleakest of your frustrations with the creative power of others, as it may lead you to actually do some creation yourself. Remember though, that the great evils of history, from Satan to Hitler to Sauron, are never capable of creation -- only twisting, mutilating, mocking, deforming, and misapplying. Be open to the vision of others and what they have to offer, especially when that offering comes in the virtuosic shape of Tolkien's writing or Jackon's movies. Look for the True in the Secondary and how it manifests itself everywhere once you recognize it.

This movie receives a 10 from me because it not only maintains incredible faithfulness to Tolkien's themes (and yes, events may deviate in completely separate and dissimilar media) but it asks intelligent viewers to look deeper into the circumstances of its own creation and beauty. From the loyalty of Sam and the weight of epic history to the sacrifice of Arwen and the never-completely-won nature of war, Jackson's movies capture the essence and heart of Tolkien's tale, with the benefit of the director's own imaginative fruit as well. The world owes Mr. Jackson its gratitude, as he has created another world and another reality that so many can, do, and will cherish.

One final word: There are few who would not rather be wandering in a far green country rather than dwelling in their own Circles of the World.",OboeSaxIII,2005-01-22
LOTR ROTK Review,"After the last two Lord of the Rings films, the journey of so many heroes has come so far, and it all leads up to this. Darkness falls upon all of Middle-Earth. Huge armies of orcs march upon the kingdoms of men. The One Ring comes closer to its evil master. Could this be the end of the world, or the start of a new beginning? This final chapter in the film series starts off with an incredibly moving sequence: the heartbreaking tale of Gollum's origins. From the on, it picks right back up where the last films left off, chronicling the journey of Frodo, Sam, and Gollum as they tread in dark and dangerous territory, combating orcs, one giant spider, and ultimately themselves as they approach the threshold of Mount Doom. At the same time, the film presents some of the biggest and most epic scenes ever committed to film: the Battle of Minas Tirith. It is a huge spectacle that fills up the entire screen with thousands and thousands of orcs, men, war machines, lumbering beasts, Nazgûl, cavalry, massive elephants, and even ghosts. It is a long struggle that fills up most of the movie's runtime, but it's always awe-inspiring. As if that's not enough, the film then brings the battle to the gates of Mordor, for one grand climax. Even in the calm before each battle, the film remains as captivating as its predecessors, thanks to its style and storytelling prowess. If there's anything to truly complain about, it would be the lengthy denouement. Overall, however, the experience of The Return of the King has never failed to invoke feelings of awe.

At this point, the characters of the film are well-established and intimately familiar, but the film does take its time to explore more of the familiar faces and elaborate on fresh new characters. They all come together to contribute to the multiple conflicts, tying every strand of the plot to one epic climax; it's a sublime union that makes everything in the three movies relevant, and provides satisfying closure all around. Many liberties are taken from the original novels, but for the big screen, it works to generate the best possible spectacle and make the plot work evenly. Themes of war, corruption, addiction, good and evil, and adventure all prevail.

As before, this film is crafted with excellent photography and editing. All the major players return and contribute fantastic performances in their respective roles (especially Viggo Mortensen, who stands out more in this film than before, but it is always a pleasure to watch Ian McKellen as Gandalf, along with the rest of the fellowship and all their allies). Writing is superb. This production boasts some excellent sets, props, and costumes. Special effects are huge; at its time, it was most groundbreaking for generating the biggest armies ever seen on screen all at once. Despite aging a bit, the effects are still impressive. Howard Shore's music score is as masterful as ever.

Return of the King delivers the best possible payoff for the Lord of the Rings trilogy (and it might even outshine the Hobbit saga in the end). Not only does it boast some of the biggest battles, but it is also a film with power and beauty. It has cemented itself as one of my all-time favorites (was my number-one favorite for quite a few years), and the Lord of the Rings saga overall remains one of the most sublime marriages between spectacle, storytelling, and style.

If you watch the Extended Edition of this film, you will be treated to about an hour of bonus scenes, which offers a lot of excellent substance. Among the additions, there are longer battle scenes, a scene showing the fate of Saruman and Wormtongue, an extended encounter with the Army of the Dead, a parley with the Mouth of Sauron, and more. I think most of these scenes are really awesome, and this version of the film is definitely worth seeing.

5/5 (Experience: Perfect | Story: Perfect | Film: Perfect)",Al_The_Strange,2014-04-06
The journey and the destination are both well worth the investment of time,"I haven't read anything by Tolkien. It is a great credit to these movies that you can watch all three without needing to have taken in the novels beforehand. This is an excellent end to an incredible trilogy. The plot is engaging from start to finish, and this moves rather smoothly, with great pacing. This is funny several times, and there is very little of the annoying(and still easily ignored) comic relief. I am thrilled to see Gollum turn out to be such a richly detailed and thoroughly developed character. The meld of live-action and CGI elements is perfect. You forget that not everything you're seeing is really there. The effects are impeccable, in general, and the imaginative designs, and boundless creativity are amazing. Creepy and dark, this isn't actually depressing, in spite of many gloomy moments. The battle sequences are intense, well-choreographed and awesome. This has astonishing editing and cinematography, and has a marvelous look. The acting doesn't let you down at any point. There is a lot of scary and disturbing content in this, and it might be too much for children. I recommend this to any fan of the fantasy genre, and, really, everyone who enjoys an appreciation for the medium of film. 10/10",TBJCSKCNRRQTreviews,2009-12-27
The great film saga of our time.,"The Lord of the Rings is without doubt the most epic and staggering film undertaking of all time. How Peter Jackson pulled it off I will never know, maybe he used one of Gandalf's enchantments! Rarely throughout the 12 hour epic is there a bad scene or a dull moment, every scene has had so much thought and hard work poured into it. From the writing, to the production crew, to the acting, to the scenery,to the music (oh god I love the music)and just everybody's determination to pull this near impossible feat off, even fantasy haters would have to admit their amazement. Never has a movie given me so many spine tingly moments and scenes of such beauty that they nearly push me to tears. Peter Jackson seemed so blessed with good fortune, (Viggo Mortensens' last minute replacement says it all), it was as if the spirit of Tolkien himself was guiding it along. As I see this as one whole movie, I won't be reviewing just 'The Return of the King'.

I saw the first film 'The Fellowhip of the Ring' when I was 12, and I'm 21 now and I still haven't been more absorbed by a movie in the cinema and I doubt I ever will. The transition from the innocence and lightness of the Shire at the start to the dark epic of the quest later is nothing short of brilliant. I think 'Fellowship' is my favourite of the three, it goes through the most development and felt the most satisfying. The whole mines of Moria sequence is my standout moment of the entire trilogy. To the battle with the cave troll and the escape from the balrog, it is exhilarating, involving and most of all - emotional.

'The Two Towers' has the hardest task of being the middle film, but it more than rises to the challenge. It drops you straight into the action and doesn't hold up. The Rohan sequences are the best bits of the film, culminating in the battle of helms deep which to me is the most personal and intense battle of the trilogy. The creation of Gollum was revolutionary, through CGI and motion capture never has a computerised character seemed so real.

'The Return of the King' delivers the emotional finale we all hoped it would. I remember sitting in the cinema hearing all sorts of sobbing all around me during the climax on mount doom. There are so many stand-out moments in this movie but the one I will mention is the charge of the Rohirrim. This scene actually pushed me to tears on first viewing, not because it was sad but because it was so... awesome. I was so happy when this film won 11 Oscars, it more than deserved it, I was hoping it would win more than 11 but oh well.

Any gripes I have for the trilogy, would be the portrayal of its big bad Sauron, and considering that Sauron is the centre of 'The Lord of the Rings' this is definitely a problem. If there was one thing from the books that is unfilmable it is definitely Sauron. How do you portray a villain that hardly appears and any descriptions of him there are, are so vague and surreal? Is Sauron a big flaming eye or did he have a physical form? This is never made clear in the books and poses a big obstacle for film, where the audience needs to see their villain. Peter Jackson and co do the best they can with the material, and chose to literally portray Sauron as the big flaming eye. However this is not enough to satisfy, especially during the climax of 'Return of the King' where the dark lord is basically a lighthouse! The films make the mistake of bigging Sauron up through the films, and ultimately it fizzles out by the end which is a real shame.

As you can tell from what I have said, I love 'The Lord of the Rings', and I would say it is my favourite film of all time. No other film has moved me as much as this and given me so many different emotions from fear, to sadness to laughter. I honestly couldn't imagine anyone else playing the characters, it was if they were made for them. The actors all generally had a special relationship with one another and with Peter Jackson (just watch the extras), and that what you are watching on screen is genuine. It was almost to the point that the actors weren't working so hard out of professionalism but out of love and devotion to Mr.Jackson. Hardly any other films can claim they had this kind of magic behind the camera. Honourable mentions will be given to Ian Mckellen as Gandalf, Viggo Mortensen as Aragorn and Elijah Wood as Frodo, I felt these three literally became the characters they were playing, but of course there are countless others to mention but I don't have time. Howard Shore's score is possibly the best movie score ever, and the films would be nothing without it.

Ultimately say what you will hardcore Tolkien fans about the films, you cannot deny that they did so much for Tolkiens' greatest work and made it one of the most recognisable stories in the world. If you have somehow not seen these films, first of all slap yourself and secondly go buy the extended editions as these are the true versions of the films and include many great scenes that were cut - especially 'The Return of the King' which had many vital scenes cut aka. Saruman's last hoorah and Gandalf confronting the Witch King. Peter Jackson I salute you, and New Zealand!",sniffle_wiffle,2010-06-21
The Greatest Film Trilogy of All Time,"Every tale embarks us on a new journey, every journey eventually comes to its inevitable end. As for The Lord of the Rings, The Fellowship of the Ring turned out to be a genre-defining classic. The Two Towers somehow raised the bar to an even higher level. And although it did seem near- impossible for The Return of the King to triumph over such towering expectations but against all odds, this final journey of Middle-Earth delivers everything to bring J.R.R. Tolkien's legendary saga to an epic & magnificent conclusion.

The Lord of the Rings: The Return of the King is the culmination of the wonderful journey we embarked on with The Fellowship of the Ring & picks up the story right from where it was left off in The Two Towers. The story finds Frodo & Sam continuing their quest towards Mount Doom in order to destroy the One Ring while the rest of the fellowship prepares for their final battle as the dark lord Sauron turns his eye on Gondor. But in the end, it all comes down to Frodo & the One Ring to decide the final fate of Middle- Earth.

Directed by Peter Jackson, this remains his finest directional achievement & The Lord of the Rings as a whole is certainly his magnum opus. Making all films in a trilogy succeed on every scale is no mere achievement but to make the next instalment work better than its predecessor two times in a row is even rarer. And yet, Jackson manages to accomplish exactly that with his sweeping cinematic vision, stunning eye for detail & in-depth knowledge of balancing emotional storytelling with large-scale action entertainment.

The screenplay is cleverly adapted from the source material as many right choices were made in the decision of what to include & what to leave out from the final script. Fran Walsh also tries her hand at direction as the opening prologue is her creation. Being the final film in the trilogy, there's a sense of urgency in this chapter but it still ties up all the loose ends appropriately, gives proper farewells to its characters & delivers a high-quality entertainment of such epic proportions that fans couldn't have asked for a better finale.

Coming to the technical aspects, Production design adds even more amazing & meticulously detailed sets to its story, the dazzling cinematography further magnifies the visual presentation to make the cinematic experience even more magical and Howard Shore's epic score is filled with tracks that are truly imposing, beautiful & further expand the domain of its predecessors as the soundtrack of The Lord of the Rings remains the greatest work of his illustrious career.

VFX is once again its most groundbreaking feat, however, this time it isn't a slight advancement but a pretty huge leap. Everything that made its brief appearance in the first two chapters is fully explored in this finale plus the length, scope & magnitude of battle sequences it offers is second to none. Also, with better rendering of its CGI characters & stunning level of craftsmanship in costumes, make-up & sound, The Return of the King sets a new benchmark for visuals in cinema that remains unequaled, as of today, in the scope of how much it contributed to the film's art while elevating the whole story.

Despite running at 201 minutes, there were many things which got omitted from the theatrical cut & that's why the extended edition is more recommended. Also, many happen to criticize the last 45 minutes it takes to finally end but if you ever watch The Lord of the Rings in one sitting, then it'll make perfect sense to you because not only is it a reasonably enough time to recover the audience from what is an emotionally draining experience but also provides proper farewells that each one of its characters deserved.

Coming to the performances, The Fellowship of the Ring & The Two Towers introduced almost all characters we needed to be acquainted with & The Return of the King simply brings their arcs to completion. Unlike the previous two films in which Gandalf the Grey (Ian McKellen) & Gollum (Andy Serkis) turned out to be the most impressive characters, respectively, there is no single dominating performance in this chapter as its entire cast puts up a more mature on-screen portrayal of their respective characters & never really leaves anything major to complain about.

J.R.R. Tolkien's The Lord of the Rings is unanimously hailed by critics & readers alike as the greatest fantasy novel ever written & a milestone in the works of literature. And it's amazing that its film adaptation follows the same route in the world of cinema. It did catapult Peter Jackson into the big leagues of Hollywood while also setting up Weta Digital as one of the foremost VFX studios on the planet but where it made its biggest impact is on cinema itself for it changed everything there ever was about epic & fantasy filmmaking, is one of the most important films of the modern era & a landmark moment in the annals of cinema.

On an overall scale, The Return of the King is more than just a fitting conclusion to The Lord of the Rings. It triumphs as one of the greatest sequels ever made but along with The Fellowship of the Ring & The Two Towers, it also makes up for cinema's greatest motion picture trilogy that will not soon, if ever, find its equal. An unprecedented achievement in the world of filmmaking that's epic in every sense of the word, The Lord of the Rings, in some ways, is to cinema what its source material was to literature & it is destined to remain a standard by which all future film trilogies will be measured for decades to come.",cinemasauron,2013-10-05
"A 6/10, missing alot even as a film","This movie could really use an EE -- BADLY.  Characters are just picked up and discarded (Eomer, in particular), Eowyn's battle with the Witch King will, with luck, be expanded.  It was over before I knew it and the editing was shabby.  Too many oliphaunts and CGI, atrocious battle tactics on the part of the Rohirrim (sure, charge into a head of 10 story beasts even though we have bows and arrows and can shoot from a distance - sounds good!), meaningless inventions (Arwen's life tied to Ring, the Arwen ""to leave or not to leave"" flip flop, the Lembas Conspiracy, and that stupid Legolas-Oliphaunt trick), a limp confrontation scene with the king of the dead, no resolution to Saruman (the main bad guy of the first two films, if you've forgotten), and the worst hatchet job on an established fictional character (Denethor, Denethor, Denethor).  Horrible, horrible.  Plus a cheesy bed-jumping scene and coronation where the cheddar flowed in abundance.  It was a mess that I hope the EE will mend somewhat, but there's a lot to fix. A LOT.  A disappointing end to a trilogy that began with a masterpiece in FOTR.

On the plus side, David Wenham, Billy Boyd and Sean Astin.  They were brilliant and made it worth spending the money to see it once.  Their performances were true and heartfelt, though Faramir sadly dropped out of the picture because PJ unwisely cut the Houses of Healing sequence.

It's not worth the hype and I didn't think this once in a lifetime film event would end so sadly.",Servo-11,2004-01-06
Can I just say 'ouch'?,"I have been an avid LOTR fan for almost ten years now. I love love love love the books, but I really hated this movie.

What Jackson did (and I'm surprised Phillipa or Christopher didn't call him out on it) was cut all the really important ending bits for sake of having disgustingly overblown battle sequences that made me want to kill myself. An hour is too long to be in battle, in a movie, I'm sorry. The CGI was amazing, and the deaths were good and all, but it didn't really help the story along. All it did was sit there. And we aren't even going to get into how much I hate Orlando Bloom.

The fact that the scenes in the houses of healing were cut just pisses me off. Faramire and Eowyn deserved more than a glance during Aragorn's OMG SPIFFY coronation. They were the the link between Gondor and Rohan. They were actually quite major characters, and they were totally glossed over for the sake of some Oliphants falling over. Butchery? Yes, yes it is.

And the endings. The endings weren't long enough. I know what you're thinking, ""but... the ending dragged on and on with no sign of an end in sight until it actually ended"", but seriously folks, don't give me that BS unless you've read the books as many times as I have (if you have, then by all means, give me that BS many people have read them more times then I have, but those people would agree with me) when Peter Jackson decided to use his ""artistic"" license to completely forget about half of the stuff in the books, he cheated people out of some seriously amazing story telling. The scouring of the Shire is what the whole trilogy is supposed to be about. It's about how Frodo leaves hating how much the hobbits take for granted in life, and then coming back, and helping to save them from something they have never before had the displeasure of meeting, and that is slavery. And then when they won their freedom back, they loved their heroes, and they celebrated them, and they were happy again, and they (hopefully) wouldn't take so much for granted again in the future.

Okay, I'm getting myself upset, and I'll shut up. But seriously, all this movie is for is watching people run around and stab things. Not interesting to me.",kale854,2007-01-17
The Epic Conclusion,"Note: this is a review of the extended edition of the film.

Peter Jackson's trilogy concludes with a terrific finale that makes the near 12 hour long journey we take as viewers one of the most worthwhile cinematic experiences in history. I like to think of the entire trilogy as one long movie-filmed simultaneously but obviously having had to be released over three parts to be profitable at the box office. Much like Tolkien's novel itself, having to be split in three volumes.

The quality of production and post-production all maintains its standards across the trilogy. I would like to say that although ""The Fellowship of the Ring"" remains my personal favorite of the three, ""The Return of the King"" being the one that finally brought home the clean sweep at the Oscars is very fitting and deserved.

The reincorporated scenes from the extended editions of all of these movies really helps a lot in fleshing out the world of Middle Earth. I can't imagine going back now to the theatrical cuts. A few scenes here and there do slow down the pacing just a bit, but in a movie as grand and epic as this, it's all for the better to extend our time in this unforgettable fantasy world that Tolkien so vividly described and that Jackson so faithfully brought to life on the big screen.",xiaoli7377,2022-04-11
The conclusion of 'epic',"It's hard to imagine that anyone would join 'The Lord of the Rings' saga so late in its on-screen life, so if you've never heard of this tale (there must be at least one of you!) then I suggest you begin with 'The Fellowship of the Ring' and take it from there. However, if, like the rest of us, you've been closely following the story of 'Middle Earth' where two innocent hobbits are carrying an evil ring of power to its destruction, then you'll be desperate to see how it ends. Although, based on what most people seem to think about the trilogy overall, 'The Return of the King' appears to be most people's favourite (worth noting that mine is 'The Two Towers!').

Maybe it's because the source material (J.R.R. Tolkien's trilogy of novels) has already been written that the concluding chapter is so good. Many stories start out with much promise and tend to die off (see the last series of 'Game of Thrones!'). Luckily, this doesn't happen here. Everything and everyone that made the saga great comes together and gives the audience the perfect ending that they deserve.

Yes, purists of the book may argue about the odd creative liberty here and there which has been taken when transferring it to the big screen, but, more often than not, everything lands where it should. Re-watching the trilogy today (nearly twenty years after its release) I noticed that some of the special effects in the first film ('Fellowship') didn't look quite so good as they did at the time (i.e. more green screen-ish), yet this final chapter seems as perfect as it was in its day.

There are so many fine performances in 'Return of the King' that it's hard to pick a favourite. In the first two movies I always preferred the human characters, such as Gandalf and Aragorn (and, of course, the computer-generated Gollum in 'The Two Towers'). Yet now, I really felt more of a connection to the two hobbits - Frodo and Sam. Following their journey I really did get a sense of how much they'd suffered here - a rare feat nowadays when so many on-screen heroes seem to be able to absorb inhuman amounts of punishment with barely a ruffled head of hair (and don't get me started on Disney's 'Star Wars' trilogy).

As I said before, you really need to watch the first film to know if you'll truly enjoy its conclusion and, if you do, then 'Return of the King' will certainly not disappoint. It has everything from great character-acting, to excellent special effects and a perfect setting and direction. Not since the ORIGINAL 'Star Wars' trilogy has a set of films come together so spectacularly.",bowmanblue,2020-01-15
"A TRIUMPH, MASTERPIECE! The GREATEST Trilogy Ever Made? A Farewell Into The Crystal Sea.","Peter Jackson's ending to The Lord of The Rings. Is the most perfect ending to any trilogy ever in Hollywood history! From the first, second, third installment, every film packed a PERFECT 10 star rating!

Acting/scenes/sounds/action/EVERYTHING. A complete upwards to 10 hours of complete PERFECTION and ART! In all of the trilogy.

LOTR The Return of The King is a TRIUMPH, MASTERPIECE! With actors like Vingo Mortenson as Aragorn giving a standout performance! While Sean Astin as Sam. Is the true hero in this film as well! So much of the credit goes to Frodo. Yet? Sam is the true, brave, hobbit with his heroics, filled with courage, Sean Astin delivers an emotional performance and so does all actors on the lineup!

Legolas riding the backs of elephants. To Gimili smashing heads with his axe. To Gandalf riding a white horse, clothe in full white, even with Merry and Pippen as dark horses in the race, proving to be important roles in the major events of middle Earth.

LOTR The Return of The King is a SMASHING HIT! With an emotional, victory in the end!

A emotional, thrill ride from start to finish!

FOR FRODO!",Destiny-1-12-15,2022-03-22
An epic ending,"""The Lord of the Rings: Return of the King"" is the third and final installment of Peter Jackson's adaptations of Tolkien's famous fantasy novels. Once again the makers of the film have taken care with the costumes, sets, scenery, models, CGI effects and Howard Shore's epic score to create a convincing depiction of Middle Earth.

Once again the cast delivers expert performances. John Noble joins the cast as Denethor and effectively makes him into a despicable and repugnant character. Three of the performances in the film were particularly memorable for me. Bernard Hill once again brings authority to the role of King Theoden and his inspiring presence on the battlefield left me in awe. Miranda Otto brings strength to the role of Eowyn and makes the character's best moments unforgettable. Ian McKellen once again brought his commanding presence as Gandalf to bear as he tried desperately to hold everything together.

This film follows the familiar format of the first two films in taking Tolkien's work and streamlining it to create a well-paced film. The famous battle at Minas Tirith is on an unprecedented scale and the best fantasy battle ever filmed. As with the first two films, I found the added scenes for the extended addition interesting, but they didn't add much above and beyond the already great theatre cut.",dkncd,2007-10-05
There are no words to describe...,"How superb 'The Return of the King' is. It is the ultimate fantasy film and a sure bet for all the film awards this year. Director Peter Jackson has achieved the impossible, to make this trilogy and make it so that Tolkien fans will be pleased with it in comparison to the book. The special effects are amazingly good, the actors (Sean Astin who play Samwise Gamgee particularly) are fabulous in their roles and the plot is unflawed, representing the book perfectly. There are parts left out but this was always to be expected. Peter Jackson, on first editing the film had a 6 hour long film that he was happy with. Now, although us Lord of the Rings fans may have been more than happy to sit through that, I don't think others would have been! So inevitably pieces and lines from the book have been taken out. But what we are left with is a film that works perfectly and is a masterpiece. Undoubtedly there will be plenty of extra footage on the extended DVD and so we'll just have to wait for that to see the film in its entirety. It's, arguably and in my own opinion, the best of the three films and one that fans and just movie-goers will love. It's got action, romance and an ending that leaves us satisfied and wanting to see it again and again. Go and see it now!",Bulleon,2003-12-18
"Great visuals, not so great storytelling...","Return of the King - Special Extended Edition.

While normally a person to find enjoyment in both fantasy and science-fiction, I am one of the few who haven't really enjoyed Jackson's earlier takes on the Tolkien masterpiece I had less than stellar expectations.

The film however did kick off on a promising note and for the first hour or so I was having a pretty decent time. After a while though my mind started to wander and after another hour I couldn't really care less about what happened to the characters.

What is it that makes me so indifferent to these characters? I believe the whole thing boils down to Jackson's storytelling. At his best when he can wield his mighty camera over vast landscapes, showing off weird and wonderful creatures and humongous armies. He seems a lot less comfortable when dealing with human (hobbit, dwarfish, elfish) interaction on a smaller level. Unfortunately this somewhat spills over too the battle-scenes as well, and any enjoyment is purely on the visual side. Yes, the spectacle is certainly great - but it is still JUST spectacle.

Another problem is that the actors are for the most part delivering speeches rather than having conversations. It makes the whole thing stale and the characters less life-like.

On a positive note Jackson and his editors have improved the flow between the different story lines since the last film. The effects are mostly top-notch as is the production-design.

Unfortunately it is let down by a director who seems to be bellowing, ""look what I can do"" to at all times. This ""more is more""-style served him well in his earlier work but it's just a bit too shallow to do a justice to a story of this scale.

All in all not horrible, but certainly not the film to end all films...

5/10",NickFalk,2005-01-30
one movie to rule them all,"Peter Jackson's epic adaptation of ""Lord of the Rings"" reaches its pinnacle in ""Return of the King."" The stellar cast, mind-blowing special effects and heartbreaking script are all present in the third movie, which is not only the last of the ""Lord of the Rings"" films, but the best.

Frodo (Elijah Wood) and Sam (Sean Astin) are still following the treacherous Gollum (Andy Serkis) on the path to Mordor, with the increasingly strained Frodo unaware that Gollum is sowing suspicion between the two best friends. By the time he realises his mistake, he's been dragged into the lair of Shelob, a monstrous spider, and then abducted by orcs who want the Ring he carries. Determined to find his friend, Sam heads into an orc citadel...

Meanwhile, Gandalf (Ian McKellen) takes Pippin (Billy Boyd) with him to Minas Tirith, after the hobbit has a close encounter with Sauron through a palantir. \Not only is the city under siege, but the Steward Denethor is slowly going insane, even sending his one remaining son, Faramir (David Wenham), on a suicide mission to reclaim a dead city. With Minas Tirith crumbling, Aragorn's (Viggo Mortensen) only hope may to be summon an army of the dead, who will only obey the King of Gondor. But even the dead won't help him if Frodo doesn't destroy the Ring...

The ""Lord of the Rings"" trilogy is one of those once-in-a-lifetime movie experiences. There has never been anything quite like it in movie history, and there probably never will be again. It seems somehow fitting that the book that every other fantasy has to measure up to, has now become a sweeping cinematic triumph that actually stays halfway loyal to the books. Good things come to fans who wait, I guess.

Peter Jackson really outdoes himself. You know those battle scenes in ""Two Towers"" and ""Fellowship of the Ring,"" with the swooping camera and thousands of orcs, clashing with men on a gloomy battlefield? In ""Return of the King,"" Jackson surpasses that. There's everything from volcanic eruptions to an invasion of howling ghosts to the attack of the oliphaunts (like elephants, only bigger). Each action scene a shattering ride, and there's no guarantee that all the beloved characters will make it out alive. Some of them don't.

But if Jackson manages the epic battles well, he does an even better job with the gentler, quieter moments. The action slows down, and the characters take a moment to support and comfort each other. They cry, they hug, they think about home -- such as Gandalf comforting the frightened Pippin with a description of the afterlife. Jackson and his fellow screenwriters Fran Walsh and Phillippa Boyens throw themselves into the semi-formal language of Tolkien's world, resculpting Tolkien's words into equally rich movie dialogue.

Elijah Wood gives an unparallelled performance as Frodo Baggins. Frodo's gradual deterioration is wrenching to watch, and the climactic scene at Mount Doom displays just what the Ring can do to even the pure-hearted hobbit. Sean Astin follows up with his powerful performance as Sam, who is increasingly the ""strong"" hobbit, rather than the follower. The final scenes between these two outstanding actors are beautiful and understated.

But all the supporting cast also give powerful performances -- Boyd and Dominic Monaghan put their characters through some intense growing pains, and the ""I'm going to take care of you"" scene is enough to bring tears to your eyes. Mortensen gets more kingly every moment, while Ian McKellen balances action with grandfatherly wisdom. Bernard Hill has a quietly moving final scene, while Miranda Otto makes the despairing Eowyn a strong, kick-butt heroine.

Perhaps the most striking thing about ""Return of the King"" is the final fourth of the film. While the ""multiple endings"" may annoy some viewers, it seems somehow right to gently let go of these characters rather than have a sudden, splashy finale. And whether they have a happy or sad ending, Jackson never lets us forget that they all made sacrifices to battle Sauron.

""Return of the King"" brings the epic ""Lord of the Rings"" trilogy to a close, and cements Jackson's reputation as a master filmmaker. With the outstanding cast, beautiful scripting and amazing direction, this is the best of the ""Lord"" films -- and that's saying something.",Tyson14,2015-01-18
Perhaps the greatest film ever made.,"It is difficult to argue that many films should sit on top of the mountain of the greatest movies ever made, but one of those is The Return of the King. Technical, writing, and production aspects are all the best you can have in a film.

The most impressive thing about ROTK is that it is the series ' third entry and that it is so good. Most trilogies that exist have the problem of the third being the weakest in the bunch. Not with this trilogy, though, this film is incredible on all levels.

This film's drama and overall epicness is something I have simply not seen since its release. Not many films can so effortlessly blend fantasy and serious dramatic plot elements that sell the film's overall message.

Not to forget the amazing display of acting that the whole cast put together. This is one aspect of the movie that does not appear to be getting enough credit. EVERYONE sells every scene and contributes to the film's immersion.

The Return of the King holds the record, in a tie, for the most academy awards ever won and I cannot think of another film more deserving of this honor. The world-building displayed by Peter Jackson, coupled with the cast and crew, has not been matched outside of this series.",Keemer44,2020-02-19
"Very, VERY good.","It's REALLY good. Every single thing about this movie is cool. It's my number one favourite movie of all time. ( Well actually, the entire TRILOGY together is my favourite number one movie of all time. ) There's no swearing or nudity. I still don't recommend it for the younger audience because there are some slightly frightening scenes, though. But anybody over eleven shouldn't be bothered. I don't recommend it for arachnophobia, because it might give them a heart attack. Anyways, this movie has an excellent beginning and a wonderful ending. And everything in the middle is great, too. BY ALL MEANS RENT IT, but make sure you watch the two first movies first.",HiMyNameIsAlisha,2007-04-01
"The Lord of the Rings: The Return of the King (2003) - My Precious, This is a Masterful Final Chapter!","Finally, after a series of magical books by J.R.R. Tolkien, and after the first two movies in a series that redefined cinema, ""The Lord of the Rings"" series finally comes to a close, with ""The Return of the King"". I'm so pleased to be saying the following words. This movie is not just the best in this magical series, but it's also mostly one of the greatest movies ever made on screen. The final story picks up where ""The Two Towers"" left off, where Frodo and Sam are still traveling to Mordor, while Gollum might set them in a trap to capture the ring at last. Then, Gandalf and the gang are still trying to defeat the wrath of Sauron, and finally be able to destroy this deadly ring. Thanks to the incredible masterful directing by Peter Jackson, and thousands of artists and technicians, they all help us dig deeper into this magical world that, only at the movies, we can be able to escape to. The performances are just brilliant and electrifying to watch on screen. Elijah Wood and Sean Astin are just brilliant, continuing their roles as Frodo and Sam, and they still have a lot of heart and soul into their on-screen friendship. Ian McKellen and Viggo Mortensen improves once again with fine and brilliant performances. But out of all that, it's Andy Serkis that should have received a Best Supporting Actor nomination in 2003, for his work as Gollum. Serkis has portrayed such a brilliant character, and the visual enhancements made to create him was all quite super. From an opening flashback involving Smeagol (a.k.a. Gollum) that's super thrilling, to a final setback, Gollum is by far the best character in this movie. Although this movie is set during a long 200 minute run-time, I was just distracted for what this movie had to offer, that I didn't care about how long it was. It has everything you'd expect to see. It's got heartbreak, action, comedy, drama, fantasy, and magic. The special effects are exhilarating, from beginning to end, and it made me wanting for more. The beautiful art direction and costumes made me feel like I escaped to a more beautiful place. The cinematography is challenging in such perfection, and the original score is really with a treat. I also adored the wonderful sound effects, and the memorable film editing. The love stories are touching, the friendship scenes are heartwarming, the fight scenes are groundbreaking, and the finale blends with a perfect mix of heartbreak and hope. I could tell you a thousand reasons why this movie is excellent. This is a movie that loves movies. It's a movie that keeps you wanting for more. All this movie needed was a talented director, a brilliant cast, groundbreaking special effects, incredible art direction, amazing music, and an inspirational storyline. This is such a crowning achievement in cinema. It's one of my all-time favorite movies, and I'm glad this movie won the Best Picture Oscar in 2003. ""LOTR: The Return of the King"", in my review, ""an epic and groundbreaking cinematic masterpiece"".",nickmesafilms,2012-01-04
A Cinematic Journey Like No Other,"I first watched The Lord of the Rings series in the cinema as a child, too young to grasp that I was witnessing one of the greatest epics in film history. Back then, it was just a grand adventure with battles, magic, and strange creatures, but over the years, its depth, artistry, and emotional weight became clearer. I still remember a kid crying and leaving the theater, overwhelmed by its intensity-something I now understand more than ever.

Peter Jackson's adaptation is nothing short of a masterpiece, capturing the soul of Tolkien's world with breathtaking visuals, an unforgettable score, and a cast that embodied their characters to perfection. It's not just about good versus evil; it's about friendship, sacrifice, hope, and the resilience of the human spirit. Few films achieve such a perfect balance of spectacle and emotion.

For me, The Lord of the Rings is more than just a movie series-it's an experience, a timeless journey that shaped my love for cinema. Thank you, Peter Jackson, for bringing Middle-earth to life in a way that still resonates, no matter how many times I return to it.",overdosememoin,2025-03-11
Why did THIS one win the Oscar?,"Fellowship of the Ring was far and away the best of the three Lord of the Rings movies, and the Academy snubbed it.  The Two Towers was far less impressive, but that was understandable since the book of the Two Towers is the weakest of the original trilogy, and Jackson saved one of its best episodes, the confrontation between the hobbits and Shelob, for the third film.  The third film rebounds, as it ought to have given that the third book is the best, but it does not reach the level reached by the first movie, much less by the book.  Overall, Jackson did a good job, none of the movies is bad, and he deserves recognition for his work and the risks he took.  It's just hard not to feel disappointed, given the huge promise of the first movie, to find that the trilogy as a whole is quite good but nowhere near great.

Certainly Jackson achieved a very impressive feat in constructing battle scenes that are even more exciting and terrifying than the excellent ones in the previous two movies.  The assault of Grond on the gate of Minas Tirith, the wild charge of the Rohirrim, the confrontation between Eowyn and the Lord of the Nazgul, and the desperate clash with the Oliphaunts are probably the finest fantasy warfare sequences ever filmed, managing to be intimate and detailed while also giving a sense of the overall strategic picture of the battle.  Kurosawa would have been hard put to do better.

Too, Jackson pulled a major coup by constructing a version of the climactic scene at Mount Doom that will surprise the readers of the original book without disappointing them – and it would have been very easy to go wrong at this point.  And, Jackson manages a few times to do what he did with astonishing regularity in The Fellowship of the Ring: spot the dramatic moments and give them even more impact on film than they have on the printed page.  His version of the scenes in the Paths of the Dead and the lighting of the beacons of Gondor are masterful.

But, Jackson has lost his eye for character; indeed, he has lost it so disastrously that I have to wonder whether his master portraits of Boromir and Gandalf in the first film were anything more than luck.  This is clearest in his revolting representation of Denethor.  Jackson's Denethor is a cretin: weak, craven, stupid, self-pitying, insensitive, spiteful, utterly devoid of redeeming features.  No man cut from this cloth could have lasted a month as Steward of Gondor, much less raised two of the boldest warriors of Minas Tirith or pitted his will against the Dark Lord Sauron for control of a Palantir.  The true story of Denethor, which Jackson misunderstood completely, is not of the crumbling of a coward, but what is infinitely more tragic, the crumbling of a brave man.

Meanwhile, Gandalf has receded into Old Testament prophet mode, and seems to have no emotions of his own whatsoever.  Granted, even in the books Gandalf seems more distant and unapproachable after his reappearance, but he still had the old irritability and humor underneath.  Arwen, after being used so well in the first movie, again becomes an annoying hindrance to the plot. Gimli, at least, has improved somewhat since The Two Towers; he is still being used as comic relief, but the humor is now more of a deliberately self-deprecating kind than the humiliating pratfall jokes he had to suffer through last time.

Also, I have to complain about some of the things that Jackson left out.  I will concede that he was right to omit two of my favorite parts: the meeting with Ghan-buri-Ghan and the Scouring of the Shire; time was limited, and something had to be cut.  (he could have omitted the Paths of the Dead too, if he'd had to, although that would have been a shame considering how well he did that sequence).  But the confrontation between Gandalf and the Witch-King of Angmar at the ruins of the Gate could have been done in thirty seconds, and the parley with the Mouth of Sauron would have required less than one minute to deliver one of the dramatic high points of the whole book.

That Minas Tirith, Mount Doom, and the Grey Havens are magnificently done almost goes without saying.  Art direction has been the one consistent strong point throughout this whole trilogy.

In all, The Return of the King is a good movie.  Certainly far worse ones have won Oscars.  I just hope that the award doesn't lead to people imagining that this is the best movie of the trilogy.

Rating: *** out of ****.

Recommendation:  Go see it on a big screen.  But watch The Fellowship of the Ring first.",Danimal-7,2004-04-08
This is movie is what it is.,"My summary may be pedestrian, but it's the naked truth. This is the movie you make when you are given millions of dollars and almost two years. It's spectacular, but lacks charm. It's a must see if you are into popcorn cinema, but it shares the same aesthetic of the previous two movies, and it gets tiresome. As an adaptation, it's not perfect, but it's as good as it gets if you take into account how difficult is to make such a big movie.

This the latest modern mammoth movie, so take it for what it is. It hasn't been the first, and it won't be the last. Sometimes your jaw will drop, but everybody knows that there is not much merit in making the film looks the way it does. The merit lies in having finished the movie at all.

It's almost impossible to write a more complex review and not sound like an pretentious asshole. I had a lot of fun, but something was lacking. Apply this review to parts I & II.

RATING: 7.1",Patuquitos,2005-02-05
They read a different book...,"There was so much love and hate from me and my friends for the first two movies: Nearly perfect visualization, but some really bad interpretation of the main characters. Watching The Return of the King was unbearable and I left the cinema when I saw Gandalf and Frodo giggling after the fall of the ring and making themselves ridiculous.

I guess Return of the King totally missed the spirit of the book. All the highlights of the third book went wrong in the movie: The fight of Eowyn against the Lord of the Nazgul; Aragorns and his way of the death; the relationship between Gandalf and Denethor; when Gandalf saved Faramir of the Nazgul; the relationship between Pippin and Denethor; the meeting between Gandalf and the Lord of the Nazgul; Aragorn healing the people of Minas Tirith after the battle; ...

But mostly I was disappointed about the behaviour and attitude of some of the main characters: I think that Gandalf, Legolas, Eowyn, Pippin, Merry and Denethor don't match with the characters in the book. And that is really a great disappointment for me.

Sorry for my bad english...",bob-26,2003-12-26
This Movie WILL NEVER AGE!!!!!!,"One of the best movies I have ever seen!! I recently revisited the Lord of the rings movies and this was the best of the three. The movie looks spectacular and the atmosphere is awesome. Peter Jackson did a brilliant job with these movies and this one is no different. Even to this day people remember this film and it truly is one of cinema's greatest movies of all time. It will go down as one of movies greatest trilogy and it will always stay close to mine and millions of peoples hearts.

The acting is superb and the battles and action sequences are beyond comparison. The last battle and final minutes of the film are also really moving.

BEST MOVIE EVERRRRRRR!!!!!!!!!!!!!!",leonsott,2022-10-14
The epic conclusion to the story,"Before I talk about this movie, I want to say that I got my aged grandmother hooked on the series. I would visit her every Saturday, and I brought the first two movies over on DVD and we watched them. She was hooked. Peter Jackson did such a good job bringing the books to life. Surely there was a lot left out, he would have needed six movies to fit in everything from these novels. I am happy to say that I brought my grandmother to the theater to see this when it came out, and for the entire run, she did not move an inch. To me that says all there can be said about this movie. To see a woman well in her 80, so transfixed was such a treat. This movie is sad and happy all at the same time and is wonderfully done.",acedj,2019-11-01
The Return of the King is an epic finish to the LOTR.,"The Return of the King is the third and final film in the Lord of the Rings saga. Peter Jackson's portrayal of the film is a masterpiece in an already stunning trilogy. ROTK is an epic tale of sacrifice, courage, and friendship. Frodo and Sam's journey to Mount Doom is scary and filled with heart breaking moments of triumph and defeat. Elijah Woods once again portrays Frodo wonderfully as well as Sean Astin. The rest of the fellowship are very good in all of their scenes, especially Viggo Mortenson and Ian McKellan as Gandalf. Visually the cities and battles are simply fantastic and very realistic. This has been a long journey of film starting with the Fellowship 2 years ago and now it has ended wonderfully.",dantheman0056,2008-07-25
The end of an era,A Blu-ray extended version for almost four and a half hours. The scene of the war is still magnificent. It is Frodo's luck to have a good friend like Sam. Gandalf is still otherworldly and holy. The last part of the play makes my eyes wept. This is the end of the epic blockbuster and an era. But classics will become eternal.,zlx_zjlq,2020-03-24
Awesome follow-up with amazing  visuals and  groundbreaking special effects,"The third part in Jackson's trilogy based on the novels written by the great J.R.R Tolkien , picking up shortly after the second one left off . This extraordinary film begins with Frodo (Elijah Wood) , Sam (Sean Astin) along with Gollum/Smeagol (Andy Serkis) continuing the travel towards Mount Doom , the only place where the Ring can be destroyed . Frodo and Sam care the Ring in order to keep it from falling into the hands of its evil creator . Meantime , Gondor is invaded by the Orcs of Mordor and Gandalf (Ian McKellen) and Pippin (Billy Boyd) ride to Minas Tirith . There rules Denethor (John Noble) , father of the deceased Boromir (Sean Bean) , and Faramir (David Wenham) . While Aragorn (Viggo Mortensen) must choose between his two lovers , Eowyn (Miranda Otto) and Arwen(Liv Tyler) . Later on , Aragorn , Legolas (Orlando Jones) , and Gimli (John Rhys Davies) travel to the creepy caves inhabited by the Army of the Dead .

This sensational epic adventure is plenty of action , impressive battles , spectacular drama and being pretty entertaining . The movie packs a real sense of wonder and stimulating action set pieces illuminating the full-blown feats of the various protagonists and winding up in overlong battles and a stunning finale . It contains incredible array of technical visual effects by Weta Digital and Weta Workship , among others companies . Sensational cinematography by Andrew Lesnie and spectacular as well as sensitive musical score by Howard Shore , winning deservedly Academy Award . Beautifully realized set design with phenomenal production values . The film provides enough amusement during the three and half hour and stays closer to the novel than any of the former adaptations -mostly animated and in low budget- such as the mediocre effort by Ralph Baski . The motion picture will appeal to Tolkien followers as the neophyte who didn't have seen the previous parts and those unfamiliar with the lengthy literary work . Magnificent direction by Peter Jackson bringing stunningly the imaginary world and mythology of Tolkien to life .",ma-cortes,2008-01-10
"A film ahead of its time, Lord of The Rings The Return Of the King is the best thing I have ever seen...","Even after the second installment's grand success, I was still afraid that it will fail. The trailer was brilliant and promised a thousands things to come. And then in the next 3 and a half hours, I was proved wrong!

This was the best conclusion to a great trilogy. I never imagined that they could make it bigger and better than the last two. The previous movies were just picnic. Not only the action sequences but also the emotions run high. The battle scenes were really great. But I was more concerned about the people we knew from the last two films who were in it. 

You really get that feeling of ""The Return"". Unlike the first two, this movie is stylish. The elements are more elegant, the story more bold, the score more experienced and bold and the dangers more troublesome. As Frodo and Sam march towards Mount Doom, the movie gets more darker and hope really seems to fade away. One thing I learned in this movie is: Never give up. No matter what happens you have to finish the task because your cause is important. 

For me and all the LOTR fans, this is not a movie. What we thought of as an action movie-of-the-week turned out to be an important lesson on hope, friendship, conquering your fears and love. It's a cinematic achievement that will never be defeated. This really is the king of all movies and the 11 golden statues prove it. Go for it (Only if you have seen the first two movies) 

10/10",mithilbhoras-103-581296,2011-10-23
I cry buckets every time,"I'm writing this review as I watch Fellowship again right now. I was 12 when Fellowship first released in the cinema, and LOTR defined my life ever since for many years, and the trilogy has remained my favourite movies, with no others that come close. They made me cry in the cinema, and in every viewing since. I can put on even a brief portion of the films, and the feelings come rushing back. Everything about these three movies is perfect, in my opinion, especially the amazing music that is so perfectly crafted that I can't think of a better movie soundtrack. The only OST that matches it is the Halo game soundtrack. Both the Halo and LOTR franchise began in the same year (2001), and were the two major pillars of my life since childhood.

It's crazy to think that this trilogy began almost 20 years ago. I wonder if anything will ever touch LOTR. I suspect it will remain the all-time pinnacle of cinema, at least for the sheer love of them it has inspired in its vast fanbase.

I think that the extended editions are indispensable and feel much more complete than the original cinematic releases. They are definitely worth watching in one sitting, back-to-back, which will take from wake til sleep, with breaks in between for second breakfast, elevenses, luncheon, afternoon tea, dinner, supper.

Although I think Return of the King is the greatest possible ending to the greatest trilogy ever made, I still feel Fellowship of the Ring, where it all began, is the most rewatchable and comfy of the three. It has an air of enticing, dark and foreboding mystery that always captivates me. And that ending... what a cliff-hanger. I still remember the excitement it first created in me for the story's continuation, and the year-long wait for The Two Towers to release in the cinema. I would pay good money to see them all in a large and full theatre again.

And the video games... I played most of them I think. I still play Battle for Middle Earth, i.e. the Edain mod.

I can't imagine what my life would have been like if the LOTR films had never been created as they were, as they have been that important to me for well over half of my time alive at this point. They played a part in inspiring me to travel, to pursue filmmaking, and most importantly to get me interested in Tolkien's works.

I am so thankful to everyone who were a part of creating them, as they are easily the greatest treasure of cinema.",numenorsniper-66396,2020-10-24
The Return of the King,"I will keep it short, because what needs to be said has already been. This review is also spoiler-free.


The Lord of the Rings: The Return of the King is my personal favourite in the trilogy. It has the msot fight scenes out of any Lord of the Rings tale, and they are all very well written. The first big war that takes place is one of the best scenes in the saga and the ending of the movie is great. I could not fault the previous two, and it's the same for this one.

Of course it is a 10/10. This movie is great, and something else I did not say previously was that I really liked everything they did with Gollum in this film. Buy it, no questions.",darimoviesthoughtsoffilms,2019-12-27
The pieces are moving...,"Antipodean director Peter Jackson here proves beyond doubt that he's picked up Spielberg's mantle as the director most competent at blending dazzling special effects with convincing emotional drama. The third part of Jackson's opus sees the One Ring return to Mordor in the hands of a Hobbit, while the hordes of Gorgoroth sweep into the realm of man in their tens of thousands. Bad Taste this ain't.

This is the boldest of the three movies in that it necessarily must take the most risks in depicting Tolkien's universe. It's a delicate balancing act. For instance, some will love the Jackson of old re-emerging for the Paths of the Dead sequence, while others will resent its Temple of Doom comedy-horror stylings. Legolas skipping up the leg of an olyphaunt and then sliding down its trunk as it falls: fanboys loathe that stuff; the kids love it. But thankfully, due to Return of the King's structure - a series of action scenes built around Gandalf's (Ian McKellen) dreadful narration - one doesn't have to wait long until the next set-piece arrives. And we're spoiled for choice. Gandalf, for example, doesn't only narrate - he also, exhilaratingly, sweeps onto the plain of Pelennor to ward off the Nazgul with a blinding shaft of light. Shelob doesn't disappoint; Weta have created a memorable monster who tickles the neck-hairs of Tolkien devotees and unsuspecting arachnophobics alike (I had not yet read the novel at this point...). And the lighting of the beacons, erupting from far snow-capped peaks, calling to Gondor under the bellowing strains of Howard Shore's aptly triumphant score, might be the single most rousing sequence in movie history. It's the ignition of hope, a glimmer of unbridled joy before the darkness descends.

The biggest omission from the novel is the Scouring of the Shire. I happen to agree with the screenwriters' decision. By that time, we've already had two or three endings. We've been stuffed with a veritable feast in the form of the Battle of Pelennor and the Fall of Sauron; the Scouring, I believe, would have been an unwanted dessert. Besides, Tolkien's epilogue was something of a matter of celebrity. Aragorn's final words to the hobbits, as all of Middle Earth kneels, says more about the height of their standing than any Shire-war would.

Some minor flaws still remain. Legolas and Gimli's character arcs still reach no real resolution (but then, do we really need another two endings?). The position of the Battle of Pelennor in the story's narrative doesn't really lend itself to the classical Hollywood narrative very comfortably - there's a predictable, albeit only slight, feeling of 'winding down' in all that follows. Also, on this extended DVD, the point at which we are asked to change discs comes at a most inopportune time, as the drums of war are at their peak.

But it seems strangely impertinent to sniff out the trilogy's few flaws; to do so is like picking at the hem of the Bayeux Tapestry. Will we ever see such a wholly satisfying series of films again? Not in my lifetime. (N.B. The score is for all three.) This is pure cinema. Jackson and his creative family just don't stop giving. He has successfully translated his love for his source material and created a body of work that will live on and become equally loved. The scope of his achievement is undeniable; as entertainment, this is about as close to perfection as cinema will get.",rooee,2010-04-12
A Masterpiece,"I remember watching this movie for the first time when I was 12 years old. It was New Year's Eve. I sat next to my PC, brought a whole bottle of white wine for some reason and watched the whole trilogy until the morning. Needless to say I also got drunk for the first time. Best experience ever :D.",fsyazh,2021-04-15
best film of the decade,"as you see in the title, you can see it was a great film. i have only had the DVD for 2 weeks and i got a 2 disc DVD for £2.99. wow you might think.

well back to the film, and this is a film whose without its amazing and stunning fights/wars, would be a OK film but wouldn't be a classic. when the battles begin, you can't stop watching- even if your mum asks you to tidy up. the scenes with the horses and their warriors galloping is breath taking and makes you want to re enact it as i'm a 13 year old boy, this was a film which you want to re enact and talk about. 

it fills you with thrill which is a very special thing to do. when people saw this, people were like, ""wow what an amazing film!"" and ""it's so good, i want to see it again and again!"" 

i think this film was done by the right people and acted by the right people you couldn't image anyone for the roles. Such as aragon's character, Viggo Mortensen matchs that style and his emotions were amazing. his fighting style and knowledge makes him a great character and Viggo Mortensen should of good a dozen awards. before this film, i never heard of Viggo Mortensen and now after his role, i regard him as a brilliant actor.

another character who was amazing was gandalf and without him, this film would feel empty. sir ian meleken (sorry for the spelling mistake), his acting was so believable and amazing. but his secret to this as revealed in a episode of extras, his that he thought of what it would be like to be a wizard and well, that give us the great gandalf we know today! i think this film is the best film i have seen in years and it deserved every award. out of ten, i would give this a MASSIVE TEN! thank you!",runescapepass,2006-11-23
A legitimately great movie,"An adventure movie to match the great ones of the past, and the one to beat for the future. The culmination of this ambitious trilogy is more than fitting; it surpasses the first two films by quite a distance. Almost nothing disappointed or bothered me. All parts of the story were equally interesting. It was sweeping, it was involving, it was beautiful. One of the few thing I would complain about is the villain. Sauron is boring and more or less unseen. He does not feel very threatening. And his army of orcs has been dull since the first film. They're just not very interesting creatures. Fortunately, The Return of the King really makes up for these monsters with a gallery of better ones. Some of them have been present in the other two films, trolls and those flying dragons that the ring wraiths ride on. They're more present here, however. Even better, though, those gigantic elephants, ten times the size of a normal one. Oh, man, those are cool. Star Wars fans might grumble that they were too much like the AT-AT walkers from Empire, and they are. One scene where Legolas, the elf, triumphs over one of them feels like a sped up version of Luke Skywalker's attack. But the very best thing is a giant spider. Everyone knows that there was originally a giant spider on skull island in King Kong, cut from the film because it really disturbed a test audience. Seeing the spider in Return of the King is like having that famous piece of lost footage restored. When all three films are finally out on their special edition DVDs, I'm going to spend a month combing through them to see whether or not the entire series of films isn't just as good as this one, or perhaps as good as many of my younger friends have sworn they were.",zetes,2003-12-20
"""Songs for great halls""","Before Peter Jackson's adaptation of The Lord of the Rings trilogy, the world of high fantasy has not been particularly well-served by cinema. The genre was not even really taken seriously in literature until the 1960s. During the 80s, there was a fad for fantasy movies, but while most of these looked nice and were good enough fun, none of them really had magnificence (although the 1981 Excalibur movie comes pretty close). It was not until the first decade of the 20th century that we saw fantasy cinema's rather delayed coming-of-age.

As with the first two movies in the trilogy the transition from novel to screenplay is exceptional. There's a lot more action and a lot less dialogue in this one, and yet the plot is still clear and the narrative never feels repetitive. The idea of binding the various story lines together in time – such as when the Witch-King arises near Frodo and Sam, but the tower of green light is seen miles away by Pippin – are great for building up the tension. They also really help to establish this vision of Middle Earth as a real place with vast dimensions.

And again Jackson proves himself to be an action director with that little extra flair of intelligence. At first glance his work seems very much aimed at those with short attention spans, but there is so much loaded into each and every shot, the camera following an orc as he falls to the ground, or coming to rest upon a woman holding a baby as panic erupts in the city. His horror-tinged imagining of certain scenes is truly unnerving.

There is some all-round improved acting in this instalment. Perhaps the years wrapped up in the production were taking the necessary toll on the cast. There are some truly heartfelt moments from Bernard Hill and a wonderfully spirited turn from Miranda Otto. For me, Billy Boyd always stood out as the finest of the hobbit performers, and this is the movie where he comes to the forefront, demonstrating great dignity and emotion. The best performance however, as previously, belongs to Ian McKellen as Gandalf. There's something strangely knowing in his final scene.

One of the unfortunate things about The Return of the King is that it suffers worse than the first two movies from a lack of dignity at certain times. The CGI Gollum is too cutesy and it's hard to believe in him as an antagonist, although funnily enough the glimpse we get of partly-transformed Smeagol biting into a fish with Andy Serkis in prosthetics would have been perfect for the whole thing. Some of the most serious bits become silly. I remember laughing out loud in the cinema when Gandalf says ""So passes Denethor…"" when the man is still pathetically running around in flames.

But by-and-large, this is an exceptional production, with its most outstanding touches in the way the whole thing has been put together. When the beacons are lit stretching a line across a mountain range, it's done in such a smooth, rhythmic way we are simultaneously impressed by the immense scale, the beauty of the landscape and the sheer brilliance of it as a means of communication. When Pippin's haunting song continues in the background as the men of Gondor ride off to their doom, we feel the depth of what is going on in a way the images alone could not impart. This is the kind of thinking you don't see in those numerous 80s fantasy movies, or in sci-fi's big trilogy, Star Wars. The Lord of the Rings movies put us right within both the excitement and the sadness of the story, for me with greater weight than Tolkien himself achieved. It elevates this above being merely another CGI action flick and grants the fantasy genre a status and stature it has never enjoyed before.",Steffi_P,2012-04-26
The Greatest Fantasy Trilogy of All Time,"I've lost count of how many times I've watched this gorgeous trilogy, every time I rewatch it I find something new.",yungtonyfreeman,2020-03-01
A change of my top 5 movies,"This movie is the best of everything, the charaters are the best with each other and their environment.  You have to love the pros, as well as the antags.  This movie as one reviewer once said of this movie, it is the best movie of this generation! The saddest part, it is the last movie.  The only thing I have to say that was a downer, it needed more epic battles! So, my top 5 have now changed: 5=Scarface,4=Matrix,3=Lord of the Rings 3,2=Godfather,1=Citizen Kane.",intelboy,2004-01-17
Best Trilogy Ever,"Best movie series in the form of trilogy ever personally for me.

I watch this movie very frequently.

Loved the way this story was told. Loved every single character in this movie, especially Aragorn played by Viggo Mortensen and Arwen played by Liv Tyler.",iVemula,2022-03-11
"A newbie's perspective on ""The Return of the King""","I haven't read the J.R.R. Tolkien books or seen the first two movies in this series, so I won't waste your time with a formal review. Here are some miscellaneous thoughts from the perspective of a Middle Earth neophyte:

If you're wondering if you can understand this movie without having seen the first two, you can. I didn't realize I was watching the third installment until the end when I saw there couldn't possibly be any more story. I had a little trouble here and there, but the movie never really lost me.

Roger Ebert complained that characterization in these movies is given short shrift. Maybe so, but I thought Mr. Frodo and Sam – and the love they had for each other – were very moving. For me, they were the heart of this movie. I was roused into anger when Gollum framed Sam and temporarily split the two men – are Hobbits men? – apart.

Everyone says it, and everyone's right. Gollum is a great villain; it's a great performance by Andy Serkis and the CGI craftsmen who jointly created him. I loved to hate Gollum.

Is that woman who chafes at not being able to fight alongside the men a character from Tolkien's books? She's such a tedious action movie cliché – or would be if the actress playing her weren't so convincing and charming. She even ends up a genuine threat to a character who cannot die by any man, because of a technicality: she's not a man. That reminded me of the dreary moment in ""Jurassic Park"" when Helen Hunt cracks on Jeff Goldblum for talking about Man as if the term somehow excluded women. (Genesis: ""And God created Man, male and female."")

I was very impressed with the special effects. Yes, they were awesome in themselves. But it's also impressive that they existed to tell the story – a rare feat these days when the story usually exists to service the effects. Still, the effects – while never overwhelming the story – sometimes overwhelmed themselves. Ebert gave special praise to the giant spider, but by the time it arrived I was already so sated with CGI monsters that this one didn't seem inordinately frightening. (Incidentally, Ebert says the spider scenes marked the best movie battle between giant insect and man, but these scenes – good as they are – don't replace the much lower-tech ""Them!"")

I'm not in love with Peter Jackson's directing style. His camera is always sweeping around the scenery, which is almost invariably SFX-laden, as if to say, ""Nothing up my sleeve!""

Viggo Mortensen is supposed to be a major star of this series, but he makes little impression on someone watching just this entry. Elijah Wood – with his enormous eyes and beguiling presence – feels like the protagonist. Orlando Bloom also has little to do, but unlike Mortensen he makes a bad impression. When we see him in closeup the only thought that seems to be roaming his mind is: ""Aren't I pretty?""

What is it about some of these great old men of the theater – men like Derek Jacobi, Richard Harris – and here, Ian McKellan? One of them can just stand on screen for five seconds and even if you've never seen him before, you think, ""Wow, what a great actor.""

Someone made a terrific comment on the message board for this movie, and it deserves to be read:

""When anything becomes a 'craze' it tends to annoy those of us who enjoyed the material quietly and non-fanatically before it was a fad. When I was a young teen I actually had kind of a love-hate thing with George Lucas because when 'Star Wars' became popular it was suddenly 'cool' to like science fiction, and those of us who had liked it all along were assumed to be part of that herd.

""I first read 'The Lord of the Rings' in my freshman year of high school (25 years ago now) and I have liked it ever since. I was glad to see the movies done, enjoyed them well, and plan to watch them again throughout the years. And though I suppose the advertising hype was necessary so the producers' gamble could pay off, I am glad it's over. Now the fad-of-the-month club people can move on to something else, and let me enjoy something I like in peace.""

She was deriding both the people who obsessively love and abuse the movie. If the craze really is over, this might be a good time for a newbie to visit these movies. I saw this one, and despite my minor complaints, I loved it.",J. Spurlin,2005-04-27
The end is bitter sweet,"I have never loved the first two Lord of the Rings movies. I considered them nothing more than a fine fantasy story, with its smart and silly characteristics, too long and seriously overrated. The fact that these films were thoroughly enjoyed by loads of people I can comprehend easily: the movie's theme appeals to all and I can not deny that it is nicely all nicely put together. But it is still far too long as it lacks a certain...intelligence. Coming to the third installment, I sit and stare. Making fun of a movie is quite easy, what's hard is to understand it. I am not trying to say that this here film has left a mark upon me, but merely that some people are wrong and that I may be as well.

Spoilers

It's got some strong points, it's got some weak points and overall it's just what I expected it to be. After a rather pathetic beginning, the movie gets off from where the previous one let us. War, freedom, good and evil, love, trust, friendship, maturity, justice and peace. That's what will concern you once you're in this joint. Some impressive scenes, with sparkles of humor and shallow morality will add up into a massive fight. It's never about the outcome, it's about the way you do it, so I will accept the more shameful moments regarding the story. I might say I would want to admire it all, but it's just too much of a contrast between dark and bright. That's all in this movie but not in our hearts or in our world. Are the characters really complex? Is anyone really worth remembering? They are all weak faced with the power of the ring and none impress in this regard. I try to think of a weakness for us all and I can't find it. This fantasy world is supposed to have one evil which really concerns us, with minor ""misunderstandings"" between people. It's a call for unity, because only through this can we be able to outlive a fight. I fear just that I can not relate to it. I see no war for a common goal. And the problem does not lie around us, it lies within us. We can't find a ring and make all problems disappear after a tremendous quest. That's what makes me feel that The Lord of the Rings is just a story. A long, sporadically remarkable story. But I live in an era of naturalism and realism and I can not accept such a piece of art, as it is, just for the sake of being. I simply can't feel this as a great movie, because so many fates are involved and everything is too perfect. Perfection is bitter sweet, not this film. For me, LoTR is just bitter. But at least not as bitter as the Matrix.

Fans will remain fans, detractors will remain detractors. Things don't usually change in life and for that you need to make a great effort. Linear and coherent storytelling adds up in a never ending experience. For most, I am somewhat convinced to say, a superb one. In my heart I feel both joy and pain, because it all means something. The fact that people dream of such a fantasy world, means something. This is not my fantasy world though. This is not my world. 7.5/10",tributarystu,2004-01-09
Good movie but it brings nothing new and the end takes toooo long...,"The third movie brings nothing more than the second... It has more goofs than the second i won't enumerate them here. The end is so boring that when I went to the cinema to see it, all people stood up about 3 times in the last 20 minutes to go home... It also misses one important chapter when Saruman destroys the Shire... Some characters have no meaning in the movie (Faramir, Witch King)... Witch King has very big orientation problems trying to hit Eowyn with that big weapon rather than use some witchcraft to kill her... Aragorn (Viggo Mortensen) doesn't have the voice of a King when he tries to encourage the army to fight (see Braveheart (Mel Gibson) or Gladiator (Russel Crowe))...

It would have probably been a great movie without the first 2 parts, but this one brings nothing new or extraordinary except the Undead army which kills all orcs BAAH !

If you are interested in special effects then go watch the movie, if you are interested in how the story ends better read the book.

6 points out of 10.",raduking,2004-01-11
A perfect end to my personal favorite trilogy,"What isn't great about this. This characters are developed wonderfully, the acting is brilliant, the epic effects blow me away, the score is perfect. This is my personal favorite of the three but mind you, it is an extremely hard choice",jacobmeyerjkm,2020-01-30
An epic masterpiece made even better in its extended form,"In 2003, Lord of the Rings- Return of the King won top honors at nearly every major Award ceremony, and set a new record for box-office receipts, one that would stand for six years. It blew audiences away with its epic storytelling and scale, surpassing even the previous two entries in the trilogy. It was a truly great film. And now with the extended version, it's even better than before.

The reason why Return of the King, is so great is threefold. First, it's based on one of the twentieth century's greatest works of literature. Secondly, director Peter Jackson has remained true to source material, leaving as much as possible intact. And lastly, this project saw a near unprecedented infusion of talent and money. From the director, to the extremely large cast, to the effects wizards at WETA, everyone knew what they were doing and gave it their very best. Nothing was held back, no expense spared, and no detail overlooked, and the result is pure awesomeness.

One of Tolkien's greatest talents as a writer was his ability to fill his worlds with a host of distinct, interesting characters, each with their own strengths, weaknesses, and struggles. Jackson has included nearly all, and through them explores myriad themes. In Aragorn (Vigo Mortenson) we see a man who overcome his self-doubt and accept the mantle of greatness that he was meant to wear. He's also the embodiment of true courage, being brave or perhaps crazy enough to pick up the seeing stone and tell Sauron, ""Here I am, come and get me.""

In Frodo (Elijah Wood) the story explores how even the most ordinary of people can accomplish great things, but also how even the purest can be tempted by power and corrupted by evil. One figure who cannot be corrupted however is Samwise Gamgee, who represents perhaps the ultimate example of friendship and loyalty, sharing every hardship, remaining ever vigilant against Gollum's treachery and the ring's corruption, and braving a giant spider and a fortress of orcs to rescue his friend, even after he had turned on him.

Even the relatively minor Characters are well drawn and add to the story. Take Pippin and Merry. They're just a couple of goof-offs, the friends who are just along for the ride. But before the story is done, both will play important roles in the greatest battle of the age. Aeowen for her part embodies both duty to one's people and the the pain of unrequited love. And Legalos and Gimli, though largely relegated to sidekick duty, still show how friendship can transcend racial boundaries and old grudges.

But the most interesting character of all must surely be Gollum. Twisted physically and mentally, and with a severe case of split personality, he hates his very existence, and he hates the Ring for what it's done to him, but he desires to possess it even more. He's like a schizoid drug addict- a violent yet often hilarious schizoid drug addict. It's amazing how quickly he can go from playful and comical to pure venom. And no-one does a more unsettling conversation with himself. He's murderous, he's repulsive, he's pitiful, and he's one of the most interesting characters in twentieth century literature.

Of course this isn't all internal struggles and character development; it's an epic in the class of The Ten Commandments or Gone with the Wind, but with lots more fighting. And what fighting it is! The combat scenes capture the full intensity and brutality of medieval warfare, of pounding clubs and maces, bodies impaled with spears and arrows, or crushed beneath catapult stones (Within the bounds of PG-13). Yet there's also is the precision, even beauty, of Aragorn's swordsmanship, and Legelos's skill with the bow, their ability to fell an enemy with every swing of the sword or release of an arrow. 

And then there's the sheer scale of it all. The climactic battle of Pelenor Fields is the largest ever filmed, with dozens of siege engines, more than two-hundred thousand orcs, and a charge by six thousand horsemen. There are few sights that can surpass six thousand armored cavalrymen at full charge, but a counter charge by a line of mumukhiel is surely one of them. Add the piercing shrieks of fell beasts and an army of vengeful dead and you have perhaps the greatest spectacle ever to grace the screen. This may seem hyperbole, or even heretical, but Cecil B. Demile has nothing on Peter Jackson. 

I'm also highly impressed with the effects and technical aspects of this movie. The set pieces are among the largest and grandest I've seen, and the models have a nearly unprecedented attention to detail. And there are thousands of weapons, orc masks, and suits of armor, all beautifully – or gruesomely- done. Few projects can equal this one in the costume and make-up departments. New Zealand's Weta Workshop might just be the new Industrial Light and Magic.

Now obviously all this was already present in the original version. So you may ask if this new version is worth paying to see, especially if you already have the original. My answer: absolutely. There's more humor, exemplified by a side-splitting drinking contest, and more character development, especially with Faramir and Denathor. And there's lots more action, including Gandalf's encounter with the Witch King, a longer fight scene with Gollum, and far more material with the dead men of Dun-Harrow. Jackson has also included important vignettes from the book like the House of Healing scene and negotiations with the Mouth of Sauron. And I particularly enjoyed Christopher Lee's death scene near the beginning.

Bottom line, Lord of the Rings, Return of the King is one of the grandest, most exciting, and most inspiring movies you'll ever witness. Try as I might, I can find no fault with it. You owe it to yourself to see this movie, especially in its new and improved state.",williampsamuel,2014-12-24
A true masterpiece,"To justify the title, I can count many merits of the movie. The background score is grand and powerful, the story is handled very well, and the CGI is balanced and beautiful. But, in the third act of the movie, there are 3 major scenes, each of which brought me to complete tears. One of them is the greatest single moment I've ever seen in movies, period. Throughout the movie, it's very evident that it was made by people who clearly adored the source and a great attention to detail can be found throughout.

I've seen complaints that at some points the movie diverges from the source material too much or that it's longer and doesn't pack as much substance. I feel the first point can be validated by artistic liberties, while the second ultimately boils down to personal preferences. Speaking personally, the movie did not feel long. The screenplay justifies the runtime, and makes the movie cohesive. It's the grand finale to the greatest trilogy of all time, and completely cements its legacy for years to come.

NOTE: This review is based off of the special extended editions, and not the theatrical cut.",sanskar10100,2022-03-09
The End Of The Epic Journey,"In terms of the individual installments of Peter Jackson's Lord of the Rings epic trilogy, Return of the King may actually be my least favorite (if only by a hair). The character-building isn't needed, like in Fellowship, and the battles are no better than those in Two Towers. The film's length (even the 3.5 hour theatrical cut) borders on prohibitive. Yet, it remains a slam-dunk 10/10 effort. The reason? The emotional payoffs to all the threads set up in those previous two installments.

For a very basic overview, Return of the King sees the two primary plots of the trilogy reach their apex:

-Frodo (Elijah Wood), Sam (Sean Astin), & Gollum/Smeagle (Andy Serkis) finally reach Mordor--but not before a significant detour along the way and a gut-wrenching decision at the journey's end.

-Aragorn (Viggo Mortensen) reclaims his kingly birthright and leads the denizens of Middle Earth in a final battle with Sauron's minions. Along for the ride again are feisty dwarf Gimli (John Rhys-Davies), Legolas (Orlando Bloom) the marksman Elf, and hobbits Merry (Dominic Monaghan) & Pippin (Billy Boyd) doing the best they can to contribute to the cause.

The overall hallmark of this concluding chapter is the way in which it pays off all the threads set up in the previous two. This one doesn't have to break new ground, and largely doesn't. It just needs to put an amen to perhaps the most incredible book-to-film adaptation of all-time, which it accomplishes with aplomb. What Jackson really understands is how much of a journey the audience has taken alongside the famous fantasy characters (especially true if experienced during the three-year theatrical run). The end of their journey is also the end of ""ours"", in other words.

Specifically notable here is the last half hour or so of runtime, where the visuals, music, direction, & acting meld together to create some of the most emotionally rousing scenes of the whole trilogy. I have yet to behold these moments without a tear being shed.

Overall, then, Return of the King is a regal ending to Jackson's masterful vision. It may not break much cinematic new ground, but it doesn't have too. It simply does its job: pay off all the previously-established action, adventure, drama, humor, and (most of all) heart.",zkonedog,2017-03-08
Very good end to a very good set of movies.,"This was probably my favorite trilogy of all time, as throughout movie history there have not been all that many good fantasy movies that have been released so these films fill that void for me.  This last chapter wraps up the story nicely as Frodo and Sam are very close to where they need to be and the army of Sauron are trying to finish off man once and for all.  This movie is a bit different than the last one in the fact that the Hobbits Frodo and Sam and Gandolf the wizard are more of the focus of this one rather than Aragon, Gimli, and Legolos who were more the focus of the last one.  This one has epic battles and great visuals as well.  It is also very well acted.  Sean Astin does a particularly good job as Sam in this one as his character has a lot more impact in this one.  All in all a very good movie that wrapped up a very good trilogy that was one of the few that did not have a weak movie in the bunch.  I would write more, but I am sure there are plenty of reviews that do the movie more justice than I can.",Aaron1375,2004-01-11
The conclusion to the wonderful epic The Lord Of The Rings: The Return Of The King.,"This wonderful conclusion to Peter Jackson's adaptation of .J.R.R. Tolkien's most popular written work should definetly win a few awards to say the least. The first movie, The Fellowship of the Ring, inspired me to read the trilogy.  As I was only twelve at the time, these were the first books I actually finished reading. I decided first off that no matter how much the film makers changed the story, as long as the general plot line and points that Tokien was trying to make were made in a fashion that Tolkien would have liked, I would accept these movies. These are three spectacular films, or rather, one large movie version, created by crazy Tolkien fans, of the tale of how evil came into being and how it was destroyed.

For those of you who have not seen this movie, and are wondering whether or not to go and see it, by now you know clearly what I think.  This movie is the conclusion to the first two movies, or rather the conclusion to one long continuing story. If you haven't seen the first two, go and see them before you come and see this one: There's nothing worse then hearing the end of a great tale before you even get a chance to begin it. Once you start this trilogy, you will not want to be left behind. It is about how the Hobbits, Frodo(an aristocrat) and Sam (his loyal gardener and best companion), struggle on to a land called Mordor to destroy a ring that corrupts the minds of even the strongest warriors, and about how their friends try to guide and help them in their quest to save all life, even if it takes their own lives to destroy the ring. The movie is full of tales of how Middle Earth and its people are making their last and final attempts to fight the evil, and save not only their homes, wives and children, but their own humanity and souls as well. It is a tale of how life almost disappeared but when darkness almost completely covered all earth, some courageos people, whether from the sanity of their minds or rightness of their hearts gave their last shot to save life because they valued it.  They gave their last hope, said their last prayers, and were able to destroy this evil. Nothing that I can say would be good enough to put these people and their world into the right words so that you could imagine it: Just watch the movie so you can start experiencing it.",eaw1990osaka,2004-01-18
More of the same,"I loved it! No doubt about it, spectaculair effects, battles etc. But, and there's a big but, the movie doesn't add anything new to the trilogy. In the first part we could marvel at the wonderfull world of Tolkien that Peter Jackson so brilliantly captured on the big screen. In part two, there was action, battles and magnificent special effects.

But what does part 3 have? More of the same. It had to be made, to complete the story and Peter Jackson did a great job. But especially the last hour was almost boring. After the twentieth happy-ending-swelling-music-scene, I was almost begging for the end. Still, I loved it, but maybe that was more because of the first two movies, or because of the book.....",o_willemse,2004-01-05
is everybody crazy?,"I still don't like these films, but this was the least intolerable of the three.  I think it had the greatest departures from the books in plot, but was perhaps the closest to the books in meaning.  I'm not even talking about all the characters and events left out; there's lots of stuff here that never happened in the book.

The acting is sometimes painful.  Frodo and Sam are particularly given to intervals of mawkishness.  Gimli is shamefully used for comic relief.  The dialogue's just horrible; exposition is awkward (""A diversion!"") - I suspect the actors are giving the director what he's asked for, it's the director and writers I question.  Anyway, the adults come out okay except Eomer, reduced to mere grimacing in the background.  It's the little people who suffer.

Visuals are often not to my taste, but are impressive.  Frodo always glows. Everything hobbity is very golden-lit and twinkly and twee - I think that's the worst setting mistake.  Hobbits should be those we identify with most closely, not those we're distanced from.  Minas Tirith is barely glimpsed before it's overrun by the Goths and Visigoths; Edoras outshines it.

I don't like the battle scenes.  Cuts to show the sea of Orcs menacing a small city of troop of Men are unimpressive after so many repetitions, and the fighting scenes are very rapidly cut and look kinda undercranked and unfocussed, especially when using lots of CG troops.  Necessary perhaps, but it still looks bad.

What was right?  They made a great scene of the lighting of the signal fires, and the relay from hill to hill, though it went on too long.  The songs were good.  The human kings rallying their troops to hopeless battles were actually magnificent.  Gandalf was less the remote magician and more the humanized power than in the first two movies.  The tone is more epic than in the first two installments - they seemed to use scale of battles and scale of scenery as a substitute for theme and pace.  ROTK didn't make me look at my watch nearly as much as FOTR and TTT.  And there's more Viggo, whom I love, but he may not be quite as good.  *sigh*

Anyway, it's still pretty crummy.  Gak!  Also, I think this one would be _very_ hard to understand without having read the books or seen the first two - I wished I'd refreshed my memory of the previous movie before watching this.",betsywetsy,2004-03-06
Epic is an understatement,"These films are glorious and they finished off this marvellous trilogy with a bang. Unlimited action and emotional plot twist and character arcs. Cinematography is just unparalleled to other trilogies.

I have to say the more I watch this trilogy the more I put it up there with the Star Wars Classics.

Timeless.",hcoldwell,2022-03-26
The Conclusion of an Adventure in the Same Level of the Other Two Parts of a Splendid Story,"The conclusion of the best movie of fantasy and adventure ever made is in the same level of the other two parts of this splendid story. The journey of Frodo Baggins and his friends in this movie is again outstanding, stunning, a masterpiece. I believe there is nothing else to be said about this fantastic movie. The eleven Oscars, the IMDB User rating of 9,0 with 62,820 votes and the 2,219 reviews are sufficient. I just want to record my enthusiasm with such a film. Unfortunately the same did not happen with the sequence of Matrix, where the first film was excellent, but the sequences were very disappointing. My vote is ten. 

Title (Brazil): `O Senhor dos Anéis: O Retorno do Rei' (`Lord of the Rings: The Return of the King, The')",claudio_carvalho,2004-05-29
The best 17 endings of all times!,"I think that almost everything that can be said about this trilogy has been said already, but still I will try. There are so many films that destroyed the beauty and perfection of the novels they have been built upon, not this one. In front of an amazingly beautiful scenery, Peter Jackson was able to create a fantasy-movie, which unlike so many others before did not deal with old clichés and thus is far away from any trash-movie a lot of people had expected it to be beforehand.

Although I am sure that the cast of this film will soon be forgotten, The ""The Lord of the Rings""-trilogy will stand the times and be one of the most renowned pictures of the las decade.",DerSongsurfer,2006-12-07
3rd time's the charm (don't get me wrong; the first two were equally good).,"It all comes down to this. The humans and hobbits now have their final battles to fight with the forces of evil. I can't actually say anything about ""The Lord of the Rings: The Return of the King"" that does it justice, except to say that it is a great movie in the true sense of the word. Everything that we've awaited in life is summed up in this piece of cinematic history. Every one of the cast members does a masterful job. Therefore, it makes sense that this movie was nominated for 11 Oscars including Best Picture, and won EVERY SINGLE ONE OF THEM. ""LOTR: TROTK"" is THE movie that you have to see to believe. It is everything that we like about movies.",lee_eisenberg,2005-10-21
Most of low ratings are by purpose!,"How can you give one of the greatest movies in cinema history a 1 or 2 rating? Yes if you are a GOT fan or marvel fan you can do that! By purpose only for bringing your sily movies upper on the list.
Any real cinema fan knows that we will not see a masterpiece like this for years.

I read one of reviews somebody said that actors and crew took movie too seriously and this is a weak point 😂",xcrisneo,2020-02-10
history.,"This is one of my favourites,a classic.Full of action and entertainment to keep you interested every time its on.films like this are hard to come by,the detail and the precision that go into films like this is second to none.these sort of exceptional films will go down in history.",NicholasThomo,2019-07-11
The epic conclusion to one of the greatest film trilogies of all time,"The Return of the King is an impressive film because it wraps up the Lord of the Rings trilogy in a way that is satisfying for both fans of the books and those who have only seen the movies. This finale is a rollercoaster of emotions, with impressive sets, elaborate costumes, and eye-popping visual effects. The Lord of the Rings was already a great novel, but it has now become one of the greatest film trilogies ever made.",cricketbat,2020-02-04
"The hype kills it. The best of the series, but not a great movie, and not in the league with the likes of ""The Godfather"" -- how cliched a statement is that? It's true.","Before I review this good movie, I have to get something that's been bothering me off my chest.

I went with eight people to see ""The Lord of the Rings: The Return of the King."" All eight of them found it ""good"" at best. We all thought it was too long, with too many passages of dialogue explaining what was going to happen (""I ride to Minis Tirith at dawn to face the enemies of Middle-Earth!"" -- just do it already!), too many scenes that most definitely could have been cut or edited, and we all found that the ending of the film stretched on too long and we didn't need to see Frodo and Sam fondly gazing at each other ninety times before we got the idea that they have an affection for each other. (Brotherly love or...something else?)

The thing is, all the ""Lord of the Rings"" movies are good. But none of them are great. Filmed by Peter Jackson with an epic feeling that betrays J.R.R. Tolkien's light-hearted tale, the films try to take a somewhat light idea and turn them into epics -- a problem, since the entire world is fantasy, and it is hard to take anything in the film dreadfully serious. (I thought it was just I, but some other critics have noted the same problem.)

This is the best ""Lord of the Rings"" movie. Even though it sounds as if I am complaining about them, I am not. I'm complaining about the way movie geeks flock to the cinemas and spread word that it's the ""best film of all time,"" then post these comments on the Internet and try to boost the film's rating on IMDb. (Some fans have been caught in the act of making multiple usernames to do so.)

I find it almost laughable that anyone could argue that the ""Lord of the Rings"" trilogy is the best of all time, or that it is the better than ""The Godfather"" (because that film stands as the number one film on the Internet Movie Database, there are heated debates from ""Rings"" fans claiming that ""The Godfather"" is trash and their favorite film is not).

It's all opinion, of course, but I sometimes wonder whether the fans of ""The Lord of the Rings,"" those who claim they are superior to ""The Godfather,"" have even seen that film. I also wonder whether the strict fans that claim it is the best film ever made have actually seen enough films to qualify for that assumption -- if it is their favorite film, fine, but to say it is THE best film of all time is entirely their opinion, although they seem to take it as a fact.  Have they seen the films of Fellini? Kurosawa? Scorsese? Coppola? ""Citizen Kane""? ""Casablanca""? ""Taxi Driver""? ""Sweet Smell of Success""? ""To Kill a Mockingbird""? ""One Flew Over the Cuckoo's Nest""? ""Chinatown""? ""Apocalypse Now""? ""2001: A Space Odyssey""? The list goes on!

Their definitions of classics range from the time of ""Star Wars"" to present cinema. It may sound like an old argument but it's true -- greater films are harder to find nowadays, and just because ""The Lord of the Rings"" seems like an achievement of some sort, it does not make it the best film of all time. I can name many better films. But, then again, it's my opinion, I suppose.

Now that I'm done with my rant, there's nothing left to say. Frodo and Sam (Elijah Wood and Sean Astin) venture closer to Mordor to destroy The One Ring, while Gollum (Andy Serkis) plots to murder them both and take the Ring of Power for himself. (We get to see Gollum's background in the film, too, which is something that will satisfy Tolkien's fans that have read the stories.)

Meanwhile, Aragorn (Viggo Mortensen) returns to the throne of a kingdom (hence the title of the film) to claim his position as heir of Isildur, but first gathers together Legolas and Gimli (Orlando Bloom and John Rhys-Davies) to help battle the Orcs venturing closer to their castle, along with Gandalf the White (Ian McKellen), who opens a can of whoop [butt] in this movie.

This is the darkest film of the trilogy. You may have thought ""The Two Towers"" was dark, but ""The Return of the King"" is almost evil -- Frodo gives audiences the creeps a few times. When he says, ""The Ring is mine,"" and grins at Sam with the Elijah Wood grin, a shiver goes down your spine.

The film picks up pace starting with the giant arachnid battle, about halfway through the film, and continues down the path of mild greatness until the last twenty minutes, which never seem to end. It is as if Jackson was afraid to close his film for a final time and kept dragging the scenes out -- I don't need to see Frodo and Sam admiring each other more than twice!

As the credits rolled, the audience poured out of the theater. ""Wasn't that good?"" I heard someone say. ""No,"" was the reply. ""The Return of the King"" is a very good film, and certainly the best of the trilogy, but don't be fooled by the hype -- this is not one of the best films of all time. It's a case of the Emperor's New Clothes -- some day, someone's going to realize that what they're going on about isn't really there at all. And finally all the film fans will be able to say, ""Y'know, I never really loved the movie all that much anyway."" But for now, I guess we'll all have to put up with more unearned hype. 

I liked this movie. I liked it a lot at certain points. But I would never, ever call it great. That's just me, I guess.

4.5/5 stars.

John Ulmer",MovieAddict2016,2004-01-04
Almost Perfect,"I can't say anything that hasn't already been said. This movie--this trilogy really--is in no need of my praise, so I'll say that there were just a couple of moments of exasperation for me (which I guess will happen over a three plus hour movie). Among the points of exasperation was a point when I wanted to slap Frodo. I'm sure that part needs no mention.",view_and_review,2021-03-02
There is nothing that isn't perfect about this movie except you never want it to end.,"The Lord of the Rings: The Return of the King (2003) Extended Edition is a movie in my DVD collection that my daughter and I recently watched together on HBOMAX. The storyline follows our heroes marching to their doom in hopes of saving Middle Earth. Sam and Frodo continue slithering through the mountains in hopes of destroying the ring with Gollum. Meanwhile, Aragon and friends prepare to stand off against Sauron's army in hopes of distracting them long enough for Frodo to slip by then and destroy the ring. Likelihood for success is low but hope is high...

This movie is directed by Peter Jackson (Bad Taste) and stars Elijah Wood (The Faculty), Viggo Mortensen (Hidalgo), Ian McKellen (Gods and Monsters), Orlando Bloom (Pirates of the Caribbean), Sean Astin (The Goonies), Cate Blanchett (The Aviator) and Liv Tyler (Armageddon).

There is nothing that isn't perfect about this movie except you never want it to end. The settings are so beautiful and well filmed. The cast is perfectly selected and demonstrate both their desperation and their will to push forward. The inner struggles within every character is perfectly depicted. The attire, props and use of CGI to create both magic and monsters was awesome. The battle scenes are epic and the ending is absolutely amazing and closes the trilogy perfectly.

Overall this is the greatest fantasy series ever created that is an absolute must see. I would score this a strong 10/10 and consider it an absolute must see.",kevin_robbins,2022-08-07
Phenomenal,"The Lord of the Rings is one of the most iconic, memorable movies in history, and it deserves a FAR BETTER overall rating than an 8.9.",cgbarr-73033,2019-09-13
Peter Jackson did Tolkien justice,"By the light of Amazon's recent massacre of the lore and franchise, I realized how great the original trilogy by Peter Jackson is. Jackson has respected the Tolkien and his writings and refused add any view from any side.",cagancelik,2022-02-12
The Road Goes Ever On,"Well, in the LOTR book, the noble elves never had those pinpointed ears, and the death of Saruman was not like a deleted scene in the DVD version, and then there was not the feat of Legolas of killing an elephant so easily, and then Sam never held Frodo hanging on a cliff… There are many points of bitter criticism of the film, and many are true. But do they ever undermine the sheer pleasure of watching and watching again this feast of the film? No, they will never do. The siege of Minas Tirith is great and tragically realistic every new time. The final battle near Mordor is epic regardless how many times you saw that. The brilliant array of talents of Weaving, Mortensen, Wood, Tyler, Serkis, Urban, Wenham, Astin or any other is never vapid or losing taste. The film has stood the test of time, and any time you see the Sauron fall, you feel elation, pride, joy and great triumph. The Good has won again, and even with so many tragic deaths and losses and ruins, it will reign for ever and ever. The final scene of the film, with the parting of Bilbo and Frodo together with the great elves and Gandalf will always make us cry and the final song will make us breathe deep and swallow tears, for this is a noble sorrow and noble sorrow this film has to awake in us. Many films may be made on the eternal novel of Mr. Tolkien, but this epic will stand in our memory eternally. The road goes ever on.",denis888,2007-09-07
Looses Nothing,"The 3rd and final film of the LotR series. This one looses nothing it only continues the story. Picks up right where ""Two Towers"" leaves off. Grittier story, more foe & dirtier grittier battles - the worst is yet to come... The Witch King of Angmar, Lord of the Nazgul.

This film has an air of horror to it... more frightening than the first two films. In the end, you whistle is wet for more.

A wicked film well worth watching. High fantasy fans as well as those who love a lot of action and adventure will enjoy watching this one for the first time or again and again.

10/10",Tera-Jones,2016-03-04
The most wonderful work of the seventh art,"Trying to describe this masterpiece is overwhelming. No word would do justice to what it really is! Perfectly narrated, interpreted and expressed.

The best movie ever seen!!",johndragnic,2021-03-23
"What a Way to end, Truly amazing and one of the best films ever made","Truly a masterpiece. This film was more than worthy of its 11 Oscars. The fellowship was stunning, the two towers was inspiring but the return of the king was truly the greatest film i have ever seen. The thing that is most amazing about the return of the king is that it fills the jigsaw of its predeceors and does it with such epic granduer emotion, and inspiration that i know very few people who were not amazed by it. I myself have read the Lord of the Rings by Tolkien and in light of this can say that this film has to be one of the adaptations in recent times. Peter Jackson, I feel simply could not have done a better job in using the beautiful new zealand landscape to portray Tolkien's vision.

Without a doubt the speech, roars and sheer numbers of the rohirrim at the pellennor charge in the sunset is truly the greatest sequence of film i have ever seen. People say the ending is too long, I say it was perfect as it gave a heart felt and fitting deneaumont, and ended a truly remarkable trilogy that will not be soon forgotten.",Angel-Shadow,2005-09-21
Take this chance while you can.,"The Lord of the Rings novel is one of the best English novels of all time, certainly in the top five.  The Lord of the Rings trilogy by New Line Cinema will long have similar standings in the realm of movies.

When I was younger, every once in awhile I would sit down on the couch and watch the Star Wars trilogy.  Six-and-one-half hours later I would be done and think, `Wow!' Now, after having attended the marathon showing of all three movies of LOTR, I didn't finish the night by thinking, `Wow!'  I finished it so overwhelmed I didn't know what to think.  It wasn't until the next morning that I could comprehend what I had just experienced the day before. history being made.

Each of these movies is acclaimed for nearly every element of their being. People who were never fantasy fans found themselves in a new world.  Those of us who have long been fans still found ourselves in a new world.  I have read many of the comments others have made, and I would like to address one issue in particular.

No movie will ever be exactly like the book it is based on (nor should it). That's why movies often begin with `Based on the novel.' or `Inspired by.' Screenwriters must take certain liberties in adapting a novel for the screen.  Very often parts must be rewritten or entirely left out.  Peter Jackson's LOTR is his vision of the novels.  And it is a glorious vision.

I am a fan of the books and of the movies.  They are two different entities. The Return of the King is my second favorite.  I love the Fellowship most and the Two Towers least.  If I gave these movies grades they would be 98 for Fellowship, 97 for Return of the King, and 95 for Two Towers.  They aren't perfect, but my idea of perfection is not Peter Jackson's or anyone else's.

There is something in this movie for almost everyone; love, friendship, huge conflicts, anger, despair, fear, and hope.  If you never see this movie while it is the theatre you are missing out on an experience of a lifetime. I have pledged to myself to see it at least once a week while it is in the theatres here.  If the first two movies were still out I would see them as well.  In all likelihood we will never have this chance again. take it while you can.",jrg-9,2004-01-16
"Entertaining, but not as half as good as the book","First of all: I liked this movie, and i could watch it an awful lot of times. But that is mostly due to the great special effects .

The point i rated this movie a 7 is because of the stupid story mistakes Peter putted in his movie. Especially the ghost army is a huge, huge mistake. Everybody who readed the book knows the ghost army does not take part in the huge fight, but only conquers the pirate's fleet, so Aragorn and his men can sail to the battle. The orcs think they get some backup when they see the black sails, but then are overrun by Aragorn, not the ghosts.

Like the thing above there are more things which i do not like. Like the snowboarding Legolas in the battle for Helm's Deep (not this movie, but still). Legolas is indeed quite handy on his feet, but snowboarding on a shield? 

These are just the things which made me personally think Peter could have come up with a much better movie of one of the best story's ever written.",rvs_dmr,2004-09-23
