title,review_text,username,date
Simply amazing!,"I heard mixed reviews on WALL-E, there were those who said it was magical, and those who said it was one of the most overrated movies ever. I will say I loved this movie, it is a truly beautiful movie. It could have done with being a tad longer perhaps, but essentially this is more than a movie with A List vocal talents, WALL-E has genuine heart and will definitely enchant children and any Pixar fan. All I will say is that I am sorry it took me such a long time to see it, I will admit I was differing whether I should see it or not. But I am glad I did. The animation is simply incredible, the whole film is wonderful to look at. The whole movie is done in a very sophisticated visual style, and the bright colours and sublime backgrounds were a delight to the eyes. The music is stunning, the orchestral themes are gorgeous but the song from Hello Dolly! was great and fitted in with the story well. Speaking of the story, it may seem thin to some, but it is a very simple heart warming one all the same with depth and poignancy. There are some very imaginative moments, such as the zero-gravity dance and the ride through space. The voice cast that includes Fred Willard, Sigourney Weaver and Pixar regular John Ratzenburger did an exceptional job, and all the characters were endearing. What made the movie was WALL-E himself, he has to be one of the most lovable and in-depth Pixar characters ever, and the writers create a very haunting atmosphere in the early scenes to match our little hero's isolation. All in all, brilliant, quite possibly one of the best films of 2008. 9.5/10 Bethany Cox",TheLittleSongbird,2009-12-01
The People At PIXAR are geniuses....,"Just got back from a special sneak peek/advance screening of this movie, and I must say, Pixar continues to amaze. They just can't seem to make a bad move. Heck, they can't even make a mediocre movie. Now, I will admit, there have been a couple that I would classify as my ""least favorite"" of theirs, but even they were actually very, very good. This one, though...it just may take the cake. Ranks up there with the absolute best they have produced. Hysterical, emotional, meaningful -- this movie succeeds on every front! I am not going to get into spoilers or specific plot aspects, but I will say that I am almost definitely going to see this one again in the theater..and it will be worth every dime. Come Friday, be in line to see Wall-E. You don't want to miss it!",likeminded,2008-06-23
A timeless masterpiece,"Personal Rating: 10/10 (Outstanding)

I still remember just how impactful this movie was on me when I saw it as a child. The visuals, storytelling, how it made you think. And 12 years later it still stands as one of the best movies Pixar has ever made, and truly a hallmark of animated films.

The start of this movie. I could watch on an indefinite loop. The emotions you feel, the bond that grows between you and a robot in the introductory minutes, is storytelling at it's finest. No words have to be spoken and yet this movie world builds better than most 2-hour-long fantasy movies where the characters don't shut up.

The visuals. The visuals in this movie are stunning, the way they direct the eye, immerse you in the world, make you laugh and make you cry, a huge credit to the artists who worked on this film. And also interestingly enough, to Roger Deakins, who contributed to the first 20 minutes of the film and to the animating team, as he consulted on how to light scenes, he's quoted saying ""the natural world that we live in just isn't as well-lit as your typical animated world."" So by darkening scenes, adding shadow and cutting the number of lights used, they added a huge layer of realism to WALL-E.

The story, how you learn and feel about the characters (who the majority of are robots), the music, it's all superbly done. I can't think of anything I would change. But all this alone isn't what earns it the 10/10 rating, it's the themes, the tones, the way this ""for children"" movie makes you think, that earns my full respect.

For the most part, humans choose what's convenient, sacrificing privacy, health, well being, relationships and the like for that. WALL-E showed that exact point like never before. It takes effort to overcome the norm, to work towards a goal, even when it's not rainbows and peaches when one is determined they can do amazing things. Which is why the ending of this movie isn't bleak, it's inspiring. (spoilers) Humans come back to earth because of one lonesome plant. But it's enough to give them hope, and determination, to work on transforming the planet. And that was just one of the themes explored beautifully. I already know I'll be watching this movie again, and again.

Thanks for reading my review.

""I didn't know we had a pool!""",Sethtro,2020-10-11
"Who says popular films can't be art? ""WALL·E"" is magical","Who says popular films are not and cannot be art? If anything is proof that popular films can be of a stunningly high quality, the beauty of the animation, writing, music, and sound design in ""WALL·E"" is it. ""WALL·E"" eclipses even Andrew Stanton's ""Toy Story"" and ""Toy Story 2"" in the Pixar pantheon, is perhaps Pixar's best film to date and, call me crazy as I've just seen it, a contender for the title of best animated film, period.

""WALL·E"" is everything we've come to expect from Pixar and more- colorful, vibrant, imaginative, exciting, involving, beautiful, and most importantly a film with interesting, involving characters. Sure, WALL·E is adorable, and as much credit as the animators get for that, this film would be nothing without Stanton's screenplay, which features very little dialogue but is still notably intelligent and surprisingly subtle, making a refreshing change from the 'go green' campaigns we're all so used to. Does ""WALL·E"" have a message? Sure, but it's an important message and it is delivered subtly and beautifully.

""WALL·E"" operates on two levels (and works spectacularly well on both). It is a majestic science fiction epic like we haven't seen in a couple of decades and it is a genuinely touching and never cheap romance. ""WALL·E"" will never get points for originality but it doesn't exactly need them because the homages to great films and figures of the past- Chaplin, Keaton, Tati, the Marx Brothers, ""2001: A Space Odyssey"" (this one is particularly spectacular), ""Close Encounters of the Third Kind"" are actually homages and not ripoffs. ""WALL·E"" is a wonderful tribute to a bygone cinematic tradition (well, two or three of them actually). 

The social commentary in ""WALL·E"" is sobering because it's never overbearing and most importantly because we see the world through machines, machines who feel more about Earth and life than the humans do. The depiction of humans on the ship could have been incredibly offensive, cheap, and tasteless in concept but the execution here is absolutely perfect.

What is most surprising about ""WALL·E"" is how sad it is. Not even in the 'how will they get out of this, oh I feel so sorry for them' way ""Finding Nemo"", a previous Stanton effort, is, but in a truly melancholy sense. The early portion of the film maintains all the playfulness of a Jacques Tati film but also evokes a striking and powerful feeling of loneliness. It's a brilliant introduction to WALL·E, given that the rest of the film is too wacky to bother with long scenes focused entirely on character, and works beautifully with the ugly yet beautifully-rendered future Earth, a barren wasteland filled with nothing but garbage, a seriously resilient cockroach being WALL·E's only companion before EVE shows up, but I won't go into the story- it's best you see it unfold for yourself.

From the entertaining shorts shown before the film to the memorable characters, locations, and animation we have come to expect, Pixar films are now event cinema, and they have outdone themselves with ""WALL·E"". This film is spectacular, majestic, touching, involving, and achingly beautiful. Most importantly, however, it is perfect entertainment. I may be saying this too soon, but I don't think I have ever seen an animated film that has satisfied me more than ""WALL·E"", and 2008 is going to have to work hard to keep this from being the top film of the year, which it most certainly is at the moment.

9.5/10",ametaphysicalshark,2008-06-27
Best movie of the century,"To this day, this is still my favorite pixar film. The animation is stellar, its heartwarming, funny and proves that pixar movies are always bound to be great (except for cars 2 but thats a different story). This has a shot at the title ""best movie of the century""",0U,2020-02-15
Pixar does it again!,"I just returned from an advanced benefit screening of WALL*E, and I want to be careful not to spill too much regarding the movie. I had the added privilege of watching the film at Pixar, which in and of itself, was amazing.

This picture is not a cartoon; it is a film. In fact, it even has the LOOK of film. One of my complaints of more recent 3-D/CG animated films (not from Pixar) is that they all seem to look the same... clean lines, crisp colors, and very ""virtual"", for lack of a better term. WALL*E transcends the typical look of CG animation, and has a true to life ""grit."" The creators at Pixar are true artists, and are indeed masters of their craft. Not only are they masters of the technology, they are masters of telling a story. WALL*E is no exception.

The best way to describe the film is as a science fiction, comedy, dramatic love story. WALL*E, as a character, has dimension, personality, and heart... pretty impressive given that he is essentially a trash compactor. It is true that there is little dialogue in this feature, but I personally did not feel it detracted from the story at all.

WALL*E is very much a different Pixar film from it's previous features. I will be curious to see how it is received by others, but in my opinion, I think Pixar has stayed true to itself, demonstrating a commitment to telling great stories and pushing the edge of technology to leave your jaw dropping! My most sincere compliments to Andrew Stanton, Jim Morris, John Lasseter, Ben Burtt, and all the creative forces at Pixar. Can't wait to see what the future brings...",DrWetter,2008-06-08
Pixar's still producing the best movies out there,"We went to the San Francisco Film Institute's first public screening at their campus in Emeryville. Everyone's sworn to secrecy, but for a film with little dialog, it carries more of an emotional punch and has a richer story than any live-action movie this year. The tone and style of the film is completely different for Pixar, and Disney haven't tried to override the darker thematic elements at all, making the story surprisingly three-dimensional.

This will end up being the animated film of the year and I had the same 'wow' feeling as after seeing Ratatouille. Considering that animated films have always played second-fiddle to live-action, and have been aimed at kids, it's ironic that once again Pixar produces a film that rivals any live action on every level. Bravo!",CA_movie_fan,2008-06-07
"Worth watching, especially for the short!!","I just came back from seeing WALL-E with my 9-year-old son. I walked out of that theatre feeling as though I'd been hit over the head with an anvil. The message is about as subtle as a kick in the crotch, but it needs to be said and I'm just a little tired of some of the diatribes I've read that are masquerading as ""reviews"". People--it's a movie, and meant to be entertaining. If you personally are not entertained, that does not make it a bad movie, just not one that is right for you. And if the message strikes a little close to home and makes you uncomfortable, then maybe it's time to get off your backside and do something constructive about it, hmmmm? I go to the theater about three times a year at most--I end up renting most films from the shop because I don't like being pummeled with the noise that seems necessary on the big screen because people will not stop yakking away at the theatre. I really enjoyed the experience of watching WALL-E, and found myself laughing out loud repeatedly--and I enjoyed it far more than I did either the over-hyped DARK KNIGHT or INDIANA JONES AND THE LATEST PILE OF MONEY, both of which gave me sick headaches by the time I left the theatre.

My summary says it all. I just about peed my pants while watching PRESTO, the short. As always, PIXAR is at its best when it's working with cartoon shorts. I haven't laughed so hard since the first time I saw FOR THE BIRDS, the short attached to MONSTERS INC.. It's a great homage to the style of Warner Brothers (you'll understand when you see it; the feel of it is pure Bugs Bunny) and if the only way I'll be able to own it one day is to buy the disc for WALL-E, I consider that a bargain.

Oh, and for the record, my son, diagnosed ADHD (and currently not medicated), adored the movie, even the long stretch at the beginning when people's biggest complaint seems to be that ""nothing happens"". He was riveted to the screen the whole time. I'm not jumping on the bandwagon and claiming that this movie is some kind of cinematic masterpiece, but I felt that it was definitely worth the price of admission--and that's saying a great deal these days. Go to enjoy the quality of the animation, to be reminded of HELLO, DOLLY! (I'd forgotten about that movie--I really must rent it soon!), and, yes, to take away a message that perhaps it's time to be just a little more aware of what we're doing to our environment and where this might lead us. Rather than make excuses and attacking the message behind the movie, it might behoove us more to stop and ponder, if only for a moment, where we will be going.",keenan-1,2008-08-11
An A+ for Wall-E! One of the best movies this century!,"Wall-E is the movie experience I've been looking for. I haven't seen a new film this richly entertaining, thrilling, touching and satisfying since Spider-Man 2. It is truly the finest Pixar or animated CGI film to date. I can discuss it without spoilers easily because it's one of those films, like 2001: A Space Odyssey, that exists more as a pure experience of the heart and the senses than as a collection of events that we're supposed to keep track of intellectually. Wall-E rises above that kind of unnecessary complication into the same kind of space occupied by dreams and the imagination.

This film is beautifully animated, of course, to that magical Pixar point where even piles of what should be disgusting trash somehow look breathtakingly gorgeous and even fairly realistic-looking roaches look cute. But much more importantly, the heart, the emotion in this movie is unlike anything I've experienced at the cinema since Forrest Gump. Certainly my tear ducts have not welled up while watching a movie this much since then. I fell in like with the character of Wall-E when I saw the trailer. Watching the movie, I fell in love with him within about 2 minutes. Shortly after that, I fell in love with the idea of Wall-E falling in love.

My previous favorite movie romance is Superman and Lois Lane in the original Superman films. The love story, or the love experience of Wall-E and Eve is perhaps the first I've seen since then that operates at and succeeds on that same level. These couples create an uncomplicated, innocent, simple, yet deep and powerful bond. They capture the experience of love at first sight, writ large. They possess an instant chemistry that tells you they belong together from the first time they see one another and makes you root for their relationship throughout the film. Wall-E and Eve share moments together of real cinematic beauty, true hilarity, frightening sadness, frustrating difficulty and delightful satisfaction. It's a testament to the level of genius at which the Pixar storytellers are operating that we feel every beat of this relationship resonate every step of the way despite the fact that the characters are robots that are not modeled off of humans and speak no more than a handful of words throughout the movie (this animated movie is refreshingly free of obvious ""guest star"" voices or any over-the-top stand-up comedians trying to upstage the movie).

Just like in the first Superman films, once you care about the characters as individuals and care about their relationship, it's almost impossible for the rest of the movie not to work. You're hooked at hello. Wall-E adds all the expected complications to keep the would-be lovers from getting together most of the time. There is a truly great ""McGuffin"" that keeps the heroes and villains busy for quite a while (the item in question is something outwardly simple that ends up holding the key to something more important than anything in the world). The pacing during most of these adventures is as breakneck as anything out of the Star Wars films and the action is always staged with crystal clarity. There are several scenes of peril for Wall-E that are reminiscent of that oddly powerful sequence in Short Circuit 2 when Johnny 5 is almost killed. The filmmakers pull absolutely no punches when it comes to running your heart through the ringer over characters you care about. It probably helps that you can do a lot more physical damage to a robot character than you can to a human character while keeping a G rating and still getting the audience dramatically worried about their survival.

Even on top of the action, the emotion, the visuals and the humor, Wall-E goes the extra mile into thought-provoking thematic territory. The film never hits you over the head with anything preachy and doesn't really even outright tell you what its opinions on the subjects it raises are. It also doesn't explicitly lay out explanations for everything that exists in Wall-E's world (there are no ""talking killer"" scenes and very little verbal exposition). I think the bits of ambiguity work here because they add to the sense of mystery, helplessness and alienation that most of the characters in the movie feel to some degree.

There are human characters in this movie too, quite a few. I think that's necessary because if humans aren't shown in a robot world, you have to wonder what purpose were the robots designed to serve? That was a curiosity of the earlier CGI movie, Robots. Most of the humans in Wall-E aren't as developed as the robots, but I think that's because they exist more to represent the whole of humanity rather than particular individuals. We're asked to ponder the consequences of the choices they make as though the whole society was moving in that direction, not just one person. Wall-E and Eve are the heart of this movie but the humans are used to add some intellectual gravity for the audience to chew on.

Other choices made in the movie might also leave room for debate, such as the integration of some live-action footage into the film. But because the movie as a whole is so audaciously stimulating and brilliantly satisfying, it's a plus that they left us with a few unresolved or unusual things to think about and question after getting off of the great emotional and visual roller-coaster experience. Wall-E truly serves up everything that I think an audience could want in a movie experience. It will be very easy for me to watch this one over and over again. It is a modern-day classic that I believe should earn a place in cinema history as the ""2001"" of CGI animated films, both of them movies of indisputable brilliance, unyielding imagination and unending entertainment.

Footnote: The pre-movie short is an awesome, violent Looney Tunes/Roger Rabbit-esquire toon. It wants only to entertain and does.",jedi-jones,2008-06-29
Creative Vision with Predictable Plot = Not Entirely Satisfying,"The stunning virtual world of Wall.E shows Pixar at the top of their creative graphic powers. Going over the beautiful CGI in my head, I'm still in awe of how the designers portrayed Wall.E's integrated world and their attention to detail will serve as a benchmark for years. That said, I'm less impressed by the simple and very predictable plot. Pixar/Disney married state-of-the-art visuals with a worn plot line from an early childhood fairy tale. I'm guessing the target audience for this movie is somewhere around 6th graders. Great summer family fare but not a great movie if you want something more substantial in terms of plot and character development.",ilikeimdb,2008-07-03
overrated,"This is a decent movie, a fun watch for the whole family but it is vastly overrated. I have not seen anything so original about it, it is full of clichés and it is very predictable. It is not fun as other Pixar movies, it is supposed to be ""deep"" instead, but I just don't buy it. The love of Wall-e for the female robot feels unnatural and unreal. The producers' effort to depict a ""cute speechless love"" was largely successful for most of the people, but I find it pretentious. Well, that is me, though. There is a good chance you will like this movie a lot.

Still, this is the best animated movie ever? According to IMDb Top 250 it is. No, freaking way! It might barely make Top 20.",utkusu,2009-08-26
A Most Endearing Love Story In Space...And Back,"Over the years I've become quite a sucker for Pixar movies and just love each and every one of them. While there are the states of the art animation and sound effects, the stories have heart. The characters are adorable yet real. It reminds one of those charming movies Disney used to make but Pixar films are very much a unique cinematic experience. 

'WALL-E' is quite unusual compared to the previous Pixar movies. There's hardly any dialogue between the two protagonists other than saying each other's name. In fact, barely a word is spoken in the entire first half hour but WALL-E and Eve's silent and playful love story is such a joy to watch. Even though of few words, both characters have strong personalities and the character development is wonderfully done. 

The animation is colourful and vivid. Sound effect is amazing. The robot characters are cute and charming. The score deserve special mention as it's mesmerizing and beautiful. Andrew Stanton has done a terrific job as director and co-writer. The portrayal of WALL-E's loneliness and need for love is very well done and then the change that is brought within after the entrance of Eve and his eventual determination to rescue her is effectively shown. There are many genuinely funny and creative moments and it manages to stay away from being 'just plain silly'. The story is rich with humour, action, drama and adventure. 

Ben Burtt and Elissa Knight do a fabulous job with the voice acting for WALL-E and Eve. John Ratzenberger, Kathy Najimy and Sigourney Weaver lend great support. While 'WALL-E' tells a magnificent love story it reminds us that Earth is our home and nothing can replace it. It's a joyous magical experience and another sure winner from Pixar.",Chrysanthepop,2008-11-02
"Not only great, but a new plateau in animation","I can't say enough about how good this movie, that you probably haven't read, so I'm going to keep this short.

This is the best thing out there in theater's right now, and might just be the best animated film of all time, whether you believe that or not, is your own opinion, but what Pixar has done here, can put companies like Dreamworks, Sony, and Blue sky to shame.

Wall E also may go down as the most lovable character ever to grace the movie screen, I praise Ben Burtt and Andrew Stanton, and the people at Pixar for what they did, and will continue to do.

This is why Pixar is the top studio in the world.

10/10",buiredintime,2008-06-27
"WALL-E is one of the most cutest, lovable characters Pixar ever invented!!","Not only it's Pixar's best film of all-time but it's the best movie of this year and one of the greatest imaginative, visually, moving & excellent animated films in years and surprisingly, one of the best sci-fi movies since E.T.!! Coming with high expectations, it definitely succeeded mines. It's so beautiful, moving, hilarious & sad at the same time. And for those who has been anticipating Thomas Newman's score for WALL-E, it's certainly one of his best right behind Finding Nemo in which I thought was his best score to date! Like I said it's Pixar best film so far, WALL-E knocked off Ratatouille of the top spot in which I thought it was their best film to date and officially, WALL-E is the best Pixar film i've ever seen with Ratatouille right behind and Finding Nemo, third. Pixar fan or non-Pixar fan, you'll definitely enjoy this one. WALL-E will forever be remembered as one of the most lovable characters ever created on film!!!",michael11391,2008-06-26
Heart-warming and wholesome,"Pixar's ""Wall-E"" follows the lonely robot Wall-E, destined to roam the Earth for eternity, cleaning up the mess humans left behind. Everything changes when he meets a new friend and embarks on an adventure to save mankind.

Wall-E is a wholesome animated story filled with comedy and themes of loneliness, friendship, and love. It has great potential to both create a lovable, funny, entertaining, feel-good movie for the younger audience and a deeper, interesting, and analyzable movie with a deeper meaning for the older audience. I think Wall-E capitalizes on this potential to a certain extent, but not fully. After about 30-40 minutes I believe the movie loses track of the latter and fully transforms into the animated children's movie that it is advertised to be. Fair enough, maybe that is all it wants to be, but with losing track of that it also loses out on its remaining potential and loses out on a chance to achieve real greatness.

In short, despite its flaws, Wall-E is a good film filled with funny moments. It is a very wholesome experience that I would recommend.",melwinbauer,2021-12-16
I must have been tired,"Watched Wall-E this weekend with my five year old son, an avid movie watcher. With all the hype it is hard not to go into this movie with high expectations. Yet after the first half hour of the film I did feel this was not living up to these high hopes. For me, I love the work of Brad Bird, I think it's physical and very human and clicks along at a fair pace, and although they don't make you think deeper about your life, you still have a great time watching them. As with all Pixar movies the visual work is excellent and earthy tones used on Earth are beautiful. The problem really is with the pacing and the pretty obvious plot of the story. Even my son half way through asked how long to go, and this seemed to be the general state of many of the children in the audience. I don't want to add spoilers because you're figure it out pretty quickly anyway. For me this is a date movie or even a 'chick flick' so beware parents it may be a bumpy ride. But I could have been tired!",darren_wall_2001,2008-07-21
WALL-E: A Wonderful Achievement,"When it comes to animated films, Pixar are masters of the craft. Ever since their feature film debut, the magnificent 'Toy Story', the animation studio have brought us such instant classics as 'Monsters Inc.', 'The Incredibles' and 'Finding Nemo', a film which remains as one of the biggest selling DVDs of all time. Surely it's about time that they delivered us a bad film? Well, sorry to disappoint, but Pixar's 'WALL-E' is among not only their greatest work, but among the greatest animations ever produced.

The film opens with some astonishing shots of a desolate, rubbish-laden, polluted Earth; a boldly dark opening for a family oriented feature. It is amidst these dystopian surroundings, however, that our hero - arguably more adorable than a basket full of puppies and kittens - is first introduced to us. WALL-E is a character of genius; combining elements of Johnny 5, Charlie Chaplin and Mr. Bean, Andrew Stanton (Director) and crew have created something that will no doubt go down in history with R2-D2 as one as the screen's most memorable machines.

It is the 22nd Century, and mankind have left Earth in giant Space Cruisers waiting for the surface of their planet to finally become habitable again. 700 years have past, and WALL-E (Waste Allocation Load Lifter Earth-Class), is the last of a group of robots left to clean up the planet. In a disturbing sequence, our hero ventures home through trash heaps laden with 'dead' WALL-E's... another sign that this is not the usually Pixar fare, but something more meaningful, more bold, more... adult in theme. And this is what the first act of the film is. WALL-E, accompanied by his pet cockroach (who, as a testament to Pixar's genius, we grow to care for just as much as the metal man himself), goes about his daily routine. It is in this mostly silent section of the film that we grow to love WALL-E. As he rumages through human garbage, finding interest in things that seem mundane to us, we discover that after all these years, this little robot has developed something that makes him seem more to us than an animated clunk of cogs and rust... a personality. His incredibly curious nature make for some of the most adorable moments depicted in film (including moments such as WALL-E meets car keys and WALL-E meets... bra). We delve further into this intriguing personality when we invited into the little guy's 'house', a storage space for all his collected junk. Whilst WALL-E watches a VCR of the musical 'Hello, Dolly!"", we see from his large, emotional eyes and clasping hands that he is, heartbreakingly, all alone on this immense world.

Then, the following day, as WALL-E goes about his trash-cube-making business, something extraordinary, both to us and WALL-E, occurs. A space ship touches down on the surface, holding within it EVE, a futuristic, Ipod-resembling droid here to scout the earth for plant-life... and WALL-E's one true love (aww).

This love story eventually leaps from Earth into space and onto The Axiom, an immense Space Ship on which a large number of the American population - depicted as lazy, obese, consumerist slobs - go about the same mundane routine day in, day out. Message heavy, but never preachy. In the end, through WALL-E, everyone learns the true meanings of life: Love and the relationships with those around us. Oh, and to take care of the planet, of course.

Beautiful visuals, astonishing characterisation and a sequence with WALL-E and EVE floating through space that is more romantic than anything your likely to see this year, make 'WALL-E' an outstanding achievement that proudly stands among Pixar's finest work. WALL-E is a completely realised character, and one which I am sure we have not seen the last of. Although, some would argue, not as accessible as other films in the genre (some children may grow resteless during the film's earlier, dialogue-free sequences), 'WALL-E' will leave a lasting impression on cinema goers of all ages.

And that is the genius of Pixar. The only studio ever to create films that are, truly, 'for all the family'. 

-Dan Henry, 20th July 2008",Bumblebee_Man,2008-07-20
A superb and emotional animation,"After Earth gets overwhelmed by garbage, all humans flee into space aboard the Axiom, waiting for robots to clean up the mess. Among them, Wall-E has developed a small personality, gathering objects of its interest, while doing the job it was programmed for. Meanwhile, a probe from the Axiom arrives, by the name of Eve, and starts looking for evidence of life. Together, they're about to change the fate of humanity, without even knowing the consequences of their actions.

It's a movie which tries to send a message about pollution and ultimately, its effects in the upcoming future, and it does it with style. By telling the story of the two cute robots, which is without any doubt very emotional and catchy, it draws the viewer into its world, making him care about the main characters and willing or unwillingly, about the fate of future humans who inevitably decayed into human-like vegetables. It's beautifully animated, written and presented, making it an animation with class which will stay on top for many years to come.",MihaiSorinToma,2018-10-05
The best ever animated Movie till date.,"This is called a movie. A Master piece. I really loved this, I don't know why it seems I am strongly attached to this movie. Like may be from another universe or what I don't know but I am connected to this movie. It really attract me appeal me I am still watching it after 17 years. This is best animated movie ever created till now. People who are rating it below 7 are mad, jealous. And one who are rating it under 5 need something to live. And who are putting 1 hahaha. They need a life they need to visit doctor before they are dead.",wajidali-37178,2025-09-29
Overrated,"So yeah, this is a pretty good movie. It's something that the everyone in the family can enjoy; and is well worth the 9 bucks I paid to see it.

However......

this movie probably shouldn't be in the top 250, let alone top 25. It's not even Pixar's best. Both of the two Toy Stories, AND Finding Nemo are better movies! They may not surpass WALL-E in animation, but they are better, and more original stories. Even the animation doesn't leave me in awe as it does so many others on IMDb apparently. It is repetitive, and lacks style in a way. An example would be ""scared"" WALL-E (even if you haven't seen the movie, you've seen it in previews). He just shakes! That would be OK, except he does it 3 or 4 times in the movie! Do something different! To add to that, both the story and music is basically stolen. 2001: a space odyssey, star trek, star wars; all stolen from.",smartass460,2008-07-17
"Seriously, Pixar can do no wrong","In the distant future, the Earth has been an inhabitable wasteland and humans are now living in artificial environments in space and left to clean the trash are waste disposal robots named WALL·E. Almost 700 years later - 2815 to be exact - only one WALL·E (voice created by the film's sound designer Ben Burtt) remains functional and it begins to show signs of sentience and emotions, longing for someone to share a romantic touch with.

Enter EVE (Elissa Knight), a feminine-like probing unit sent to Earth by Axiom, one of the human cargoes in space. WALL·E falls in love with Eve, and this sets for an adventure in space.

Much has been said about how the film lacks dialog for the first hour and relies solely on gestures and emotions shown by the robots. It's also grimmer than previous Pixar films and save for a cockroach, WALL·E does a Will Smith in the first few minutes of the film, interacting with no one but his environment. Sounds like a turnoff especially for the little ones but director Andrew Stanton shows enough resourcefulness to use what's on screen to produce a more emotionally resonant and believable spark (pardon the pun) between the two robots than most real-life actors could ever dream of grasping.

Serving also as some sort of a cautionary tale about human's role in preserving our environment, the film does so in a subtle and amusing manner without resorting to the mawkish approach that's prevalent in other otherwise well-meaning-ed films. As usual of Pixar, the quality of animation is superb, which is, really, just a cherry on top of the cake.

Inasmuch as I hate to sound like a fanboy who will throw superlatives on just about anything Pixar churns out, I have to say that the geniuses behind the animation studio have done it again - create a movie that's not only magnificent to look at, but with a soul as well to back it up.",Jay_Exiomo,2008-08-19
A Nutshell Review:,"In some strange twist of Fate, the local release of recent Pixar movies always had us here twiddling our thumbs wondering when it'll finally make its way to the screens, while we hear the accolades ring from the rest of the world in marvelling at the quality that Pixar continually churns out. It's likely that the distributors want to coincide the release with the local school holidays, but frankly, the money also comes from the adult crowd, as testament to this full house in one of the largest screens downtown during a late night screening with nary a noisy kid in tow.

And I may sound like a broken record, but Pixar has done it again. Quality stories with quality animation, and it kept the run time to a manageable under 100 minutes, compared to the previous offering Ratatouille, which clocked near 120 minutes (or actually felt that long). I never expected WALL·E to pack in such a strong emotional punch, not that Pixar has never animated non-living objects before (such as Cars), but there's a certain child like innocence appeal that WALL·E possesses, that makes him very charming, and very endearing to the audience.

As a Waste Allocation Load Lifter-Earth-Class, Isaac Asimov's Robot directives has him firmly and dutifully carrying out his duties of compacting Earth's rubbish, as the last of its class on Earth to clean up the mess. Humans have now polluted the world so much that they took to Space in Star Trek inspired ship designs, to live out there while WALL·Es take over to do some massive spring cleaning. Until of course, our WALL·E becomes like The Last Man, erm, Robot on Earth with a cockroach companion, acting and emoting superbly that puts Will Smith to shame.

The fantastic thing about WALL·E is that it can tell so much by so little. The first few minutes establish everything we need to know about the current world, and paints a very humanistic, soulful value to the dusty, dirty and rickety robot. He (see what I mean?) has a lot of eccentricities, and in performing his duties, develops quirks and becomes a collector (of junk) of sorts, which allows the creators to pump in plenty of sight gags and inside jokes ranging from sound effects (I swear my Apple is now a WALL·E pre-cursor) to paying homage to movies such as 2001: A Space Odessey.

In essence, WALL·E is a love story in human terms, where the boy tries hard to get the girl, only to have her spurn his advances. EVE (which stands for Extraterrestial Vegetation Evaluator) is WALL·E's object of affection, who got sent to Earth as a probe for life. And my, she's a difficult one to handle, being state of the art, as well as packing a mean self-defense mechanism that makes breaking the ice really difficult. Not to mention as well, a fiery temper to boot. Which means our guy has to really try, and try hard, to break that wall down. Poor thing really, because all he wanted to do, was to hold her hand. The Beatles would have been proud.

But of course you'll have to throw in tougher adversary and events to make it all the more worthwhile in WALL·E's pursuit of EVE, which spans lightyears and a plant that becomes the catalyst for their romance. A lot of the movie takes place on board The Axiom, the human ship where a vision of the future is presented, which metaphorically holds a mirror up to ourselves in our over reliance in technology that we're beginning to grow sideways, and not noticing the things that nature has in store for us, human to human communication, and the things that matter. It also has an soft environmental message and stance thrown in, but done so subtly that you wouldn't feel that it's being preachy and a turn off.

I hate to admit it too that the movie turned me into a big softie, especially its clichéd finale, where you know what will happen, but yet want to second guess if the filmmakers could be so heartless with an ending that I thought would really make me shed a tear. However, it's Disney after all, and when you think of merchandise opportunities, then business sense prevails.

WALL·E deserves every acclaim that it's got, and let me contribute mine too. If you have time to only watch one animated movie this year, or want to bring your kids to one, then make no mistake, WALL·E is the perfect choice, without a doubt, hands down. It makes it to my books as contender for the top 10 movies of the year. Highly recommended stuff, and the leads don't even speak much save to call out to each other!

Oh, do put your bum on the seat early too, as with all Pixar features, there's always a short that preluded it, and Presto is nothing short of hilarious, and a crowd pleaser to rouse the audience into a frenzy before the main act takes over. I guess it's high time I purchase the collection of Pixar shorts available on DVD as well.",DICK STEEL,2008-08-29
Beautiful...,"""WALL·E"" is an Animation - Sci-Fi movie in which we watch the story follows a lone robot, WALL·E, in a dystopian future where Earth has been abandoned due to pollution and waste, who spends his days cleaning up the mess left behind by humanity.

I enjoyed this movie because it had a nice and interesting plot while there was a beautiful meaning behind all that. This movie is so memorable because of its unique ability to tell a powerful story with minimal dialogue. The expressive animation was simply amazing and allowed the characters to convey so much emotion without words, creating a strong connection between them and the audience. The visuals were also stunning, with the movie's vibrant colors and detailed animation bringing the decaying Earth and distant future to life, something that was both beautiful and heartbreaking. In conclusion, I have to say that ""WALL·E"" is a beautiful, thoughtful and visually spectacular movie that everyone needs to watch.",Thanos_Alfie,2024-12-20
WALL-E (IS FOR EXPECTATON: DON´T JUST READ REVIEWS....JUST SIT DOWN AND WATCH!),"Shame on me for ignoring my own rule of thumb and slurping up so many of the gushing reviews for Wall-E. My expectation was somewhere around Pluto, but it only managed to take me to Saturn. Normally, Saturn would warrant a rave review, but not when a film falls somewhat short of that
ever-so-high bar you have set for it! Don't get me wrong. Pixar has hit a home run with Wall E. They just did not hit one out of the park, as so many others here would have you believe. Still, to be honest, WALL-E really does work on just about every imaginable level. The Pixar animation team most certainly outdid themselves, taking CGI to an impressive and breathtakingly realistic new level. Wall-E is, at times thought-provoking, ironic, laugh-out-loud funny, poignant, entertaining, and perhaps, somewhat romantic. Yes, all of this with a highly original story line and offbeat musical accompaniment. Those elements which are borrowed from other movies are at least incorporated with a Signature Spin!!!

Wall E does have its shortcomings: Just A little over the top at times in the ""Gee, aren't we just the cutest on screen Bots you've ever seen?"" Department. There are also a couple occasions where the substitution of dialogue for assorted Beepng sound effects becomes a bit tedious. Fortunately, the movie is very low key as regards the results of long term ravaging of the environment, not at all in-your-face as so often is the case with movies made in the past 10 or 15 years!.

Taken as a whole, though, Wall E just doesn't measure up to TEN stars. NINE? (maybe 9 and ½) seems to me at least, a much more realistic rating. In any case, please, simply put aside all these reviews and just sit down and watch WALL-E.....,Hopefully, leaving your expectations at the door. You'll probably have a very enjoyable and entertaining hour and a half!!!",Tony-Kiss-Castillo,2025-08-22
"The appearance of Wall E and Eva has reminded them that there is still a ""home"", though it's already in ruins, waiting for their return.","In this film, humans are put in a position to be completely ridiculed. The super-large chain enterprise BNL in the film has unified all business fields in the future. And humans have degenerated into fat people who are completely dependent on the help of computers even for basic necessities like eating, drinking, using the toilet, etc. Moreover, from childhood, they have been educated by computers to consume, consume and consume even faster. Although this world is not as gloomy as that in ""The Matrix"", it's actually not much different. Fortunately, humans haven't lost their nature; they've just ""forgotten"" it. And the appearance of Wall E and Eva has reminded them that there is still a ""home"", though it's already in ruins, waiting for their return.",MomentSeeker-,2024-12-23
Pixar fan with a mixed review,"It must be said I'm a big fan of Pixar films...and this film has all the elements you'd expect from their films including Amazing 3D animation and effects and high quality production values.

From the beginning scenes you are transported to the film world they create. There's humor, intrigue, anticipation...and for children no doubt...some moments that may be a bit scary.

The story is cute...but it doesn't contain many surprises.

The characters designs were Pixar's biggest roadblock to giving a heart to this film. For example, the title character has virtually no facial expression except for movement to it's eyes. The animators were able to put some expression into Wall-E's ""body"" movements...but again this was very limited by Wall-E's mechanical, metal body. Wall-E speaks in a ""computerized"" voice that even further limits his expression.

EVE, the other lead character, is even more limited, with expression mostly conveyed though very simple LED eyes and no other facial features. Her body is somewhat rigid and her arms are joint less and she has no legs...so most of her personality comes through her computerized voice.

Wall-E has an insect companion...again with no facial expression so again all of its ""expression"" is conveyed through its body language and movement.

This design concept is repeated with all the other mechanical characters in the film.

The 3D human characters, especially later in the film, are identical clones of each other with very little differences allowing you to tell one character from another. At this point, except for one, they all even wear the same clothes.

If Pixar was trying to tie its own hands...and make it as difficult to create endearing characters for an audience to connect to...they did an excellent job.

The children sitting behind me sat quietly through-out the film and at the end they lightly applauded.

So while this film is up to Pixar's usual impeccable production and animation standards...the story and characters held it down for me.

Pixar's short feature before the film was very enjoyable with lots of heart and laughs...and may make this a DVD worth adding to my collection some day.

Sorry Pixar...I'd still work for you any day!!!! : )",JephyrX,2008-07-04
Very Disappointing,"I don't know if I would have liked this movie better if my expectations weren't so high.

I agree with those critics who say the first half hour, which contained so little dialogue, was excellent. However, in the remainder of the movie, the animation got in the way of the story. The animation was stunning, but it was also distracting. In Ratatouille and Toy Story 2, the story drove the movie, and although the animation was great, it wasn't so overwhelming that it interfered.

I recently took my granddaughter to see Kung Fu Panda, which was not as well animated but overall was much more enjoyable. The greatness of the animation can detract from the greatness of the movie.",jwbeller,2008-07-02
Wall E,"Wall E, originated, directed & written by Andrew Stanton & Peter Docter, was easily one of Pixar's best! Andrew Stanton shows once again that he is one of the best directors in the Pixar family, yet again making another instant CLASSIC! He incorporated so many magnificent shots, utilizing the perfect balance of slow, wide, and close up shots.

The story was well told, being an innocent, yet complex rom-com, while having some great sentimental notes. Don't be fooled, even though this is technically a children's movie, there is so much adult entertainment, that the whole family will do nothing but fall in love with this film! The first act is one of the most enjoyable first acts Pixar has offered yet. Stanton & Docter started off building this grimmy world, set about 700 years from now, incorporating these two polar opposite, but super charming and enjoyable robots in Wall E & EVE. Their chemistry and charm is what drove this film! With the first half started off with a bang, come the second half, it gets taken to a whole other level! This is where Wall E & EVE get their defining moments, with greatly placed action.

Wall E, voiced by Ben Burtt was one of Pixar's most lovable protagonist, though having this rusty, ruggid look, and not having much to say. His humanized traits, curiosity, and pure charm is what made his character so lovable. EVE, voiced by Elissa Knight, was a very intelligent robot solider, that turns out to have great character development. She basically steals the main protagonist label from Wall E, though sharing the wealth very generously. Stanton & Docter somewhat refrained from giving us true back stories to our main characters, but in return, they gave us good information to be able to infer where they comes from.

The screenplay didn't have much importance in the first thirty-five minutes or so, but come the second, and mainly the third act, Pete Docter & Andrew Stanton put together a well thought-out, passionate script, incorporating a lot of heart.

The cinematography and animation was absolutely GORGEOUS! The back drops were so deatiled and vibrant, really mashing well with the vibrant colors, and color contrast. The animations were stunning as always, with realistic detail in the metals, dirt, rocks, and everything in between.

The score by the very popular Thomas Newman, was very dramatic, and created this great connection between the audience and the characters. The music was a pretty good touch, really coming alive in the third act.",haydenluz,2021-01-05
"A wonderful, WONDERFUL movie.","I just returned from a midnight showing of WALL-E, and all I can say is 'amazing'. Pixar have clearly outdone themselves, producing what is sure to be one of their best films ever. All the characters have personality, and there are no throwaway characters. Every character that is introduced in the story has their own unique personality, and it really shows how hard Pixar worked on the movie.

The movie serves as both a sci-fi futuristic love comedy, and also a warning to humanity. We've got to take care of our planet now, because as charming as the movie was, I personally would not like to see those events transpire here, 700 years in the future or any other time.

I would give this movie an 11 if I could. It is an absolutely brilliant piece of cinema and one that should not be missed. If you're a parent, take your kids. Even if you don't have kids, go see this movie, it's fun and lighthearted and will make you laugh out loud several times over.

A+ Pixar, I can't wait to see what they cock up next.",masonl87,2008-06-26
"No dialogue, No big name actors, no modern music","No problem! Finally an animated movie that dares to be.... animated! Pixar has set a new standard in digital animation. I say digital, because I'd still like to see more traditional hand drawn films. You don't need recognizable voices coming out of animals that resemble them. You don't need cheesy jokes or failed one liners. No musical cues to band either. I don't think I'll be able to watch a computer animated movie for a long time, I'll compare to this for a while. Pixar was not in this for the cheap quick cash in, they made a movie, that I think, will stand the test of time. I can tell people will be watching this for years and years, like Fantasia.",chrombot,2008-06-27
"WALL-E:  Turning Hearts To Liquid, Bursting Preconceptions To Dust","My reaction to the early TV trailers for WALL-E was ""ok, another Pixar movie. No biggie."" Consider, though I've seen almost every Pixar movie (girlfriend renting them on DVD) my reactions ranged from ""mildly amused"" to ""cute, but mostly CGI eye-candy"". Of course, as a thirty-something male, I never assumed Pixar movies were targeted to my demographic in the first place. ""Pixar is for kids"", after all, right? Then one day a 5-minute sneak peak was shown on TV featuring WALL-E and Eve (scene where he gets stuck in space capsule with plant). During those 5 minutes, the essence of WALL-E's character took hold and never let go. My girlfriend and I decided we wouldn't be able to wait any longer than opening day to see it. Embarrassing to admit, but I go the theater twice in a year at most, and yet I actually bought our WALL-E tickets 2 weeks in advance.

Having seen the movie today, he's honestly no less than the most adorable and brilliant animated character of all time. His personality and mannerisms spread themselves like sunlight - turning even the coldest of hearts to liquid, and bursting preconceptions to dust. Until now, no character (fictional or otherwise) ever managed to awaken the kid in me with the old notion ""I wish this character was real so I could take it home with me"". 

The way this movie ends is the same way it begins: at the core it's all about WALL-E and the things we recognize in him as inherently human: his funny personality, his compulsion toward the good, his child-like curiosity and naivety, his sense of loneliness that he tries (and fails) at anesthetizing with psychological comforts and companion place-holders. All of the film's characters other than WALL-E are really just props, like arrows pointing your attention back at him, and always when it's the last thing he would want. His plant also seems symbolic of him (and that will make sense after you've seen the movie).

All that aside, the graphics are brilliant, especially the WALL-E character, in that it looks like a real physical robot shot on film. Great care was taken on subtleties like focus/defocus and depth perception to make him look real-world, all *within* a real-world (especially the scenes during which he's alone on earth).

I wish it would've been longer, but only because like all great rides, it went by fast and eventually had to have an end. Can't wait to see it again.",popejobs,2008-06-27
Brilliant beginning somewhat spoiled by the reality it alludes to,"I was ready to be wowed by this film and the first 20 minutes or so were ecstatic for me. Sometimes I think there's no comparison between Japanese anime and the stuff Hollywood puts out, but this was clearly inspired and ingenious film making that can hold its own against Japan's best. But then the film has trouble dealing with the problems it poses, not unlike how we're failing to deal with the REAL problems of over consumption and the mindless accumulation of waste that it alludes to. The setting changes and the story takes a rather depressing turn into frenetic activity that made me anxious to see it over. It's not that the film's point is misguided or even over sold. It's just that it's a different issue and not necessarily a consequence of the first more successfully contrived part. That second issue is our becoming overly serviced by robots in a blind pursuit of entertainment and sensation. Still, the creation of a robot with a completely engaging personality is so brilliant and indelible that no one should miss this somewhat mixed film. Clearly the people who made this have their head's on straight and have a better vision of what could result from our culture than some of our most highly respected leaders.",socrates99,2008-07-10
"Thank you, Pixar!!","DO NOT listen to those who say this is a bad movie because there's hardly any dialog. Everything in this movie is so perfect, it doesn't NEED dialog!! The animation was so REAL. Everything was perfect!! The landscapes were beautiful, the technology was creative, smooth, and incredibly flawless, the robots were great! I thought it was interesting how real humans were used in small parts of the movie, and the humans in the future were animated, shown as really large, lazy people we may become in the future, if we're not careful. As soon as the movie started, I fell in love with Wall-e. He was possible the most adorable thing I have ever seen! His character was so deep, you could forget he's not human. Wall-e has the biggest heart of any of the characters I've seen. You have to be insane to not love Wall-e. I really enjoyed seeing the chemistry develop between EVE and Wall-e. They are so different, EVE being a fast, powerful, advanced robot, and Wall-e being a sweet, simple, rusty little trash-compacting robot, and they work together PERFECTLY!!! They are the cutest couple in Pixar history. The messages in the story were very well-presented. It showed what could happen to our planet if we trashed it and took it for granted and what could happen if we all get too lazy. The perfect combination of humor, CGI, heart, and lessons to be learned, this is truly a Pixar triumph.",whatever_123,2009-10-02
The Certainty of Seeing,"You can read elsewhere the ordinary stuff — about how wonderful this is; about how it exploits cinematic characterization, and even how conservative bloggers have decided to criticize it supposedly leftist premise. (Jees)

I did enjoy it. Its an amazing experience. But while watching it, I also was admiring the minds behind it. 

There are sometimes intelligent movies being made, and a surprising number of them are from Hollywood. I believe though that in most cases, it is because there is a critical mass of intelligent writers, filmmakers and decisionmakers that are working at the fringe of the establishment. Not so with Pixar. I've been constantly surprised at each project how they encapsulate essays in the advance of the cinematic vocabulary.

Its a bit like French new wave films made by film theorists, the films being more about what can be done than doing it in the service of effect that matters. (Their retort would be that it DOES matter if it changes the vehicle.)

But this Pixar business is a different model. Folks can come and be entertained without having to dip into vats of self-reference. Oh, there's plenty of superficial self-reference, but its all in the service of jokes, and they are all in the service of the narrative.

But other folks — like me and perhaps you — can also see that they are doing a few things that no one else is in quite the same advanced way, and they mark them so that you can read it as a sort of metanarrative. Jobs does the same thing with Apple. They make products that people use and like. But they also are in the business of defining what it is to be cool. They manufacture cool like they manufacture electronic products. You get both, and even in the products there's a reference to leadership, because being cool is all in who defines cool.

So when I saw this, I saw self-conscious art, and stories about the future of cinema. We've always gotten that with Pixar. Usually, it has to do with space, and what you can do with this new medium that is impossible with ""real"" cameras and places.

This last movie, ""Ratatouie"" added in the notion of control. Pulling the strings. I'm sure many have noticed that the shorts that Pixar creates to play before these features are a sort of synopsis of the reflective ideas they will use in the film. Last time the short and film were about control at a distance, with both the puppetmaster and puppet being featured, but the star was the puppetmaster. You can almost see how the whole story could have been generated by this idea: chef, French (who claim to have invented folded cinema of the reflexive kind), and rat. Secret recipes. Love always.

This time around, the cinematic sensibilities are profoundly deeper. A deep certainty. You have to know about 2001 as a start. Kubric's interest there was the warring narrator. Whose world is telling the story, man, machine or god. There is a story, but it hardly matters. Its all about who is telling the story, whose chair you sit in as the viewer. Its a masterful work.

Here, its bent only a little: mankind, machine and nature, but its folded back on the story — which here has effect. Wall-e is natural, machine in form, but more human than the humans we see. But watch how they fold it again. Its a movie about the truth in movies, how the power of cinema can reach into the real world. A handholding there and here is a handhold between the worlds. 

And also watch how they built movies in. This isn't accidental. When they put a movie within a movie like this, the intent is to have the watcher of the outer movie join the world of the watcher of the inner movie. Its a reliable trick to get us to invest in what we see. But they go further. When we see the humans — who are supposed to be like us but clearly aren't — we note that THEY are hypnotized by the movies in front of them and cannot see the larger world beyond, and we can.

It happens to also spill over into the great narrative about how some of us can see that the planet is being destroyed and other blithely putter on. That business about saving image- laden artifacts as a memory storehouse... All these layers — yes they are engineered by what is now the most intelligent and adventuresome narrative engineering lab in a studio.

All this extra introspection is used not as dry thesis, but in the service of the love story. It made it deeper, and more true. Knowing makes love true. So yes, it is effective, and fun, and deep.To compensate, the camera and space manipulation is less radical than usual.

Ted's Evaluation -- 3 of 3: Worth watching.",tedg,2008-07-02
"Not 100% Perfect, But One of The Best Films I Have Ever Seen","I join the gushing majority and say this is one amazingly done, very touching and important film. 

1. A Masterpiece of Computer Graphics & Story Telling

When computers were still in training pants 25 years ago, I studied, worked with and taught computer graphics. I've often watched an animated film (or live film with injected animation) with knowing appreciation at some use of or advance in computer graphics technology. 

I have a friend who had been involved managing computer graphics projects for some of the previous Star Wars movies. We have previously discussed the ""state of the art"" and where it's going. The surprise to me in this film wasn't that they could do graphics of this quality now. It was amazement at the scope, effort, skill and creative genius I know it takes to make something so beautiful and moving.

Watching the film, my feelings went from astonishment at the graphics to deep empathy and feeling for the main characters. The people around me gasped and say ""wow"" just the same. You don't need experience or friends like mine to tell you that nothing else has come this close to looking so real and gorgeous, to feel so visceral and well-crafted. 

The use of modern live-action cinematic effects is stunning beyond words. The film's reliance on the intelligence of children and adults to understand the serious thoughts and complex emotions being conveyed, well, is just simply an amazing and reassuring experience. And I thought the closing credit art (using different styles of famous artists) was very cool too.

2. Some Small Nitpicks: 

Most of the time I felt I was watching an exceptionally crafted film with a tight story and a serious message about the current problems of and future prospects for Earth. An then something would happen in the film that would be, like, ""Huh? That doesn't quite make sense or follow, but it's just animation"". I found 2-3 moments where I was shifted from sobering reality to forgivable fantasy, and it was a bit jarring and distracting But these moments can be easily forgotten with the continuation of the next amazing scene.

It looks like the quality (time, money, computer horse-power)spent on the main characters is much more than what was spent on depicting the humans. Heck, even the garbage get's more realistic treatment than the people. And then there is the live video of Scott Willard as the ""Executive in Chief"" talking to the planet....The styles don't mesh well for me. I appreciate the thought-line that the humans look more cartoon because of the surreal and clueless nature of their existence on the ship, as well as our inept and greedy custodianship of the planet. I can imagine that the live video is meant to help connect children with the cartoon-nature of certain government officials and the patronizing policies they always on display these days on the evening news. Maybe this is all true, but it's probably also a way to rationalize a limited budget and time schedule. The bottom-line for me that the discrepancies between the treatments didn't work that well for me.

Most of the time the characters are so extremely cute and lovable, it's a complement to their creators. But sometimes the cultural cliché's and visual slapstick are a bit much. Overall, it all adds up to a very sweet and moving film, but just a little less ""shtick"" would have been fine by me.

Some thoughts on other reviews I've read here:

Is the Message Too Heavy-Handed? I don't think so. It's mainly aimed at small kids. They get it, and they take it to heart. Maybe the question should be ""is the message loud enough?"" We earthlings still don't seem to be getting the message. Last I checked, we were still busy polluting the air, water, soil and every life form on the planet...oh, and ruining our climate also. We are feeding our families and enjoying ourselves, but sorry we are each helping to destroy the planet along the way. ""Oh well. It's not like I can make a difference"". Let's just leave the problem for the kids. Good luck kids! Do you think mom and dad are making ""good choices?""

It's a moment of truth for us. Are we up to it? Are we truly awake yet and smelling the rising levels of toxicity in our environment? Maybe the message was said softer people would get it more?

Regarding those people who have posted negatively, that they couldn't connect, and even thought of walking out...everyone is absolutely entitled to their opinion and to state it. But, gosh, If this film didn't make them gasp at beauty, smile warmly, laugh knowingly...if it didn't put a lump in your throat or make an eye or two teary, then...that's just sad, and even a bit scary.

If you haven't seen this film yet, run and see it on the big screen while you can. I think you will enjoy taking some kids. You will see them enthralled and fully-attuned to the message. It's a good thing.",benjm,2008-07-07
Absolutely Stunning B-D Visuals & Audio,"Boy, the visuals were as stunning as I had read they were; absolutely spectacular. I hate to use this cliché, but this is a ""must"" for Blu-Ray fans. You have to see - and hear - this film in HD because it is a great treat for your senses. The surround sounds are everywhere while the colors and artwork are something to behold! And, yes - it's still very pretty on a regular DVD, too.

The story is ""cute,"" but nowhere near the visuals and audio. It's okay, subtlety humorous, dramatic and romantic parts. It gets a tiny bit preachy with the usual environmental digs and a comment about how fat we humans can get by lying around too much, but otherwise just plays it for comedy and cool-looking characters. Everyone and everything in this film is pretty amazing-looking.

It's kind of a strange story, with much of it taking place on a big space ship. My favorite parts were in the beginning on Earth with the little robot WALL-E and his cockroach friend.

There is so much to see in this film, it makes multiple viewings all the more attractive but, I'll assume, you're always going to catch some things you didn't see the first few times. Overall, not a super story but yet an amazing film, one that is one you want to show off your Blu-Ray DVD player to friends. This sets yet another new standard in animation.",ccthemovieman-1,2008-12-07
One of the greatest love stories ever,Simply one of the best movies ever. The love story between 2 robots is more than anything twilight has.,madeincanada-08745,2021-05-15
"Wall-E is flawless in every way. There is a strong and relevant message to be transmitted, combined with a visual of great impact and with absurdly captivating characters","The film starts in the year 2700, having as main scenario our planet, basically uninhabited. It presents itself as a large garbage dump, in which the main character of the film, Wall-e (Waste Allocation Load Lifters - Earth), works to compact and organize all this rubble, alone, since his professional companions are already spoiled. So he and his pet cockroach are the only inhabitants of that gray planet.

Wall-e, like other robots, were sent to Earth by the company BNL to perform this service. Meanwhile, human beings protect themselves from all the toxicity of our planet on the Axiom space station. The plan was that they would only stay there for five years, waiting for the completion of such work to return to our planet; but they end up staying for about 700 years. To check if the Earth is already habitable, the company sends robots there, one of which is Eva (Alien Vegetation Examiner), who will fall in love with the main character (and vice versa).

It takes almost 40 minutes to appear the first human called normal, in 3D animation, and what you see is that the biped race is accommodated, all obese, sitting, being served by machines, hostages of technology and the inherent vices to be always connected. Behavioral criticism is evident, and all paranoia of humans with possibilities of contamination due to the planet or even Wall E is the simple and best example of how stuck the routine of doing nothing they are. There are two demarcations that demonstrate the criticism of Stanton's script, Jim Reardon based on the argument of the director himself and Pete Docter, who is the beginning of the film, showing the planet taken from plastic, paper and dirt in general, and also the super screens that entertains and distracts obese men, who do nothing but eat and spend their time shopping or watching some silly and futile show.

WALL · E has one of the most critical messages to society made in a Pixar film, perhaps on par with Up - Altas Aventuras. With a script of minimal dialogues and quite dense concepts such as ideology, axiom (which is the name of the ship), mass culture and alienation, especially in favor of the media + machines, the film puts humanity at a limit that does not seem to us like so impossible, distant, unreal. If we take away the great scope of futuristic technology that marks the feature, including in its visual and conceptual references to films of the genre such as 2001: A Space Odyssey (1968) and Plant of the Apes (1968), it is possible to see its raw material in our time, from the rampant and irresponsible production of garbage, as well as pollution, fires and other environmental disasters caused by human action; from the criticism of the criticism of the media to a complete alienation through a screen or an information bulletin; unhealthy inactivity; growing consumption; the distance between generations; the greater difficulty in making and maintaining human ties.

The film discreetly criticizes the methods of advertising and the impact it has on people, who begin to buy products without the slightest need. Another reflection that the film exhibits is the issue of individualism. Individualism can be considered a way to avoid the problems experienced in this period, but it causes the distance between people and generations. Today, we can see some similarities, can't we? The space between people is getting bigger and bigger. In the past, the forms of interaction were more intense. The distance is the result of the accelerated growth of cities, of mass communication vehicles that dictate rules of consumption and the use of new technologies in an unbridled way. Wall-E shows us that it is necessary to relearn how to use technology and to know how to manage time efficiently and intelligently, without leaving it dependent on us and slaves, providing more and more new spoiled generations who are more and more accustomed to having ""everything in the hand with a simple snap of the fingers, guided by immediacy and by giving more value to digital relationships than face-to-face ones.

Pixar's already famous self-references and full approximation with creations from our world, such as Isaac Asimov's laws of robotics that all robots in the film obey; Stephen Hawking's voice as a building parameter for AUTO; basic models of Spanish architecture Santiago Calatrava; NASA projects and numerous references to Apple (Steve Jobs was involved in the beginning of the project and is credited with the thanks for the feature) make WALL·E a whole ocean of creativity, one of those movies that you watch with great pleasure and end the session definitely more passionate about life and cinema. There are few scientific fictions that have such a tender history and such a great civilizing greatness - starting from a text with a small number of words -, starting at a point without hope and beginning to rebuild a world; the resumption of humanity, spoiled by itself, generations before. The question that doesn't stop is: are we following the same path?

And all of this becomes even more impressive when we realize that Wall-E is almost a silent film. Its first part, with harmonious and romantic photography, is marked only by the noises and sounds of a polluted and uninhabited environment. The second part, already in the Axiom nave with its strong contrast photography (in various color palettes) but predominantly sterile, has some computer voices and few human voices, but never to the point of becoming strongly relevant in the story, which is sustained by friendliness of the two protagonist robots.

Director Andrew Stanton has always said in interviews that the central theme of WALL · E is love and his ability to win everything, including programming. Try to see that statement as widely as possible. From love to a romantic couple to the love of life. From robotics programming to ideological programming, both broken by the encounter of something so powerful that it can only be fully explained, in the film, by scenes from the musical Hello, Dolly! (1969), a moment of joy, love, music and dance amid loneliness and abandonment. The humanized details of WALL · E's ""home"", his pet cockroach, the little plant inside his boot and the collection of human objects such as cutlery, magic cube, K7 tape (reproducing Put On Your Sunday Clothes, It Only Takes a Moment and La Vie en Rose) among many others, amplify the contrast between the two moments of the film, from its sentimental load to its lesson in citizenship and humanitarianism. Showing some scenes with real actors - a novelty among Pixar's productions - and maintaining the very high graphic quality of its animations, the ship's division with different configuration, details, lighting and colors (simulating small spaces in Las Vegas, Shanghai, Dubai and conceptual arts made for Tomorrowland) until taken from space and Earth, the film brings us so much to pay attention, observe and absorb that only one session is not possible to check it as it should.

There are several scenes that impress, especially those located in space. One in particular deserves to be highlighted: the ballet of Wall-E and Eva, when they have fun flying outside the ship. It is a magical scene, due to the precise combination of visual and emotional beauty. At this point the film has already changed its history a lot, bringing to light what happened to the humans who left the Earth. And here comes another great idea from Pixar, with a critical analysis of modern society. Again, surprising. If Wall-E could be defined with just one word, perhaps the ideal would be grace. And if the ending sounds a bit obvious and predictable, we're already sufficiently captivated by this character and his universe to come to the happy conclusion that sometimes the obvious well done is exactly what we want. And if that's not enough, then there's that beautiful sequence of end credits, a real art history class, starting with cave paintings and moving on to Atari-style digital graphics. Geniuses.

Can you imagine a story capable of provoking the most varied range of reactions possible in the viewer? Well then, so is Wall-E. At the beginning the scenario causes melancholy, then arouses curiosity, then comes interest, grace, laughter, sadness, tension, magic, suspense, fear, danger, regret, surprise, humor. , passion, tears, satisfaction, guilt, remorse, enthusiasm, excitement, love. Everything is there, mixed and arranged according to the precision of the gaze of those who observe here, knowing that that second chance may be something that we ourselves are not entitled to if we continue to ignore the universe around us.

Wall-E is flawless in every way. There is a strong and relevant message to be transmitted, combined with a visual of great impact and with absurdly captivating characters - Wall-E and Eva are, from now on, the best couple in modern cinema! No matter what you read, this is a story that will always provoke new reflection. First-rate entertainment, respect for our intelligence and a product that can go beyond the obvious, by dealing with simple topics with wisdom and competence. There are films that bring about changes in society, raise questions and cause controversy. This, on the other hand, takes a step forward.",fernandoschiavi,2021-05-30
Just magical.....this movie is pure art. I don't know why it hasn't seen more awards cause it is a masterpiece,"I feel like tearing up just writing this review. It is one of the best things I have ever seen on the big screen, probably is the best thing I have ever seen in cinema. Period. I saw this when I was 10 years old, and I have never forgotten how absolutely amazed I was by it. And my love and appreciation for this film has only grown over the years. When I have kids of my own, this will be one of the first movies I show them. Animation is art, and I will forever cherish this movie.

Some people may say this movie is a bit preachy, but I think it tells a very important message. One that couldn't be more important today. Planet Earth is our home, and we should take care of it. Topped off with a cute robot love story, this movie is pure perfection. I love this movie so much. It's a shame it didn't gross more at the box office......",Reckno64,2019-08-16
Wall-E is A-dorable,"I saw Wall-E at a special sneak preview. I'm not a Pixar fanboy. I've enjoyed a number of their movies, but this is first I've seen at the theater.

Wall*e was an enjoyable diversion. The titular character is robot that has spent his many days performing his task in isolation. All the other robots have worn out over time. Wall*e is different in that he is a survivor. In the many years he has worked, he has evolved a sense of self. Unfortunately, that involves a feeling of loneliness. After a significant event, it is resolving this loneliness that becomes his quest.

The stars of the shows are the various robots. Their emotions are inferred through their actions, grunts, clicks and the occasional verbalization. This however is not a limitation. Pixar has created characters you care about. Wall*e is a hero in the tradition of Danny Kaye. He is a simple guy with simple ambitions that just happen to coincide with the events in the movie. He isn't glory seeking, he just wants companionship in the sappiest Disney tradition. It is this purity of soul that is his most endearing quality.

This more of a kid's film that past Pixar efforts and the hand of Disney is firmly felt. There are sweeping scenes that designed to evoke adolescent dreams and emotions. That is not to say adults won't find it enjoyable. Pixar takes shot at a couple of themes; Consumerism, the environment, even some mild political humor. There are even a couple of gags relating to cockroaches and Twinkies which have oft been repeated. However, it lacks some of the sly adult wit that some of the previous films had.

There little highbrow comedy here. Most of the gags come from slapstick pratfalls and such. However, the gags are executed with such precision, and the characters are so compelling that they were very effective. The rest of the humor consists of sight gags. Most not rising to the point past a chuckle, but taken as whole weaves a rich tapestry of the world that Wall-E lives in.

Adults will find it enjoyable. Kids will love it beyond words and you're going to have to buy them Wall-E dolls for Christmas.",jfrorie,2008-06-25
Destined to be a classic,"The odd title is actually an acronym: Waste Allocation Lift Loader, Earth-Class. This little robot unit is the last of a series originally intended to clean up a massively polluted Earth while humankind left the planet for a temporary five years which, after the failure of the project, has resulted in an absence of 700 years. The pacing and atmosphere of the movie would be remarkable for any work, let alone one of animation, with a long opening scene with little action and no dialogue. Even when another robot EVE arrives from outer space and a technical romance ensues, the dialogue is minimalist but the action accelerates at a exciting and satisfying pace.

Pixar have here given us outstanding work and Andrew Stanton, who conceived the story and directed the film, deserves special praise. The film is entertaining with action, humour and great visuals, but its is also subtly instructive with clear messages about the damage to the planet and to our bodies from our adoration of consumerism, making it appealing to children and adults alike. Many science fiction classics - from ""2001"" to ""Silent Running"" - are referenced, but the treatment is so original that ""WALL·E"" itself is destined to be a classic.",rogerdarlington,2009-03-09
Expected more - don't believe the hype!!,"As an analogy, this is a TV dinner.

You know what you're getting, you know that it will - to a point - satisfy you, yet - just like a TV dinner you'll feel ripped off, hungry for more yet with a sense of regret. You'll come away wishing that you saved up for steak instead.

Make no mistake - this isn't a ""Toy Story"" - this isn't a ""Nemo"". The first hour of the movie with little story, few comical moments and NOT A SINGLE LINE OF SPOKEN DIALOGUE, will no doubt leave you questioning the target audience of the movie.

Whereas other Pixar/Dreamworks movies will always claim a $15-$20 DVD purchase fee I suspect that Wall-E will sadly eventually become a budget offering in the bargain bin. It has little content for the younger generation and the curdling environmental message leaves little desire to put myself through it's agonizing 90 minutes ever again.

What started off as an original offering soon ended up being a ""wannabe classic"" - they tried too hard, or maybe they didn't even try at all.. either way, it just simply doesn't work.

Disappointing.",robandtiina,2008-07-03
Not nearly as good as the ratings say,"i went to go see the movie after logging on to IMDb and seeing a 9+ rating, but was very disappointed with the actual movie. The movie started out slow and didn't pick up till nearly half an hour in and even then it still wasn't very good. It didn't get reasonably descent till about halfway into it+. I thought the story was very common and the only real modification to it was that it was set 700 years in the future and the main characters were robots. However i will say that the animations were spectacular and at times you forget that it is in fact animation. not a horrible conclusion, but it is definitely not a 9+ movie.",alex-fitzsimmons,2008-07-04
An outstanding animation but boring,"I went to watch this movie with my husband and my little son. I thought this movie would be a real entertainment for me and my boy. But no longer after watching it, I felt disappointed. And my little son had no interest to watch it. The movie animation is of course very good. But the story is very boring and slow. It only tells about the wall-e and how wall-e want to be with eve. Well yes, there is a good hidden message behind this all, that human should start stop dumping too many garbage into the earth because earth would one time reach a very high toxic level that can not be tolerate by human body any more. That's why there is wall-e who has the job to tidy the garbage and make it into a tower of garbage boxes. 

The sound of eve calling wall-e ... wall-e ... wall-e all the time in this movie is also quite annoying. The robots have no other words to speak instead of calling the friend names. This is absolutely a boring movie.",luciana_budiman,2008-08-20
Wow !!!,"Pixar and Disney have done it again! This is an historic piece of film-making and an example of what can happen when a studio like Pixar continually refuses to compromise making the best film possible....every time...and we're talking nine times now in a row!!! This movie works as kid's movie, a science fiction film, a romantic comedy, and for much of it...a silent film. It had a great message but was not preachy. It had stunning visuals throughout. My expectations were so high for this film...and yet they were far exceeded by the geniuses at Pixar...I don't know how they do it. This movie makes up for the disappointment I felt after seeing the latest Indiana Jones installment. Spielberg and Lucas, I have a ""directive"" for you. Take your kids to see WALL-E immediately, and definitely take notepad!!!

Overall Score: 9.2/10",desire_911,2008-08-10
"adorable and haunting, delightful, joyous, and ultimately funny","I never thought I'd say this but... WALL*E is better than Toy Story. This might not seem like such a high claim given how many other wonderful movies from PIXAR have come out over the past 13 years, particularly the ones by Brad Bird (Incredibles and Ratatouille). But since Toy Story blew open the front door for CGI animation, and stood as the pinnacle of awesome, great entertainment and film-making, I wasn't sure if anything could top it. WALL*E does by far, and then some; I'd even say that this is probably the best Disney movie that, technically, they never made. For years Disney, the studio joined at the hip (and now, practically, submissive to whatever PIXAR wants in animation), didn't want to do WALL*E, as it was a somewhat bleak science fiction movie with 3/4 of the movie not featuring any distinct human dialog at all. And, no cute animals talking either; the closest we get here is a cockroach, and, thankfully, we only get cute chirps and squees of joy.

It was a risk, but after waiting for so long to make it, Andrew Stanton has what critics have been dubbing the ""M"" word: masterpiece. It works on the levels that satisfy simply for the levels of a comedy. WALL*E the character is one of those classic character straight out of Disney movies that you don't see ever done this well, or at least this purely: he's wholesome, innocent, curious, lovable and loving to the robot that comes to earth, Eva, looking for any signs of life, and we want to cheer for him every step of the way. It's a quasi-Chaplin character, if Chaplin were obsessed with a video of an old 1950s musical (somehow, in the post-apocalyptic world of 2700, still intact), and only wants to hold Eva's darling hand, despite getting into mishap after mishap and eventually leading to his trip out into space. No quirk of behavior, no amazingly adorable physical bit of comedy is unturned, and every one works, even ones that you don't see coming.

At the same time, it also works as a science fiction parable, one that works splendidly for our times without pushing it down our throats. Its message is one that is general, which is why when poised around satirical overtones on the AXIOM ship- where WALL*E finds Eva bringing a plant to the ship's captain and then stopped by a HAL-9000 type of computer- it's enriched by a context we all know very well. Taking care of the planet and taking care of ourselves physically are points that are put forth without being preachy, and there's lots of good humor to go with that too (the moment when the pudgy captain finally walks, put to Thus Spoke Zarathustra, is one of the funniest damn things I've ever seen). AND, it's also an incredibly touching love story to boot; two robots who can't quite seem to get together until one sees how much the other cares for the other. The simplicity here, too, is awe-inspiring, and like a silent film brings on the tear-ducts in the final moments of suspense.

So, it's a superb comedy, a fully-realized and somewhat original science fiction story (then again what is original entirely), and the best date movie of the summer. On top of this, director Andrew Stanton and the vast PIXAR team have gone once again another leap forward with their technological skills for all use in telling the story. I don't care who you are, adult, child, old dude in a wheelchair, this is top-notch film-making, some of the finest one will see in this new decade of the 21st century. While points ahead to the future of animated movies, it doesn't stop or go corrupt in basic film-making. For those who would be wary of a movie with very little dialog, don't fret: there's enough ""pure"" cinema here to suffice. It left me speechless, in-between laughing and crying and whatnot. Grade: A++",Quinoa1984,2008-06-28
The most charming cartoon I've ever seen.  Nearly perfect in every way!,"My favorite animated movie was, and still is The Nightmare Before Christmas, but Wall-E comes in at close second. Pixar outdid themselves in every possible way, and it seems that though they've done that with each of their films, this one stands above the others. It's cute, without those lame sappy moments that cause you to uncomfortably stare at the floor. It's emotional, with some scenes even leaving a lump in my throat. The animation is amazing and the story is both inventive and original (for the most part). Wall-E is the quintessential Pixar film...no, it's the quintessential animated movie.

Wall-E (or Waste Allocation Load Lifter Earth class) is a lonely robot on futuristic Earth. The year is around 2800 and all the humans have ""temporarily"" been taken off of Earth into a space cruise where they are awaiting Earth to be cleaned up. Wall-E's only friend is a cockroach, and he lives in a little storage shelter where he keeps interesting items he finds in the trash he compacts. One day a spaceship drops off another robot, this one named EVE. Her mission is to find plant life on Earth, which would signal that the humans can return. Wall-E is fascinated by EVE, and more than anything just wants to hold her hand, like in his favorite musical, Hello Dolly. EVE sees a plant that Wall-E had previously found, and they both end up being taken up into space on the space cruise ship. All the humans on board have lost track of reality, don't walk or do any exercise, and they are all morbidly obese. Wall-E and EVE end up having to save the plant life they brought up to show to the ship's captain so they can go back to Earth, but the ship computer doesn't like that idea.

I have no critiques for this film. As I've said, this is about as close to perfect as you can come, I'll just explain what I really liked. I enjoyed the romance between Wall-E and EVE, which was so sweet, sort of sad at times, and more real than the typical teen comedy romance. The human characters were great. Jeff Garlin plays the ship captain and does an excellent job. One of the best scenes in the movie has the captain studying up on Earth wide eyed, learning all the things humans (now adays) have known since we were infants. John Ratzenberger and Kathy Najimy voice two humans who face reality before the others and get off their fat rears to have some fun and take a moment to notice the stars. The animation is the best Pixar's ever done, and even with the cartoonish designs of the characters, sometimes I'd forget I was watching a cartoon. Wall-E, as a character, was an amazing lead. Amazing in that he carried the movie flawlessly, and made me truly feel for the poor guy, and amazing in that the only thing that he says in the movie, along with some grunts and squeals, is ""EVE-a!"". I have no clue how Pixar molds these likable characters, but they did a fantastic job. I'd see it 10 more times in the theaters, and I hope it makes a billion at the box office.

Pixar's done it again! They hit gold, more so than any of their other pictures, and Wall-E ranks up there with one of the best animated pictures of all time. It was the first film in months to leave me 100% satisfied. I loved it! 

My rating: **** out of ****. 100 mins. Rated G.",TOMNEL,2008-06-27
My admiration for the greatest animation,"I have seen a series of Pixar animation, such as Toy Store and Monsters Incorporation, and all have especially good effects and elaborate drafting. Besides, every animation has a unique and interesting story that fascinates children as well as adults a lot. I can't help but watch it again and again. I just imagine me as a character in the movie, and then I will thoroughly enjoy it.

I'll bet that WALL-E is the best Pixar animation I have ever seen. The movie's background is something significant for our human beings. The story starts after 800 years and the earth becomes unsuitable for people's living because of the pollution we make. And there's only a robot, called WALL-E, remained to sweep and to allocate the waste. This kind of story reminds us of the consequences if we keep wasting. In addition, I notice another point—obesity. Human beings who living in a space ship, called Axiom, more rely on machines and even don't need to walk eventually. It's too lazy. I'm sure this is not a good phenomenon for us. No one would like to be like that.

Refer to the part I most like, it is definitely the friendship between WALL-E and Eve. Although they're robots, they do have the same emotions as humans do. There are no more words but spirits' meet. When Eve can't recognize who WALL-E is, WALL-E reveals a feeling of sorrow but never gives up arousing her. At that scene, I am heartbroken and dropping tears. Nevertheless robots are made of iron and look emotionless, their true love can be so sincere and touching. It speaks to my heart even more.

To sum up, the animation has some characteristics, like romantic story and significant parts, which I love. I only have a sentence,"" the director really did a good job! """,ehco58302003,2010-03-01
"Ignore the haters. The best movie of the year, and maybe Pixar's best ever","Let's start with this: This movie made me care about a rolling trash compactor. Out of all the Pixar characters over the years, I've never felt a closer connection than I did with Wall-E. Just a simple, loyal, dutiful little 'bot and I was with him every step of the way. The emotional ties were every bit as real and moving as Jessie's ""When she loved me"" song in TS2, or Mr. & Mrs. Incredible fighting to save their family.

One of the greatest tributes I have to this movie is that it kept a theater of young children ENTHRALLED. They followed everything, and paid rapt attention. Even thru the credits!

This may also be the purest sci-fi film to hit the screen in ages. By all rights, it shouldn't work. Can you imagine the pitch session: ""Yeah, our hero is an electronic garbage man on a desolate, abandoned Earth, and there's almost no dialog."" If it wasn't Pixar, this movie would have never seen the light of day. But it did, and it's magic.

And do ignore the clones screaming about ""thinly disguised environmental propaganda."" ""Wall-E"" is like all good fairy tales: a story that teaches us something about the angels (loyalty, sacrifice, love) and devils (gluttony, apathy) of our nature. 

In some aspects, Wall-E reminded me of Spirited Away. A slow-moving tale at times, but appropriately so. A family film to make you sit back and say, yeah, there's something more important than gag-a-minute writing, and bodily function humor. As others have said, this is the family film as art.

Wall-E brought tears to these 44-year-old male eyes. And it made me laugh uproariously. Somewhere, Charlie Chaplin is smiling, because The Little Tramp has been reincarnated, and now he's solar-powered.

Pixar has gone nine-for-nine. And just for chuckles, PRESTO, the short that precedes Wall-E, just might be the out-and-out funniest thing Pixar has ever made.

Wall-E is brilliant. If you're not moved by it, check your basement. There's probably a large pod there right now.",rosco29,2008-07-05
A few notches below earlier Pixars,"I wish I could say that this movie was on par with earlier Pixar movies, but I just can't. The animation isn't bad, it's just that unlike the undersea world in Finding Memo or the toy chest in Toy Story, there's just nothing pretty to look at for large chunks of time. And because the main characters are robots who don't exactly speak English well, the movie depends rather heavily on two things: the visual landscape and the nonlinguistic communication of the metal duo. As a result, the movie isn't quite as charming or self-effacing as its predecessors, but it's still amiable and heartwarming when it needs to be.

WALL-E is the last remaining robot on Earth. See, the place got so polluted that everyone had to zoom off to ships in outer space just to survive; the plan is to let the WALL-E units compact and store all the garbage, and when life can be sustainable again, the humans will return. This was 700 years ago. And every day, WALL-E compacts trash (all the other units have broken down), blissfully un-self-aware. The humans send down probes to determine if life can return to the planet, and that's when our WALL-E meets EVE, who's quite a bit more advanced and intelligent than WALL-E.

WALL-E is adorable. He looks quite a bit like Johnny 5 from the Short Circuit films, and he's about as smart and curious. As he collects and compacts trash, he grabs various items that seem interesting to him and stores them in his storage crate. But although he's been at it for centuries, his world's turned upside down when Eve the probe arrives on Earth in search of plant life. Wouldn't you know it, our inquisitive little toaster falls in love at first sight with the sleek Eve, who looks sort of like a giant toe (her visor would be the toe nail - try to stay with me on this).

On Earth, although the atmosphere is lighthearted and full of hope, the scenery (and hence the overall look and feel of the movie) is downbeat and gloomy; everything's washed out in a sea of brown and gray. The planet's a wasteland, you see, along the lines of the postapocalyptic horror of Mad Max.

But once we leave the planet and land on the ship Avion, things perk up. Here, everything's red or blue (the colors in the BuyNLarge logo - that's the conglomerate that owned, like, everything on the planet and that now owns and operates the deep-space ships. You should see these places - the whole idea is that the humans will never have to lift a finger. Robots wake them up. They're dumped onto these motorized recliners that whisk them everywhere. They shop and drink milkshakes from their recliners. They literally never move. So of course they're all tremendously overweight.

Can WALL-E and Eve help bring life back to Earth? It's a Disney/Pixar film, so you probably already know the answer, and if you thought about it for a second, you could probably map out how the movie would shake out. But one thing you might not realize is that for a G-rated movie, there's a lot of tense, scary-toned scenes. There are several moments when you're led to believe something incredibly awful has happened to WALL-E, and unlike in its cartoon progenitors there's a perceptible delay before it's revealed he's okay - long enough for you to wonder if, indeed, he is.

So I was a little surprised to find out this was a G-rated movie. Aside from the desolate, acrid, lifeless landscape of Earth, there are plenty of robot-in-peril scenes, sequences that seem more action-movie-like than cartoonish. This is partly because Pixar's animation is so advanced now that WALL-E looks and behaves exactly as you'd expect a robot in real life would. Which brought me to this question: Why even make an animated movie about robots? It's not as if you're giving human qualities to, say, a fish or a stuffed animal; you're anthropomorphizing something that's already been given human qualities.

In short, WALL-E lacked the amazing, imaginative premise and theme that earlier classics had. I wasn't bowled over by the animation, and I just wasn't terribly impressed with the execution. WALL-E is not a bad movie by any means, but it suffers by comparison with its own ancestors. In the end, it's done in by its subject matter (not conducive to gorgeous animation), its setting (vast, colorless), and its penchant for robot-in-peril scenes.",dfranzen70,2008-06-28
"Nice, but disposable. Skip it if you can!","Never before has computer animation been so great. It is just a darn shame that they didn't spend anything on the writers.

The picture is beautiful; the detail and work is astonishing. Why then, did the story have nothing of interest? This is really quite a shame (and hopefully not an example of what we can expect from Pixar/Disney going forward).

However, adults held captive by their spawn in the theaters will manage to give up a few yucks, but very few. The lacking story is helped along by many wonderful sight-gags, too bad that the writers were plainly absent during the development and production of this movie.

Wait until the DVD.",seamallowance,2008-06-27
One of the Best Movies Out There,"I have kept my review ""non-spoiler"" for those who haven't seen the movie.

I thought that this was a great movie, possibly my favorite. I thoroughly enjoyed this movie, as did the two hundred in my theater.

The first thing I must add is the reviews of this movie. I cannot believe the utter lack of comprehension in the one to five star reviews. Most if not all of the reviews for this movie in that category are by people tired of being told the same message, and there's only one way to stop that message from being told. I am talking about the Save The Planet message by the way. Some other of the people who reviewed in that category either thought the movie was boring, which meant they couldn't sit for at least ninety minutes and listen to music while watching beautiful art, it's hard isn't it? Or they thought the movie was recycling the same art of past predecessors and doesn't deserve to be in the top 250.

That being said, those very eccentric people gave it a one, even though they clearly said it didn't deserve it. Now, I would like to talk about the movie, which some people have clearly avoided in some reviews and what I don't want to do here. The first half was absolutely magnificent, with little dialog, Pixar had to rely on their art and character depth, yes there is depth in the characters. Try to look past the screen sometimes, or at least think.

When EVE arrives, at about the fifteen minute mark, WALL-E finds himself in love with the plant searching robot. after that, they embark through space to the Axiom, the ship where all of the fat humans live in a industry controlling anarchy. By the way 'jim pyke'(IMDb user, review for WALL-E on the third page of Best I believe, which is about how fat people will react to the movie), the humans are fat because of the lack of gravity, which deteriorates at bone marrow overtime, and is passed through genes.

I don't want to give anymore away that has not already been publicly advertised. If you go see this movie, and want to give an opinion here, do so respectfully and thoughtfully.",terranj,2008-07-06
One of the best of the year!,"First of all, how come there are so many people that think a new movie can't be an instant classic, nor can it surpass other great movies made in the past? Half of the '1' comments report that the movie was good, but they just voted low to bring down the rank. I feel that eventually, there will be a film that portrays enough to be better than some of the best. Whether Wall-E is it, is questionable. However, I don't think people should vote a 1 just to bring down the ranking of this film - the ultimate flaw of this site. Too many people are afraid of their favorite movie being taken over by something else. Vote on the movie, not on its ranking. People also need to stop complaining about the ""green"" material in the movie. Seriously, get over it.

That said, this movie is a glorious achievement. Nothing has been characterized so much by using so little, especially in animation. The CGI is second to none, and I fell in love with the characters from the start. It's one of those movies that has a little bit of everything: laughs, cries, surprises, drama. The storyline is seamless, and I didn't get bored at all. I walked out truly mesmerized.

The downfall of the movie, if any, is the target audience. Being an animation and made by Pixar, many children are expected to see the movie. However, I don't think children have the mind-set for this film. It is so much more than animation; more than silly humor with silly cartoon actions. It is a drama, with meaning behind everything - something a child can't yet recognize. It may be difficult for a child to watch without lots of dialogue, so you shouldn't be surprised if your child falls asleep while watching.

An Oscar for best animated film is without a doubt. Bravo.",shortyjoe10,2008-07-12
We almost walked out,"We attended as a middle age couple and our teenage son. None of us enjoyed the movie much at all and we probably would have walked out if we had communicated better in the theater about how hard it was to sit through.

Unlike previous Pixar films, which we have all enjoyed immensely, this was an extremely linear and slow moving story. There was little of the two levels of story for young and old that you see in other Pixar stories.

The small children all around us in the theater seemed as bored by it all as we were.

Particularly distracting was the one human character. It offended my animation sensibility for him to appear when that was totally unnecessary.

Oh well, I've got to get back to my cupcake in a cup.",tkelly-20,2008-07-04
PIXAR does it again,"The world is one giant garbage heap. Humanity under BnL Corp has taken off on giant cruise spaceships for a 5 year tour but they have been gone for much longer. Meanwhile they have left garbage collecting robots like WALL·E to clean up the earth. It spends it's days packing garbage into cubes. Then one day, an advanced robot EVE is dropped off to do reconnaissance. EVE collects samples and blasts everything that moves. When WALL-E shows EVE a plant, her mission is complete and she is retrieved by a spaceship. WALL-E follows EVE and grabs a ride back to cruise ship. It finds the human race are now chubby blobs who are always eating and sitting on their floating chairs.

This is a cute movie. There is no dialog with the robots. The use of robotic beeps and tones create their voices. It's as much fun as any of the best silent movies staring Chaplin or Keaton. Most of the movie takes place without human dialog. It is imaginative and original. It is another one of the amazing offerings from PIXAR.",SnoopyStyle,2014-05-04
One Little Robot with One Gigantic Heart,"Mesmerizing.

This little film about a little robot has one of the biggest hearts I've ever seen in a movie, and its message, about the responsibility humans must accept in changing their own lives and the life of their planet for the better, is perhaps the single most important message film as an art form can be communicating right now.

""Wall-E"" did for me what so few films are able to do: it transported me to a place where, for the hour and a half that I was watching it, nothing existed for me but this movie. It made me feel like a kid again, and recreated the feelings I had watching ""Star Wars"" or ""E.T."" for the very first time, which would account for the countless scenes that made me tear up for vaguely nostalgic reasons.

Despite the fact that we spend most of our time with mechanical robots, a love of humanity and of the earth pulses from every frame of ""Wall-E"". Movies, television and the news media spend so much time trying to convince us that the world is a terrible place to live, that one rickety little robot with big eyes telling us otherwise comes as a revelation.

Grade: A+",evanston_dad,2008-07-01
"The Lion king is to Disney, as Wall-E is to Pixar! Amazing film!","I highly recommend people to watch this film. It doesn't matter what your age is. This film is appropriate for everyone. It is a cute,enjoyable,fun movie. It is just great. Many people can relate to this film. Because WALL-E is kind of like an underdog, we all cheer for him. :) This movie shows us very important advice to never give up! The music in this movie was very sad. Overall I love this movie, it has so much going for it. You won''t be disappointed. So I had to give this movie a 10/10, I liked this movie more than other previous Animated movies like the Lion King. For kids, this movie is enjoyable and cute. For adults/teens it is much more than that! 10/10",The_Fifth_Echo,2009-07-30
Persoanlly romantic picturesque picture,"The cleaning of earth has been left to sentimental robot Wall-E and when EVE visits the planet looking for plant life Wall-E's love takes him into space where mankind live.

Described as Pixar's 'biggest gamble' this 2008 animation showcases a near speechless adventure in time and space, being both constantly humorous and breathtaking in its approach to get a message of human destruction across.

Any viewer of any age or gender will find their own interpretation of exploration and personal meaning in this picture which, nominated for numerous Oscars, inevitably winning best animated picture, has countless reasons to view.

For uniqueness this is one hat proudly sits on top of the pile. An animation showcasing humans destroying themselves and earth this has a strong encoded message specifically designed to shock other animations.

Apart from Warner Brothers terribly awkward Happy Feet there has been little in animation genre to say a great deal about the earth's natural wellbeing. Even that paper thin plot crammed it in to the last twenty minutes whereas here everything is thought of and built around. The shot as the spaceship takes off from earth into the rubble surrounding it is brilliant. The nature of Wall-e himself is to clean up earth's wastage. The point of EVE is to salvage a rescue attempt. Bearing in mind this film has so little dialogue this is a remarkable achievement to get across. It is told through movements through actions and the saying ""actions speak louder than words"" is more than recognizable in this picture.

Wall-e a lovable appearing robot becomes infatuated with EVE when she arrives on earth and the time the two spend together is heart-warmingly sentimental. When EVE goes into sleep mode that actions Wall-e takes to revive her are adorable, and not in a cheesy way. His holding the umbrella, the sunset picturesque montage, the trip in the boat all demonstrate a kindness and typically romantic conceptual motives for a character who has been alone for such a long time.

The character development of the central protagonist plays a pivotal role in the emotional core of this film. Wall-e, a robot, has over the years developed a human personality, collecting items that mean something, caring for insects and greeting people and machines and becoming friends. And the contradictory in humans is remarkable. Like today's modern stereotype, we are obsessed with technology and food, which in this picture leads to our demise, sitting in chairs and having everything on a plate for us.

The score for this picture is truly excellent also, having intertextuality from 2001 and Hello Dolly allow us to be brought into the moment and dare I say such a claim, the finest score Pixar have generated? Pixar get better with every outing and Up! was a marvellous showcase of adventure and love which just topped his outing and yet this is still one of the finest animations you will ever see.",Stampsfightclub,2010-01-31
Beautifully crafted and charming film that appeals to adults and children without having two films in one but by making it all work for both,"It took me a minute to get round to seeing this film, mainly due to letting the kids clear out of the cinema and the hype / pester power effect on the audience demographic settle down some. Finally getting to see it for myself I was pleased to find that it is the probably the most accomplished Pixar film since, well, since the last one. Of course the most obvious way that things has stepped up yet again is technically as the film is beautifully animated with even convincing dust hanging in the atmosphere and even the humans ""real"" (well, real in the context of the Pixar universe anyway). The level of detail is not only technically impressive but also impressive in the imagination and creativity in making this world and characters. However its in the characters where the film is most impressive. Without a great deal of dialogue to speak of it is amazing that the film manages to create characters that are not only cute and funny but also that the audience care about and for, and this is what the film achieves, making Wall-E an ET for this generation. The plot operates on two levels and the characters are most important for the simple, very human, love story between Wall-E and Eve. This thread is charmingly delivered throughout and it is hard not to feel for Wall-E as he seeks out the simple feelings and gestures that he has watched nightly for hundreds of years.

Operating above this is a plot that owes a debt to Silent Running in the same way as Wall-E himself owes something to Huey and Dewey. With a heavier hand at the wheel, this would have been a very preachy and obvious eco-message but with Stanton it is actually pretty smart and manages to reach children without being clumsy and obvious for adults. Actually this also applies to the humour as well because there is not so much of a duality where aspects of the film are divided – so the character falling over is for kids but the one-liner that follows is for adults; instead Wall-E pretty much pitches everything to the benefit of the film and story. OK so we still get the references but they are not put in so much as woven in – hard to explain perhaps but if you watch this versus, for example, Shrek, you'll see what I mean – Wall-E is not some pop-culture reference-driven film that will be old in a few years once people forget who the celebs were that year. This strengths the film further by just feeling like an all-round engaging and enjoyable film – OK the level or depth that you watch it to will vary between adults and children, but it is this that is different – not WHAT they are watching so much as how.

The ""cast"" of the film are really the animators because, aside from a nice touch of casting in Weaver, the majority of work is done by them. As such Wall-E and Eve are very expressive considering what they are. It is all in tiny movements on the ""faces"" and in the body language – actors struggle to always do it without dialogue so how much harder is it to get it right when you are creating it on a computer? The answer I guess would be ""much harder"" which is why it is so impressive that with barely a word spoken we manage to care so much for these robots.

Wall-E will almost certainly win the Oscar for Best Animated Feature but, for probably the first time, Pixar have a film that genuinely deserves consideration for Best Feature – it is that engaging, well crafted and charming and manages to do that for all sections of the audience without resorting to the oft-used (and mostly fun) ""one for me, one for you"" style of some of these films.",bob the moo,2008-09-15
A little too childish for Pixar standards,"Don't get me wrong, Wall-E is a good movie that has also important messages like the care of our planet, the importance of an healthy lifestyle and a conscious use of the technology. It has also a brave opening for an animated movie because of the lack of dialogues in the first 20-30 minutes. But then as the setting changes I feel that the movie becomes a little too childish. Clearly this movie is intended for children but in other Pixar films this aspect was more balanced. Except for that the Wall-E is very enjoyable and it has also some references to very important pictures like 2001: Space Odissey and Star Wars and I'm sure I've missed some other more.
In conclusion Wall-E is a fine watch for everyone who like the animated genre but it can be hard to see for those who doesn't like some childish elements.",Dello_,2020-04-29
"Not just one of the best animated films, but one of the best films of all time","As the film starts in space with a song from Hello Dolly, you wonder just quite what you're getting yourself into. A few moments later we are transported to Earth, up-to-it's eyeballs in garbage, however help is at hand, in the cuboid shape of WALL-E, a waste allocation load lifter, Earth-class. Once WALL-E was part of a huge herd of robotic trash compactors built to help the human race get out of the mess it had made, while they stayed in space, waiting for everything to be sorted. However, it's 700 years later and only one WALL-E is left and on his own he has become a tad eccentric. With only a cockroach as a friend he spends his time doing his job and trying to learn more about the people who once inhabited this little world. Of course if that was the entire film it wouldn't be very good and shortly after it starts WALL-E is joined by EVE, a far more advanced model whose mission is a secret.

This is Pixar's most ambitious film to date. From the moment the title appears and the music really kicks in we feel this is different to the cutesy world of superheroes and talking cars and animals that have gone before. This is a film that has elements that are grim, unsettling and ask difficult questions about what we are doing as custodian's of the planet. The script and story are an absolute triumph as the skill's of the animator's to make those hundred's of pixels perform in such charming, heart-warming ways is a joy to watch.

The pacing of the film, unlike Nemo, The Incredibles and Cars is flawless and you get the feeling that a lot was sacrificed to keep that running time as tight and precise as it is. There is not a frame wasted, nor one shot too many. However, the thing that gets me most about this film, no matter how many times I watch this film I see something new that I haven't seen before. The lighting looks like a real film, the pauses and reactions from the robot performers are exquisite with more than a nod being shown to the silent pioneers at the turn of the last century who started this thing called cinema off. After watching this I think they'd be proud to see how far their medium has come.

There's a saying that you can't polish a turd, and sadly in the media these days hundreds of millions of dollars are spent polishing so many expensive summer turds (Dark Knight anyone?) This was a joy to watch and discover that in spite of the stupidity of this business of show, there are still worlds full of sparkle, Barnaby! A Masterpiece of the medium.

Nuff said.",cosmorados,2009-01-27
Thoughtful and Kind,"I was skeptical when I heard that this was a movie about machines falling in love. This kind of thing has been done before and has left me cold. This movie, however, takes a character who has endured in his lot, a romantic robot at that, and gives him a chance to realize his dreams. He has learned about love from watching a dull old Disney-like musical. One of those forgettable things that children hated, but were frequently brought to by their parents. He has established himself a sentient being with a loving soul. One day a slick rocket ship drops a probe into his garbage infested landscape. It is a porcelain-like, egg shaped beauty with deadly capabilities needed for self-preservation. This critter is egg shaped, unlike Wall-e's dumpy presence. He falls in love with her (she is definitely quite feminine. Like all desperate males, he does what he can to impress her, almost at the expense of his existence. The other interesting aspect of this film is the human element. Humanity has devolved into fat, slovenly lumps, with no thoughts or ambitions. When Wall-e shows up in their spaceship, he throws a wrench into the works. This little commentary is inadequate. Mainly, I found the whole thing quite charming and the evolving love affair believable.",Hitchcoc,2009-08-14
They did it again,"Apart from Cars (which as I heard will get a sequel, surprisingly for me at least), every movie Pixar made until this point in time, was at least excellent, imho. And even Cars, was still pretty good, just never hit as high, as the other ones did. WALL-E is proof yet again, that there is only one true animation champ! 

Yes there are other good, funny animated movies, from other studios, but only Pixar has a strong enough story to mix with all the little jokes. Only they can appeal to a young audience and a mature one. Wall-E seems like a strange idea. Something that might not get you emotional involved (the main characters are derived of many facial expressions, due to the fact, that they are robots and are lacking some facial similarity to a human being. Yes there are the eyes, but many other things are absent. Not that you would want to have it any other way. The movie is pretty silent (especially in the first part of the movie), but you still get attached to this robot being.

There are many in-jokes for the mature audience, a message delivered with the right notes and many other funny things, that makes WALL-E one of the best movies. Not only in 2008, but overall.",kosmasp,2009-01-30
"WALL-E, the most innovative animated film in years...","Animation is a key element in the lives of children but somewhere around adolescence, a young person feels they're ""too mature"" or ""too cool"" to be watching ""cartoons."" Then a change occurs in adulthood, which the same young person misses something from their childhood and a film they watched while playing with Lego's brings them back to that. As of late, animated films have tried to be something their not, perhaps lost their spark. In the new millennium, I haven't really experienced the Bambi, The Lion King, or The Fox and the Hound of our time. Finding Nemo and The Incredibles raised the bar but still hadn't been the perfect dose of entertainment, writing, and emotion. WALL-E, has achieved where its predecessors failed.

WALL-E is the most touching, real, emotionally moving film this year so far. The film is about a little robot named WALL-E, (Waste Allocation Load Lifter Earth-Class) who has become exceptionally lonely on the desolate planet of Earth, that has become a wasteland of filth, debris, and pollution. Life has ceased to exist on the once populated planet until a rocket lands and drops off a ""surprise,"" to say the least. Enters our heroin, which might be an understatement, EVE, a robot with an edge, that is searching for ""something"" that might be the key to life's existence. But alas, WALL-E falls in love with her charm, wit, and blaster gun and when circumstances force her to be picked up, WALL-E will travel across the galaxy to find his love.

WALL-E makes a statement loud and clear about today's political factors, from pollution to exercise, love, life, it speaks of it all in volumes without any words; it uses images to baffle the viewer as we are thrust through the film. Writer and Director Andrew Stanton creates wonderful details as we are engulfed into WALL-E's world and within seconds of the film starting, fall in completely in love with the robot.

The film doesn't pretend to be something it's not and Stanton isn't afraid to let the film be both for the mature and the innocence of our youth. With limited dialogue, Stanton takes a chance of losing his viewers but rest assured, there is never a dull moment and while the film does lose a little flavor from the start, resonance of childhood and contentment fill the viewer in images of awe and splendor.

As the already declared by many, Animated Film frontrunner of the Academy Awards, the film studio Pixar may have a winner on its hands to make a strong push for Best Picture. Not since Beauty and the Beast has an animated film been nominated for Best Picture and we've had some potential candidates over the years. But with the induction of the Best Animated Feature category, voters feel there's no need to validate the films twice so to speak. WALL-E is technically beautiful which makes it a contender in the Sound and Editing categories, and Stanton is more than just the writer of the film as he directs the film with power and precise. I'd go so far as to say this is the best directed animated film I've ever seen. That is where Stanton's magic is, his direction, but writing is definitely a strong suit for the film as well. We'll have to wait for the upcoming awards season to see how it plays out.

But go and catch WALL-E on the big screen, and enjoy the masterpiece for what it is and the wonderful short film at the beginning of the film which is a treat for all.

***½/****",ClaytonDavis,2008-06-30
IT'S PERECT. Please don't make a sequel. Please?,"This film stands on its own. It's so good it doesn't require more. It would only water down the beauty of the first entry. I beg you, please - don't make a sequel.

This movie can last the ages with the likes of OG Disney animations that we still show our kids. This movie is a masterpiece.

Wall-E and Eve are precious characters. This cannot be replicated. Ever. It tells more than one story. The animation is absolutely breathtaking and the amount of care put into this film (story, production ect.) is not seen often.

Please leave it alone, for us and our children and their children all to cherish this amazing piece of work. A sequel will never feasure up and only be a stain on the original. I beg you to all to watch this. It's wonderful. Truly.

Thank you.",CriticismHurts,2023-11-16
Stars,"This movie is so nice. And heart-touching. I've understood the whole film, even if there are just actions and no dialogue. This is the first ever robot movie that made me cry so much. I loved the part where I got to have many realizations in my life as well. I realized that we all have different natures in life. One can say that she's living her life even if she's just on a chair, having her comfiest comfort, watching a movie, and eating snacks. One says she's having the best life when she's exploring something new. I realized that it's different depending on one's perspective. It's different that for some, they realize that they want or have the best life when they reach something like a goal that is beyond their comfort zone. Just like Wall E and the one who became lovers. I have realized that life is really great because there are more things to explore in it. As long as you have money, well, in making money, your journey to it will experience different explorations, and that is great. I, as a person, believe that we are not the problem, but the environment of where we are. We don't feel much of our value if we are in the wrong environment. But because of this movie, I have realized that it's not solely because of the environment; we can become a contributing factor to its change too. We can contribute something for its betterment, for it to become what we want to be for the people and for ourselves. Yes, it is hard at first, and I deeply admire those people who fight for change-the right change. One step can become a significant step, and a ripple effect will follow. Lastly, I have realized I need to contribute more to our 17 sustainable development goals. Gosh, I have never realized that I will cry because of a robot movie. This is a very cute movie. Mej naaanek ako sa love story ni Eve and Wall E, pero gow okay. This movie was recommended by my friends, who said it was a must-watch. They did not fail.",pinktinsel,2024-03-25
A masterpiece that will last forever.,An unforgettable Pixar masterpiece. For a moment I forgot that the film is animated because it is so well made.,oshplo,2020-12-30
"Wall-E = Political Statements, Not family fare","I went to see ""Wall-E"" today and expected to get my money's worth -- but did not. I was gravely disappointed and appalled at its content. It does not measure up to previous Pixar movies. Within 5 minutes, I felt sick to my stomach. It seemed as though I was watching an unrealistic version, even though it was computer animated, of Al Gore's global warming hoax, ""An Unfortunate Truth"". Throughout the entire film, I felt I was being barraged by a propaganda tool as I sat among many families with young children in the theatre. ""Wall-E"" depicts a dead, life-deprived world of the near future, machines in control of people, and portrays all people as fat, stupid, and irresponsible with no idea of outside issues. It has a very unpatriotic theme designed toward creating an atmosphere of despair, fear, and uncertainty. Pixar should remember that it is a family-geared entertainment company. This film openly and shamelessly presents the desire to be politically correct and passes it off as appropriate entertainment for children.",dovetailj74,2008-06-29
It had to happen... an average Pixar movie.,"Childish, overstated, looks impressive. 

6 out of 10 is still worth seeing. It's pretty good entertainment, but not brilliant or outstanding.

Recurring themes are repeatedly forced, like how we're told that Wall-e has a crush on the other robot. OK, we get it. But just in case we missed it, here's another scene showing just how much Wall-e likes the robot. It gets tedious.

Even the bigger eco-humanity message is clumsy, a saturating swipe across the story. No subtle interwoven story details here, this is bowling ball sized plot elements coming straight for us.

In Wall-e, the plot holes are quite big. Enough said about plot holes.

The bottom line is it looks polished. Cinematography is impressive. But there's too much of one robot calling out the name of the other robot, and in the end it struggles to stand next to the other Pixars on the same level.",randomStuff101,2009-04-11
All adults must see this!,"This film is not an animation targeting at children, nor teenagers, but a great film all generations all over the world should see. It is not simply funny but fascinating, impressive, moving, and also instructive. Each character has its personality, and each scene is well considered and finely structured. Wall-E is not only cute but also full of spirit of love and dedication. Captain McCrea has not lost the human spirit in spite of his lazy days and his degenerated fat body.

The film also presents environmental issue the human being is facing much ahead of the US Government, still it has a great optimism on future human nature.

I watched this film with my teenage kids, and we laughed, commented with each other and were moved together. Everybody can view it alone, with your friends, colleagues, and family like us!",Ray H.,2009-07-25
A Wasted Opportunity,"After half an hour of almost meditative atmospheric silent comedy build-up, complete with perfect use of sound effects, the plot kicks in and we're left with one of PIXARs least captivating story lines this side of ""Cars"".

The computer-generated images are crystal-clear and marvelous to behold, but, compared to, say, ""Ratatouille"" somewhat distancing, while the sledgehammer delivery of the eco-friendly message with all the obese robot-controlled ex-earthlings tends to overstay its welcome. Especially the second half with all the chasing and hiding suffers from lazy script-writing.

Still, as with all PIXAR works, an enjoyable movie.

6 out of 10 ""Hello, Dolly!"" songs",Rindiana,2009-06-11
Very well animated drivel pathetic mellifluous storytelling,"It is undeniable that Pixar make pretty pictures. The animation is amazing but this story is mellifluous mindless drivel and spectacularly boring.The vote results have again confirmed for me that the majority of IMDb users have no appreciation of film culture or history. I have no issues with mindless entertainment but giving this forgettable summer fare a score of over 9 and having it rank higher than ""The Godfather"" and just about every other true cinematic masterpiece ever produced is a reminder of how the American general public are pathetically devoid of film culture. I remember when IMDb was at least a good barometer of the cinematic value of American films now it is just a good resource to get quick access to showtimes.",stockmonsterboy,2008-06-30
The Best Animated Film,A futuristic animated film with gorgeous visuals and important things to say - earth 700 years in the future full of trash? It's not exactly a far-fetched prediction! WALL-E was a magical character and a magical story. Probably my fave animated movie.,mycannonball,2021-11-19
Mostly greatest animated films of classic robot...,"WALL-E in animated 3D movie for futuristic with outer space in 2110 as started coolest under robotics her like it... You're think watch do cartoonist films 2100s future in next evolution now. Disney Animation and Pixar starts your 2008 movie goes anything. She's girlfriend just EVA friendly come with start his WALL-E her most absolutely brilliant in can classic films of everything, Let's favorite cartoons of 2008 movie with Pixar/Disney new ideally it robotics so believed. In starting comes plant/leaf growing seed needs our incredible spacious of movie 2008 years for future animation.",kristewright,2025-08-04
Another Pixar Gem!,"Wall-E is a tender tale of a hardworking robot named Wall-E, named for the company that created him. He works with a single-minded purpose every day, sorting through a virtual city of trash, most of which he dutifully compacts and piles into neat stacks that resemble buildings. Some of the junk he chooses to save, with the thought that it might someday be useful: A light bulb, hubcap, Rubik cube – they all becomes a part of his home, decorated with strings of bright holiday lights. At the end of a long and monotonous day, our hero replays a scene from the 1969 movie, ""Hello Dolly"", enthralled by Michael Crawford and Marianne McAndrew, holding hands and singing a tender love song. 

One day Wall-E and his cockroach sidekick Hal, witness a spaceship depositing a sleek little hover craft, designed to collect data and soil samples from the surrounding environment. Wall-E clings for dear life, hitching a ride on the spaceship that snatches up Eva after she collects a sample of plant life. Eva's life consists of living in a vast space center, where the human population is virtually waited on hand and foot. 

My daughter's snoring interrupted my amazement at a new plot twist. What began as a sweet love story between two robots was now a cautionary tale of an entire population of couch potatoes, forced to abandon Earth when the trash makes the surface uninhabitable (for humans, that is). 

But why spoil the dramatic ending? Let's leave you - the viewer - do a little discovering of your own and see this wonderful Pixar Oscar winner!",OutsideHollywoodLand,2010-02-02
Amazing for kids and adults,"A wonderful cartoon for children, but also for adults. Still relevant in its subject matter and the message it sends us. There is no dialogue for the first half hour or so, but that's why those scenes are strong, emotional, and maybe even more powerful than those containing words (e.g. When Wall E initially finds certain things among the trash). I found links to the 2001 Odyssey that were deliberately placed like the first half hour of a movie, the main robot in a spaceship, or music near the end. Not only is this a great cartoon for kids but it is also a great SF that adults can enjoy as well. It didn't lose anything when I watched it again, in fact it may be even better. I would dare say one of the best cartoons of the last 20 years, if not all time.",ivanmessimilos,2022-01-06
It Only Takes a Moment to Be Loved a Whole Life Long!,"Wall-E is one of my absolute favorites. I know a lot of people don't like the lack of dialogue; however, I would argue that that is part of what makes the film so charming! Wall-E and Eve (though they do make some verbal communication) express their feelings through facial expression and physical reaction. This is a true credit to the animation of the film - we know exactly how Wall-E is feeling at every moment and we are drawn to empathize with him. Early moments like his ""taking off his shoes at the door"" (hanging up his treads), his groggily needing his energy boost in the morning, his packed lunch box, his appreciation for quirky items and dancing, and his desire to have someone in his life make Wall-E so humanly relatable despite his being a robot. The relationship between him and Eve, whose ""Type-A"" and somewhat aggressive personality is the antithesis of the tender, charming Wall-E, is both hilarious and heartwarming (and in my relationship, relatable :D ). Wall-E shows Eve how to enjoy the little things in life and that being with the one you love is more important than any other ""directive"". Like all Pixar films, the movie is studded with clever Easter eggs you don't always pick up on during the first watch. Finally, the fact the story is set alongside the music from Hello, Dolly! Always puts a smile on my face. Wall-E's constant playback of the musical's recordings demonstrates that even when the state of the world seems to be at its worst, solace can be found in music. At its core, the film is a love story, but it creates equally uplifting moments as we see how the character of Wall-E makes an impact on the lives of everyone (both human and robot) he encounters throughout his journey to be with Eve. It may lack dialogue, it may be slightly heavy-handed in its warning against one's carbon footprint and submission to automation, but damn, it is a genuine and sweet story of romance, adventure, and ""how it only takes a moment to be loved our whole life long"". <3 I can watch this film over and over and it never ceases to make me smile!",Megxan,2024-08-20
wall-e,"A love letter to science-fiction films of old with a modern environmentalist message, WALL-E is another winning confection from Pixar, the folks who have made an art out of wrapping adult themes in childish whimsy and coming out with movies that please both elements. Starring a box shaped little robot with more than a passing resemblance to E.T., WALL-E is quite possibly the cutest Pixar hero ever, despite the fact that he's a trash compactor with eyes. A story centering on a wordless robot could be cold and uninviting, but not in Pixar's capable hands. Never has a robot been this compassionate: WALL-E's got heart.

The story of the film is deceptively simple. WALL-E (Waste Allocator Load Lifter - Earth Class) is the last of his kind, a robot created by the Buy-N-Large Corporation to clean up the piles of trash left on Earth by the conspicuous consumption of human beings. The humans themselves have evacuated the now-lexically trashed Earth for a Eden-like spaceship habitat called the Axiom (also created by BNL corp.), where they spend their days sipping meals out a cup and reclining on floating easy chairs. Though all his robotic compatriots have long since compacted their last, WALL-E continues plugging away at his job in an endearingly human way. He wakes up each day to the chime of a Macintosh starting up (score for the folks! Thanks Steve!) and heads out for another day among the trash heaps. He brings a battered coolie along with him to save the things he likes: a ping-ping paddle, a plastic dinosaur toy, a light bulb, a small seedling saved in an old boot. He ends each day in his home, watching an old video tape of Hello Dolly! - an important motif throughout the film.

Things change drastically for WALL-E the day EVE shows up. She is slick and futuristic and quite obviously a girl; WALL-E falls in love almost immediately. It turns out EVE has been sent from the Axiom to scan the earth for signs of habitable life. Their convincing courtship is done completely without dialog, quite a feat for sound designer Ben Burtt who found a way to make ambient noise into recognizable words for WALL- E. Trying to impress the coolly modern EVE, WALL-E shows her the seedling he found, at which point EVE goes into a hibernation state and awaits the return of her spaceship. WALL-E, of course, cannot abide by his beloved EVE's status and hitches a ride into space to save her.

A bit disturbingly, all the humans on the Axiom have regressed to babyhood (enormously fat, with chubby extremities and little bone density) after 700 years of living up in space and drinking their meals through a straw. It seems that this may have been the aim of the BNL Corporation, who have instructed the ship's Computer Auto (Sigourney Weaver) to never let the humans return to Earth, even if it is found to be habitable once again. Though WALL-E's only aim on the Axiom is to find his beloved EVE, he finds himself wrapped up in a race to save the seedling he collected on earth from the treacherous tentacles of Auto. Along the way he meets a variety of robots, each with their own supposed job, all of which are related to cleaning up. It becomes clear that human consumption is what has trashed the earth and is now trashing Outer Space as well.

Though he is tiny and relegated to the dirtiest of the dirty jobs, WALL- E truly understands how to find value in sullied things and how to create magic out of useless objects. He is more human than the humans in that way and slowly, without preaching (he can't even talk), WALL-E begins to show them how to regain what they have lost through sloth and over reliance on technology. It's an environmentalist film, but also a poignant homage to simple joys in this era of pods and digital everything.

Half of what is so enchanting about watching WALL-E, as in all Pixar films, is seeing how the filmmakers have created a working universe in which to play. There is no skimping here, no visible shortcuts. WALL-E himself has a million ways to express his emotions, from compacting into a box when he feels shy to wiggling his binocular-like eyes in awe when he first beholds EVE, all of which are related to physical, realistic components. That allegiance to authenticity allows the film to send its narrative to fantastic heights without seeming over the top or phony.

Like all previous Pixar films, the meaning of WALL-E is deeper and more profound than the merchandising opportunities found therein. It's a love story, yes, but it's also a story about staying true to your own heart in the blandly evil face of authority. It's a tale about saving the small things and cherishing the world you live in, no matter how imperfect its surface might seem. Andrew Stanton, who won an Oscar in 2004 for Finding Nemo, has certainly earned his place in the pantheon of animation pioneers, but with WALL-E, he has taken not only the art of animation, but the art of storytelling to new, unimaginable heights.

As a bonus, Pixar have affixed a Looney Tune-y short about an arrogant magician and his hungry rabbit to beginning of the WALL-E. Presto! is pure Looney Tunes and a fitting appetizer to the lovely film to follow.",rahshaikh-848-882304,2013-11-21
Must Watch,"Title says, don't hold on, do it.

What else I can say? Actually nothing more, just make it as fast as possible.

Okay if you need more reason to watch this, you can read others reviews and might says more, but enough empty words, as I stated before, LET'S GO.",fpetersonty,2022-07-26
An innocent little robot begins to have feelings for a robot named EVE.,"It's not unusual for Pixar to make a movie that is unforgettable. 

This film proves that humans aren't the only things with feelings, and it shows it in an awesome way. The movie has barely a word spoken in the first 30 minutes, but tells a story so touching and so innocent it leaves you breathless. The first half is transcendent. 

Although WALL-E is a robot composed of assorted metals, he is anything but lifeless. 

I was really surprised at the quality and depth of the movie. This is not your ordinary children's cartoon by any stretch of the imagination. 

I can not say that I highly recommend it, but it is worth watching once.",WhosDaisy,2015-04-05
an overrated film with memorable scenes but no solid story,"Every summer lately has its big animated hit, and sometimes more than one. 'Wall-E' will certainly be the big one of the summer of 2008 and will make a lot of money in the process. I do not share the enthusiasm of the crowds on this one however.

There are a few remarkable things in 'Wall-E'. The principal character is cute and nicely drawn, with an E.T. like silhouette. His romantic interest is however deprived of any charm, exception the way she voices 'Wall-Eeeeeee' and we hardly share his enthusiasm for her. The love dance in the starry night is a beautiful piece of animation. The visions of Earth reduced to a garbage dump and the one of the humanity turned into sacks of junk food are haunting, although a little too ideologically explicit. But then between all these we do expect a movie line and a story, and those are not missing but so simplistic and naive that they lack any interest for the adult viewer, and by this I mean anybody older than nine. Graphics are OK but I have seen better from Pixar.

When the first viewers enthusiasm will fade out this film will slowly decrease in rating (it has by now a stellar 8.9 in IMDb, and is a neighbor of Lord of the Rings and Usual Suspects) and will melt out from Top 250. We will be left with an animated movie of a few memorable quotes but no real story to connect between them.",dromasca,2008-07-14
Best sci-fi movie for kids,"Walle is a piece of art, I can't put it in other worlds apart of that, Pixar ,here, has created a new classic suited for our world ,who is based on scientific advancement, fears about the environment and how the future will be after wards.To add to that Walle is one of the cutest characters I have ever seen and his movie more than deserves the high rating it has. I remember very well when I went to cinema to see it with my school, is one of the few good memories I have from the years in junior high school. In summary, Walle is the cutest post-apocalyptic movie which has been made,is beautiful to watch and gives to the kids good lesson about the way we treat our planet, this blue dot in the sky to paraphrase Carl Seagan.",tankace,2016-03-14
So cute!,"I can watch this over and over again. It's just the most adorable film I've ever seen.

Even without substantial dialogue, you can really sense the emotions throughout these two robotic creatures. It really gives a great sense of the spirit of humanity transferred into these beings.

Overall story line, animation, and even the themes are well thought out. I was thoroughly entertained throughout this piece.",sadovif,2021-08-16
Brilliant animated science-fiction film with a strong message,"There's not much I can add after almost a thousand reviews. I agree with the collective wisdom of IMDb users. This is a wonderfully written and beautifully animated science-fiction movie with lovable, human-like robot characters.

Yes, I suppose children might enjoy this film, but it is also aimed directly at adults. None of the characters in this movie are children (of the human, animal or robot kind). As charming and cartoonish as it is, ""Wall-E"" is a rather intelligent, harsh indictment of American consumer culture. One of the themes is environmentalism; another is humanity's growing dependence on its machines.

A huge amount of work must have gone into inventing and creating this film's version of the future Earth, and also the world of ""Axiom"". The way the creators were able to anthropomorphise the robots was remarkably creative. The movie reflects our own ambivalence: we love these little bots, but at the same time we see the danger. Can we ever live without them?

Six years after release, this film still delights and amazes. It's difficult to think of a single thing to criticize about it.

I can't say that I am a die-hard Pixar fan per se. Many of their films (eg Cars) don't work for me at all. This is one of the best of the bunch, right up there beside ""Finding Nemo"". Kudos to Andrew Stanton.

After seeing it three times now, I'm tempted to give it 10, but 9 will do for now.",Laakbaar,2014-02-19
Define Dancing,One of the best romance stories conceived happens to be animated as well. This movie truly does come a close second to Coco.,sbasir96,2020-10-17
One of my two all time favorites.,"This movie is gorgeous beyond words and has an amazing message.

This has been my all time favorite Pixar film since it came out. Only recently had it been tied with another, that other being Coco.",dilloncamp,2021-04-09
Heavy-handed message; clichéd characters; 100 minutes of pantomime,"This was one of the uncommon situations when I saw a movie without knowing anything about it beforehand. I tend to believe that in such situations one's reactions are most genuine, without a trace of foreign influence.

It turned out that WALL.E was quite a disappointment. For brevity, I'll list only three reasons. 

(1) First, the movie's message: it's heavy-handed, to say the least. And it gets rather thick towards the end. I leave it at that, for fear of spoiling.

(2) Animation is about characters. The character of WALL.E is very predictable. It's completely human/childish (and clichéd, at that!). It seems the challenge for the creators/animators was simply ""how do we convey this emotion, given the mechanical constraints"", ""how do we relate this trait, given the expressive limitations"", etc. 

(3) Being essentially a silent movie (question: how come a rather sophisticated robot -- watching TV, making plans, and all -- has such rudimentary speech skills -- he can barely utter a syllable or two?), it strongly resembles a pantomime: For 100 minutes, the audience is asked to guess what the character is attempting to do. After a while, it gets tiresome.

BTW: I noticed that it's much easier to praise a popular movie than criticize it. Somehow, many readers get upset when reading a review with which they don't agree. This being a 9.3 movie at the time of writing, I expect the worst :-)",kloomnik,2008-06-29
A spark of love and Pixars Masterpiece,"WallE is a movie I grew up with and is one of those movies i one day also will show my kids and i hope they show theirs.

What WallE accomplished in building and relation to a character without using any words within the first five minutes of the movie is probably better done than many movies today. The movie heavily relies on the soul of the movie and while not getting lost in any other mission on the way WallE is one of those simple storied movies that hits you in the end.

Being a movie that was made in 2008 the movie still need to withstand the test of time but to date in 2024 the animation is nothing I got buttered about during the watch. The decision of making the playback videos without animation is something I tend to wonder, it in kind of a way established a better connection to the viewer but almost is something that I think for some could break the 3rd wall.

In recent days Pixar seems to have become a money cow and the more recent movies don't have the simple backstory and powerful characters we once seen. WallE is truly their masterpiece and hope not the reputation of it is something they are planing to break soon.",Felix-Wackenhuth,2024-10-24
First droid love story,"It is very rare that I award a movie a 10 out of 10 on one of these reviews, but WALL-E fits the bill for that rating for sure. To earn the rating, you have to do something completely brilliant, something that really has not been done before. WALL-E does just that.

The secret is the characters, and actually the trajectory of the artistic idea starts with the film to which WALL-E is most indebted, 2001: A Space Odyssey. In that movie, Stanley Kubrick decided it was time for a computer to be a real movie villain. The computer becomes a character, and actually turns malevolent. The idea touched a nerve that spawned an incredible number of spin-offs, most notably the Terminator movies, in which the idea is inverted (after the first movie), and the computer (machine) actually becomes a hero.

In WALL-E, what happens is we get the first love story between two pieces of technology, and the question is seriously raised about the meaning of love and humanity. The possibility of full-bodied in-love droids that actually strive to save humanity make a very clever point that technology is not necessarily evil, it only becomes evil with careless use or lack of control. The love story is incredibly touching because it occurs between objects that are the product of human creation. The whole idea is really original.

Add to this all of standard technical brilliance that we know of Pixar--awesome animation, music, etc., and WALL-E simply outdoes anything that Disney has done recently. It is rare to encounter a movie that is simply mind-boggling because of its originality.",joncheskin,2015-02-25
Pixar's WALL-E best animation,"The movie has a wonderful look. Like so many of the Pixar animated features, it finds a color palette that's bright and cheerful, but not too pushy, and a tiny bit realistic at the same time. The drawing style is Comic Book Cool, as perfected in the funny comics more than in the superhero books: Everything has a stylistic twist to give it flair. And a lot of thought must have gone into the design of WALL-E, for whom I felt a curious affection. Consider this hunk of tin beside the Kung Fu Panda. The panda was all but special-ordered to be lovable, but on reflection, I think he was so fat, it wasn't funny anymore. WALL-E, however, looks rusty and hard-working and plucky, and expresses his personality with body language and (mostly) with the binocular-like video cameras that serve as his eyes. The movie draws on a tradition going back to the earliest days of Walt Disney, who reduced human expressions to their broadest components and found ways to translate them to animals, birds, bees, flowers, trains and everything else.",MacRoBu,2016-08-25
Done to death,"i found this like many pixar movies....

One or more lovable protagonists have existed for some time in a stable but fundamentally flawed routine, which is shaken up by the introduction of a foreign entity, usually another character, around whom attitudes are initially hostile. Attempts to deal with this character eventually lead to the protagonist(s) discovering a new, unfamiliar world, and in doing so discover the nature of the fundamental flaw in their routine. Villains are usually introduced or only become truly villainous from around the mid-point or quite late into the film. Along the way the heroes enlist the help of various lesser characters with clearly definable quirks and at one point reluctantly enter a high-speed chase. The villain is generally finally defeated with surprising ease, and everything concludes in an emotionally manipulative ending in which routine is restored with the fundamental flaw excised.

this has been done to death Pixar please find a different formula",Nic364,2009-08-20
addressing our probable outcome,"WALL-E is just a sweet movie, which deals on the loneliness and determination of a singular robot that developed sentience while watching videos of human interaction and listening to music. WALL-E was the only one of his kind left on Earth and he kept at his job even though others like him have been unable to keep up and have become rust and parts for WALL-E to use to carry his singular assignment as a cleaner of the earth, along with him is a friend, a cockroach which WALL-E adores.

WALL-E (Waste Allocation Load Lifter – Earth Class) developed a romantic endeavor with another robot named EVE (Extraterrestrial Vegetation Evaluator), a romance that Andrew Stanton (a Christian) the writer/director came up with, as he viewed WALL-E's loneliness like that of Adam in the Bible and how God gave him Eve as a companion, so the name of WALL-E's companion was named EVE in reference to the Eve in the Bible.

With Stanton wanting WALL-E as a box with no mouth or nose and EVE as an egg with no mouth or nose the animators watched a series of Buster Keaton and Charlie Chaplin movies for almost a year to be able to learn how to create emotions silently.

WALL-E's plot is about a singular robot that in 2805 was still cleaning the earth after the humans were evacuated in 2105 to starliners. 

As the Earth was becoming a waste land humans had to be taken out of it so that it can be cleaned so when all human were gone, left behind were trash compactor Waste Allocation Load Lifter – Earth Class (WALL-E) robots, to clean the Earth but as the years passed all other robots broke down leaving except one, so this singular WALL-E robot carried on with the earth cleaning task.

One day a beautiful robot named EVE came to Earth, and WALL-E fell for her; although she was a hard nut to crack, WALL-E triumphed but when her task was trying to set them apart, WALL-E followed her to a starliner where humans were, there we come across other plots and subplots concerning the humans if there are to go back to earth or not.

WALL-E deals with a lot of major issues that we are either facing or going to face in the nearest future, the problem of waste management, laziness, obesity, consumerism and environmental problems that the world will be facing if we don't sit up.

WALL-E won numerous accolades, including an Oscar for Best Animated feature, it was also ranked number movie in the 2010 Times magazine movie of the decade. It currently holds a 96% approval rating on Rotten Tomatoes with an average rating of 8.5/10. It was also a commercial success.

WALL-E is one of those movies, which just stick with you, the nostalgia feeling it delivers, the innocence of love, and the determination of a singular robot…, WALL-E is a movie that will always stand as one of the best Disney/Pixar has to offer.

www.lagsreviews.com",lagudafuad,2012-12-25
SUCH A BEAUTIFUL CLASSIC MASTERPIECE!,"This is my favorite Pixar film of all-time! WALL-E is such a cute, likeable character and so to Eve. The concept of this movie is very interesting, original and entertaining and I love the dance scene.",AgentKaren,2022-01-27
OMG,"This is how you write a masterpiece of a story. Adventure, Love, Comedy, Sci -Fi , Romance, Villain and reality. This movie has got every single thing.

It's strange how a movie meant for kids can carry a weight so heavy it mirrors the burdens of life. I didn't expect much when I watched Wall-E. Just another animated flick, I thought. But somewhere between the silence of a desolate Earth and the tenderness of two robots reaching for each other, I found myself deeply affected.

Maybe it's because I, too, know what it's like to love and to lose. To pour yourself into someone so deeply that when they're gone, you're left wandering like a ghost, collecting scraps of what used to be. That's Wall-E: a tiny robot on a barren Earth, keeping pieces of a forgotten past because they're all he has left. His days are monotonous, filled with work no one cares about anymore. Watching him, I couldn't help but feel like I was staring into a mirror.

Wall-E isn't flashy. He doesn't say much. His life is as quiet as the Earth he roams, abandoned and left to decay. But in his solitude, there's a kind of hope. His fascination with little trinkets-a Rubik's cube, a lighter, an old VHS of Hello, Dolly!-is both heartbreaking and beautiful. It's the way we hold onto memories, isn't it? The way I still keep that necklace she gave me, even though she's long gone.

And then EVE comes into Wall-E's life. She's sleek, confident, and utterly unlike him. Where Wall-E is clunky and outdated, she's futuristic and perfect. Watching them together, I was reminded of my own love story. How I, too, fell for someone who seemed so far out of my league. Like Wall-E, I was nervous, awkward, unsure if I deserved her. But Wall-E? He doesn't question it. He just loves her, boldly and without hesitation.

The scenes between Wall-E and EVE are the most moving parts of the movie. There's a simplicity in how they interact-small gestures, the way they say each other's names. ""Wall-E."" ""Eve-a."" It's pure, untainted by the complexities that humans bring to love. Watching them, I found myself crying, not because I was sad, but because I missed what we had. The way she'd smile at me for no reason. The way we'd hold hands in silence, perfectly content just to exist next to each other.

When EVE shuts down temporarily, and Wall-E refuses to leave her side, I felt my heart break all over again. That's what love is, isn't it? Staying, even when it feels like the other person isn't there anymore. Even when it hurts. Wall-E protects her, shelters her, and never gives up hope that she'll wake up.

As the movie shifts to the humans aboard the Axiom, the tone changes. It becomes a story about humanity's disconnection-from each other, from the Earth, from themselves. It's a powerful message, no doubt, but I found myself distracted. My mind kept drifting back to Wall-E and EVE. Their love was the core of the story for me, a reminder of what it means to truly care for someone.

In the end, Wall-E sacrifices everything for EVE. He loses parts of himself, quite literally, just to make sure she's safe. When he shuts down, I felt a heaviness in my chest that I hadn't felt in years. It was too familiar. The way love can take and take until there's nothing left. But when EVE brings him back, when she gives him a gentle kiss and his eyes light up again, I found myself smiling through tears.

I think that's what Wall-E is really about. Not just love, but resilience. The idea that even when everything is broken-our world, our relationships, ourselves-there's always a chance to rebuild. I don't know if I'll ever find that again. Maybe my story isn't meant to have a happy ending like Wall-E and EVE's. But for a moment, this movie made me believe it was possible.

So, if you've ever loved and lost, Wall-E is more than a movie. It's a reminder of what it means to feel, to care, to hope. And maybe, just maybe, to heal.",abhishekgiri298,2024-12-05
Wall-E: Beautiful in its Implementation,"The ninth film from animation kingpins Pixar, Wall-E comes with a considerable reputation. Boasting awards aplenty and an almost entirely positive critical reception, it adds much to the already significant commendations received by the studio.

The film, a future parable, focuses on the eponymous robot and his single handed efforts to clean the world up after humanity has abandoned it, and their rubbish. We soon learn that mankind is orbiting in space, floating about in dozens of gigantic ships, awaiting the time when they may return to an again healthy world. We see the arrival of Eve, a scanner robot sent to Earth to detect signs of life. Wall-E, alone in the world with nothing but a cockroach and an old copy of ""Hello Dolly!"", sees in her a chance to know something other than loneliness.

Wall-E provides an emotional depth rarely achieved by live action films. The animation of the main character is astounding, the realisation of this originally perfunctory machine as a fully rounded personality a stunning achievement. Through the simplest of motions, we are from the start able to connect with the robot and understand the poignant loneliness of 700 years. It is difficult to believe just how involving, engrossing and spellbinding the character is, and all that without any form of dialogue. Amazing. Once the plot gets kicking, we are treated to humour aplenty, a perfectly entertaining story, and an appropriate underlying message. The laughs come in equal measure as the tears; Wall-E's clumsiness as effectively brilliant as his hopeless romanticism. The running motif of his desire to hold Eve's hand is wonderfully moving, as beautiful in its implementation as the emotional scope of his eyes.

Incredible animation, an emotional depth unparalleled by its rivals, a perfectly fine plot, and an important message. Wall-E is a great, great film.",imagiking,2010-03-14
WALL-E: Amazing,"WALL-E is hands down one of the most visually stunning, thought-provoking, and all-around kick-ass movies I've ever had the pleasure of watching. It's like if Michelangelo and Stanley Kubrick had a baby and then raised it on a steady diet of robot love and environmentalism. The animation is top-notch, the story is heartwarming, and the characters are some of the most lovable robots to grace the silver screen. But let's be real, the true star of this film is the clever and subtle social commentary woven throughout. It's a film that manages to be both entertaining and thought-provoking, a rare feat indeed. And let's not forget the incredible soundtrack, which perfectly captures the film's themes of love, hope, and the importance of taking care of our planet. So, in short, WALL-E is a cinematic masterpiece that should be required viewing for anyone with a brain and a heart.",walterclements,2023-01-21
What Screenplay?,"This movie was nominated for Best Screenplay? What screenplay? WalllllEEEEEEE WallllllEEEEE beep beep cat sea he she me it. Is robot mambo jumbo a new language that is worthy of an Oscar nomination? It didn't win, but then it wasn't even in the top 100 screenplays What screenplay? plus the movie is boring. Robots in love; now that is a new concept; just like sharks in love and snakes in love some things are not able to love and to imagine them in love is not much entertainment. I seldom see an animated movie; some have been great. What is it about space and robots and science fiction that is somehow so entertaining? I can't figure that out. Doesn't grab my attention.",qcmoot,2009-04-09
Heartwarming,"This movie, about a small waste-collecting robot who inadvertently embarks on a space journey that will ultimately decide the fate of mankind, is a good family movie!

At first glance it's surreal to see our planet this poisonous that contains cities of trash with only robots and small creatures moving around without a single human being. It's strange to see the Earth that unlivable, and the worst of all: it's scientifically possible, and we are on our way for it.

Anyway, the robot WALL-E was one of the last remaining waste-collecting WALL-Es on Earth due to the lack of battery access, but this WALL-E knew his tricks. He had his own personality, preferences and techniques, and he had a nice life among his collections. This created such a good-feeling opening of this movie, and you can't take your eyes off from this innocent fella.

The story is interesting, but personally, it can get a little slow. There are only a few highlights that give major impact on the story, and it often rather focuses on small details for just entertainment. But at the same time, some of those scenes have a surprising amount of depth and can melt anyone's heart, and that's what making this movie shine.

When it comes to the technical aspects, it's truly a joy, both visually and sonically. The animation is top-notch, and the sound design and the soundtrack are worthy additions to this movie. It's a well made family movie, and all kinds of audiences are welcome to enjoy this ride.

Overall, this is a heartwarming and well-made family movie with a surprising amount of depth. The story is engaging and the characters are lovable, and the technical aspects are top-notch. The movie can be slow at times, but it is ultimately a rewarding experience that will leave you thinking about the future of our planet.",mieriks,2023-09-03
One of the best animated movies,"The movie can be interpreted from different perspectives. We live in an age of rapid technoloical advance which has brouht great damages to the planet we live on. Even though we could live in a spacecraft temporarily, the Earth is always our home. And we need to be cautious about robots who may develop feelings just as we do.",convemn,2022-02-02
Sor-e,"An almost intelligent robot (WALL-E) goes about his business of cleaning the earth up after an apparently devastating war. Humans are far, far away on a luxury space ship until the earth is ready to receive them again. In the meantime WALL-E encounters a female probe, EVE and is smitten. 

OK, let's get this out of the way: WALL-E is Waste Allocation Load Lifter – Earth Class. 

The last full length cartoon I watched was The Jungle Book and it had class, good lines and a good story. I suppose there are other good ones out there since The Jungle Book, but ….. This animation cartoon had possibilities to say many things, but failed to do so, and it wasn't funny. Clever, yes, but not hilarious as some have postulated. 

The humans on the luxury ship were not eager to get back to earth, only the Captain was the eager one. They were happy doing what they were doing because for hundreds of years in space they knew nothing else. And, if you saw the over portly humans there would be the tendency to blame them for their physical condition, but the rigors of space did all that to them. So we are not surprised to see there were none of the reasons expounded upon to never let this happen to earth again, no more war etc etc. For hundreds of years in space they knew nothing about war and seemed to have forgotten all about living on earth. They knew nothing else. But, the Captain had an inkling. 

WALL-E's flight to stay with EVE as she reported back to the mother ship showed us the human condition on the luxury ship. And, that is how it all happened, boys and girls.

What would have made this more interesting was to have WALL-E actually speak besides his repeating his name over and over and over and over again. He had artificial intelligence. His speaking would have gone a long way to making this a more fun movie. What made the robot in Short Circuit (great movie) so endearing was his ability to speak, exclaim, wonder, ask questions, be surprised etc. Yes, that was not WALL-E's purpose but it could have been built in by the humans so to speak, and I would have given this a better review than a mere C. I would have laughed, cried until it became a part of me. Didn't happen.

Yes, the kids will like it but would have liked it better if WALL-E actually spoke. Listen to the kids if there is a sequel.

Visually, this is excellent and deserves an A. Some want to put this up for an Oscar: Best Picture. Give me a break. A ""C"" doesn't beget an Oscar. Give it the Oscar for Visual Effects. Are we done now?

Violence: Yes, in a cartoon kind of way. Sex: No. Nudity: No. Language: No, although the humans almost went there",bob-rutzel-1,2009-01-17
