title,review_text,username,date
Forget Disney! We have movies like Your Name.,"Your Name is just a good movie. This movie felt long, but not too long. All the way through, I was asking what would happen next. It was clever, emotional, and left me crying after the movie. The twist was done really well, and I almost wanted to pause the movie. Also, the animation is gorgeous. You get to see detailed images from many angles and perspectives, and there were hundreds of animators! The credits didn't start out with the cast like it usually would. The first thing you saw after a black screen was hundreds of names of animators and designers. I watched this movie again and I still felt my muscles ready to let tears out. I would not recommend this movie any less than the next guy, so what are you waiting for? Get a couple of friends and watch Your Name!",jbbianchino,2/8/2018
could be the greatest love story of all time,"In truth, the most competitive area of fiction is not invasions from outer space or talking dogs or impossible missions but rather the most basic narrative of all, the love story.

And this is also the most overcrowded field, and the most difficult to do right.

This film, this story, is extraordinary. It reminds me of MY SASSY GIRL, a love story from Asia that captured the imagination of the world and has almost become a franchise, it's been copied so many times.

It also brings to mind Richard Matheson's classic BID TIME RETURN, another love story for the ages that uses time juxtaposition. (Done as the movie SOMEWHERE IN TIME, 1980).

I already gave this the highest rating on the IMDb.

The animation is stunning and complimentary to this one-of-a-kind tale.

All things considered, I would like to avoid the ongoing arguments about which Japanese animation studio is better, or worse, than the other.

I prefer to simply be grateful that Japanese anime exists at all, because I cannot imagine any other country producing something this moving, this powerful, in graphic form.

((Designated ""IMDb Top Reviewer."" Please check out my list ""167+ Nearly-Perfect Movies (with the occasional Anime or TV miniseries) you can/should see again and again (1932 to the present))",A_Different_Drummer,2/2/2017
Beautiful,"I went in to see Kimi no Na ha without knowing anything about the movie. I had simply been intrigued by the movie poster with the comet as a background to two high school students living in wildly different environments - and the excellent reviews on its Friday release convinced me to see it just the day after.

Not knowing anything about the movie made me relish every single moment of it. The two main characters would, it seems, never have the occasion to meet each other, but through a mysterious circumstance are led to share some of their waking hours with each other. At first, the movie struck a compelling, funny and nostalgic view at high school life in Japan, love, friendship, puberty, teenage angst and some elements of mysticism. It felt like a very fresh and charming sentimental love comedy with a dash of depth and teenage angst. And it already utterly captured me at that point.

Yet midway, the movie veers resolutely into dramatic, and more mystical territory, while managing to keep the lighthearted tone it had reached during the first half at just the right moments. Together with one of the main characters, I was shocked and powerless upon learning of one aspect that had eluded both protagonists, as well as the audience. At the same time, a trope often used in science-fiction got thrown into the mix and the stakes suddenly get much higher, making me look back to the first half of the movie and thinking ""wwwooooowww I get it now"", while following the paths of the protagonists, which, just like the Kumi Himo (thread making?) that Miyamizu Shrine makes, represent time itself. Meeting, diverging, tangling, getting cut, doubling back. The second half of the film is a perfect adventure, full of suspense, humor, hope, and yes, tears. And at some points, it gets close to tragedy (one scene in a train left a huge lump in my throat). In some respect it reminded me of Spirited Away (my long time favorite animation movie), in which both main characters grow thanks to the other, and whose paths had crossed and would cross again, beyond memory or reality.

Saying more would spoil the movie, so I have been very, very vague. Suffice it to say the movie made me laugh, cry, get the goosebumps, and got me to the edge of my seat at some points. It really had great storytelling, pacing, characters, and emotions throughout. I loved it.

The visuals were also gorgeous. Absolutely gorgeous. Tokyo is more real than the real Tokyo, and the director, animators, background artists, and computer artists seem to have devilish fun playing with lighting and getting some of the most beautiful scenes and moments I can recall in an animation movie.

I should mention the music as well, which was very, very good. I know RADWIMPS (I went to see them live a couple of years back), but was surprised at the tone they achieved, and how well it fit with the movie - the music, along with the visuals, really help in getting a full immersion into the story.

However, some of the most hilarious jokes in the movie seem to be untranslatable to English - in particular the ""dialects"" of the main characters, as well as a specific moment that makes use of several of the ways that Japanese people use to refer to themselves, depending on context and sex (watashi, watakushi, boku, ore). So I'm looking forward to seeing how those scenes will be handled in the translation!

I have since seen the movie one more time, bought the OST, and bought and read the novelization (which is almost like the movie, but does give more insight into each character's thoughts and thought processes.). Highly recommended!",yannickd,9/7/2016
I am speechless.,"So the movie is named ""Your name?"" and its a perfect title, it doesn't reveal anything about the content and yet it caught my interest. I tend to watch animated movies because they have so much more to offer at the same time it is a tougher competition.

The story line is really good, why? Well it you are open minded it will be pretty easy to follow and accept what is going on, question about how and why get answered by themselves if you believe it is possible. Regarding the animation it give you what your mainstream point of view of Japans architecture, nature, culture and society, all from how they dress to the body language etc. The music, sound effects and voice actor/actress amplifies the emotions and guides you from start till end. There are plenty of a messages and it makes me thing about me and everything living around me, where I come from and where I am going. Regarding the character development its spot on, no more information was needed then what was provided, we are limited but at the same time free to make our own thought.

I wish to say thank you to everyone who have supported and/or worked with this piece of art, they should feel really proud of themselves, it is an honor that you shared it with us (the viewers). Thank you!",itsnemra,9/9/2016
Phenomenal,"Kimi no Nawa is up there with the quality of work Studio Ghibli makes. It's a journey in a world breathing with atmosphere, mystery, and visual wonder. A journey about growth and resilience in the face of overwhelming odds. A journey about human emotion that transcends space and time, as we watch our two protagonists struggle relentlessly against fate. A journey that might just be one of the most captivating anime movie experiences I've had in years. 

Director Makoto Shinkai's artistry is something people tend to love or hate, but this film is solid proof to all of his disdainful critics that his movies were never ""just eye candy"". They explore the nature of life and relationships in quiet ways rarely seen or discussed, which is why most of them are not fast-paced or action packed...and why they are so beautiful. But even if you're not a fan of this kind of style with its major use of metaphorical imagery and mixture of subtle and explosive emotions, definitely give Kimi no Nawa a chance. This is by far his most ambitious, original movie in many ways. For instance, there's an actual mystical element to the story apart from his previous films that are set purely on realism. The pacing is a lot faster and intense. There's a surprising amount of humor in the script, making the chemistry between the characters more light-hearted and comically entertaining than expected. All of this is done through a narrative vision so emotional, so brilliantly realized, that I'm pretty sure everyone at the Anime Expo world premiere screening was tearing up, including me. 

Without spoiling, what mainly drives this film's story is the dynamics of our main characters' relationship. The way these two interact is just so unique and lovable. The premise itself allows them to bond on a more personal level, far more intriguing than the usual teenage love story where boy meets girl, boy likes girl, boy gets girl. Eventually, you become so invested in their strange relationship, that when all the action goes down, it's no longer just suspenseful - it's almost heartbreaking. 

Editing and sound design play a HUGE role in this immersion. There's rarely a single dull moment because of how gripping and emotionally driven the timing of every cut is. The sound design combined with a beautiful music score is outstanding - subtle and moving when creating atmosphere, powerful at times of dramatic conflict. In fact, the same can be said for pretty much all of the visual aesthetics - which if I haven't already mentioned, are amazing. This is a prime example of astonishingly jaw-dropping animation combined with powerful storytelling.

Kimi no Nawa is not just any anime movie. It has the potential to be viewed and studied as art cinema. It's so beautifully crafted and meticulously detailed, I feel like I didn't even cover 80% of its greatness in this review. To do that, I would have to make a spoiler analysis review, and to do that, I would probably have to see the movie again, maybe a couple more times before I can fully appreciate this nearly flawless masterpiece. 

I know I sound like I'm fanboying, but as a film student and anime fan for many years, I'm being fully honest here - if Director Makoto Shinkai keeps this kind of quality up, he is going to be an even bigger name in the anime industry for years to come. Remember Your Name long enough until it's available in your country, if you're not seeing it in Japan theaters. Because trust me, you're not going to forget it. 10/10",DoubleCshinobi,8/11/2016
"Once seen, never forgotten- truly magnificent","'Your Name' is not just one of the best animes in recent years (and there have been some very good ones), but one of the best animes ever from personal opinion.

Will go even further, saying it's one of the best animated films in recent years, one of the best animated or otherwise films of the year and that it rivals the masterworks of Miyazaki. This is a huge compliment, for any anime, animated film or even any film, and a bold claim that still stands. Much of it is to do with how 'Your Name's' stayed with me and the impact it's had, a film once seen but never forgotten.

The animation in 'Your Name' is stunning, so beautifully and intricately drawn with immaculate attention to detail in the backgrounds and a simply breath-taking array of ethereal but also atmospheric colours. The music fits the film's atmosphere with no problem at all and also works wonders as a soundtrack on its own, serving superbly as music on its own.

Meanwhile, the script is thought-provoking and touching, with much to say and explored expertly and neatly with no heavy-handedness. The storytelling engages throughout, sucks one into its world and never lets go of the immersing and is enormously heartfelt, really investing in the characters' chemistry and their love for each other. Pacing is deliberate, but never drags due to the emotional impact and how well realised the characters are, even when noticeably slower in the second half.

Characters, and the film's themes, are brilliantly written and developed, and the voice acting is emotive and fit the characters with no qualms.

In summary, a truly magnificent film all round that will be remembered for years to come. Deserves all the raves it's gotten, and deserving of even more. 10/10 Bethany Cox",TheLittleSongbird,12/9/2016
"A visually pleasing film with depth, but with little weight","As an avid follower of the works of Studio Ghibli, this film had much to live up to, especially considering its deeper themes and the exploration of a different, more subtle sort of romance between two individuals separated by time and space. Unfortunately, this film turned out exactly as I expected and feared, with an interesting storyline and basis, yet the characters, dialogue, and overall crafting of the story itself detracted from the overall quality. I will focus mainly on the negatives in this review, as there are a plethora of other reviews that seem to only focus on the highlights.

The main issue that I had with Your Name was the script. Having seen it both in the original Japanese with English subtitles, and also dubbed (on my second viewing) with the English voice actors, I was really hoping for the proper brevity and gravity that Studio Ghibli so constantly delivers. However, I was met with the characters stuck in an endless loop of telling viewers what they were feeling, and especially in the more intimate moments of the film, where this could have been left more to the viewers deduction – if someone is crying for a particular reason, it is often best left for the viewers to decide why; the character does not always need to vocalise their feeling in order to convey them. For this reason, I felt that I had very little attachment to the characters in a setting where attachment to the characters was vital.

Furthermore, I believe that very little of the humour in this movie worked for the better. As I stated before, in a movie as heartfelt and intimate as this, the dialogue and the humour should be handled with the utmost care, and most of the time throughout the movie, I felt as if it took you away from the story – by all means, there certainly would be moments of humour when a boy switches bodies with a girl and vice versa, but humour was not the purpose of this movie, and this should have been respected.

One last, and slightly more subjective gripe, but I found the music choices to often be contradictory and 'annoying,' to say the least. I understand that the montage sequence, set to an upbeat pop/rock song is a common event in the world of anime, and having seen many anime outside of Studio Ghibli myself, I understand and respect this. However, with a movie such as your name, I found it only broke apart the emotional storyline, and in many ways, lost some of the viewers investment in the story. The piano sequence (the main theme, I believe?) was beautiful; why not exclusively keep the orchestral/piano score throughout the entire movie? Overall, Your Name was a very solid attempt at a very difficult premise, with beautiful visuals, a poorly handled storyline, and not much else. 7/10",imoosachi,11/11/2017
If sappy love stories with magical realism are your thing,"With ""Your Name"" storming up to MAL's top, I had to check it out for myself and experience this phenomenon, that has a score of 9,40 out of 10 at the time of writing. With so many people agreeing, that it's a masterpiece, it has to be good, right? Well turns out I didn't enjoy it quite as much the majority of MAL users.

Plot: The story starts fair enough. Our main character suffers from ""Disney princess syndrome""; she's not satisfied with the surroundings she was born in and wants to see the world, that is so much bigger than what she knows. Luckily for her, magical realism is a thing in her world as well. Out of nowhere she gets the chance to live out her dreams by switching bodies with a boy from Tokyo every now and then. The boy, turns out to be the other main character. This sounds like the basic story, in which our lead learns, that ""every place is beautiful, but home is still best"" or that everybody has troubles in their life, no matter where they come from. The set up definitely has some potential, since the main characters parallel each other in an interesting way and they're pretty well characterized. But that doesn't turn out to be the case with ""Your Name"". The writer was far more ambitious than to just recycle the classic body switch plot. About halfway the movie switches into a pretty convoluted romance story, that just doesn't work, because the whole second half is built around wanting to give the audience the ""feels"". Don't get me wrong, I like a good romance or a good tragedy as much as anyone else, but if it all feels as contrived and transparent as in this movie's case, I won't be able to jump on the feel train. The climax was a pretty interesting idea, but was pretty inconsistently build up, where things worked out way too conveniently to be believable.

Characters: I've already addressed it in the previous section, that I found the characterization of the characters pretty good. With the exception of the self-absorbed and ambitious father almost all felt pretty lively. Unfortunately characters can at time's be only as good as the plot allows them to be. This shows especially with the side characters, who at times just conveniently join into the plot, even if it doesn't make much sense. Same goes for our leads, they're pretty fun at first, but as soon as the plot starts becoming contrived and convoluted, I no longer found them as likable.

Art: The art and animation were pretty good, but it was pretty standard in terms of style.

Sound: Just like the plot the sound was also heavy into making you feel stuff and to be fair it did resonate with me somewhat. Interestingly there were a lot of pop songs instead of the more typical choice of instrumentals. 

Plot: 50% (4/10) Characters: 30% (6/10) Art: 10% (8/10) Soundtrack: 10% (8/10)

Score: 5/10",robiu013,9/22/2016
"Cosmically enchanting, touching and visually beautiful.","It's been a while since I've seen something outside of Studio Ghibli, being the most recent When Marnie Was There. I'm not familiar with Makoto Shinkai's work but this certainly encourages me to watch the rest of his catalog. 

I knew nothing about the film until only the day before seeing it, instantly attracted to the poster and the mini synopsis of two high school teens from opposite sides of the country, who periodically switch in their dreams. 

Gladly I didn't read anymore into it and just went to watch it as there's so much more to the intriguing story at face value. It's a little confusing at times bouncing between the two characters, but that doesn't deter the enjoyment and wonderment of the film. 

We follow quiet country school girl Mitsuha voiced by Mone Kamishiraishi, going about her daily chores and traditions in a village shrouded by folklore and superstition with mayor-elect pushing for advancement. All this while we also follow rough-and-ready city boy, Taki, voiced by Ryûnosuke Kamiki, who is no stranger to voice acting, starring in Spirited Away at the age of eight and later in Howl's Moving Castle. 

The two become celestially bound to one another without fully understanding how, or even knowing who each other are, which leads them both on an adventure of discovery, comical annoyance and eventual romance. It's perfectly balanced between the two even with a number of interesting side characters, each adding something to the intricacies of the plot and supplying a lot of the light-hearted comedy. 

The scenery and animation is stunning, vibrant and beautifully breathtaking; with blinding lens flares and gorgeous landscapes that fill the entirely screen. It's superbly paced, perfectly edited so not to make a mess of the constant jumps. 

The score by the Japanese rock band, Radwimps is simply amazing, perfect for the film with a mixture of teeny pop/rock and pleasant instrumentals, with surprising tracks like ""Kataware Doki"" using soft pianos and strings. It's a score Final Fantasy composer, Nobuo Uematsu would be proud of. 

There are some films that are not meant to be for live action, showcasing the stunning craftsmanship and elegant talent of the skilled animators and artists, this being one of those films. The actual anime capturing the magical essence of the heartfelt story that I don't believe can be replicated as good live. 

Cosmically enchanting, touching and visually beautiful. Certainly the best anime I've seen this year. 

Running Time: 9 The Cast: 9 Performance: 9 Direction: 10 Story: 10 Script: 10 Creativity: 10 Soundtrack: 9 Job Description: 10 The Extra Bonus Points: 10 for being such a wonderful, beautiful, romantic story, magical in every sense. Would I buy the Bluray?: Definitely 

96% 10/10",SpoilerAlertReviews,11/27/2016
One of the Greatest movies i watched in my entire life.,"I have followed Makoto Shinkai's older works and most of them really have a bad ending, though still good, but this movie's sweet. He really know how to play with our emotion, especially for his work's fans who have followed his works, i'm hoping its not a bad ending during the entire movie.

But man, this work is a true masterpiece. When i looked at Makoto's older works, I suddenly think, he had the potential to beat Miyazaki's spirited away, and there he goes. I'm not saying this is better than spirited away, they had a different genre and makoto had his own stunning style.

How this piece of animation would turn my emotion really hard? Even Spirited Away, When Marnie was There, and 5cm per second can't do that. This is a movie that you must watch before you die, really.",kevinxip,10/3/2016
"Yes, yes and yes!","Absolutely fantastic! Recommended for everyone.

Just watch it.

Amazing characters, scenery, city life and town life, story. Everything is just wow. So fine! The suspension, the empathy, the scenes. The thoughts. It's playful and pleasant, but serious and funny at the same time. It makes you want to feel it and live it, while you just keep cheering for everything.

This 1.5 hours was one of the most well spent time in my life. It was so good, that I actually sit down and wondered why we can't we live like that? Why can't we be in that village? In that anime Tokyo?

Every minute is a time well-spent. It's a time SO well spent, that I was afraid when it's going to end. I literally just realized that this would be the end of an anime. Than this would be the end of an hour long movie.

I was so afraid when it's going to end. It borough such a beautiful and marvelous utopia before my eyes, with all it's mistakes, conflicts. That I actually wanted to live there. I actually realized however, that I'm not good of a person to be worthy of such utopia.

However it is very close to reality. Every time something out of order happens, you remember. This is a certain reality. People can die, be ashamed, punished. Everything can end in a tragedy. But when something wrong happens, nobody really cares.. and I was like: ""Why? Why aren't you moving? Are you not afraid for your lives?"" Than I remembered.. this is a certain utopia. Even for the people who live in it. Nothing bad happen to them, nothing really could. They are peaceful, good people, in a modern world. Nothing bad happened in the last 3 generation, why would anything happen now?

This movie gave me a new set of feelings, viewpoints, happiness, thoughts and desires, I might have lacked or just not realized before. I'm really glad I watched it. It was a piece from my dreams.",malcydon,9/10/2016
Must watch,"I started watching this movie with high expectations,but somehow this movie managed to be exceed them.Movie didn't just look amazing,which is expected from Makoto Shinkai,but story is amazing as well,it manages to keep attention of viewer from start to finish,and as movie progress it just gets better and better.I think that everyone that loves movies should watch this.Even if someone doesn't like animated movies they should give this movie a try.

Also i love how some little things that at first seem meaningless at the end of movie get amazing meaning. Personally i think this is best work that Makoto Shinkai made by far,its above all of his previous works,and doesn't have flaws that some of his other works had.",pekiworgen,9/10/2016
"What seems to be a silly premise evolved into something even more trifling. But with its unbearable charm, it worked astonishingly well.","Your Name (Kimi No Na Wa) tells the story of two teenagers with vastly different backgrounds. One is a boy who lived in Tokyo and has the word ""city"" described all around him. One is a girl who lived in rural town far from technology and anything interesting. One morning, somehow, they found out that they have swapped bodies. Together, they must help each other find solution in daily life problems, and solve the mystery of the reason why this whole conundrum started.

This may sound like your typical body-swap romantic comedy situation, but you may find yourself on the wrong side of the spectrum as this movie takes you into an incredible journey. With a storytelling so divine, complex, yet understandable, this movie captures the essence of what romantic comedy movies have lost nowadays, a heart and a charm to lure you in.

Japanese animation movies tend to have a bit of a stereotype, but the movie successfully shown very little of that. Transitioning from one scene to the other effortlessly, Radwimps deserves an incredible applause for their talents in the movie, as every song and every score fits perfectly to the scene currently shown.

Although the movie does end in a predictable way, the voyage to that predictable end is more than enough to keep you satisfied. There are some usage of stock characters and several clichés throughout, something that maybe will drive some of the audiences away or cloud their judgment. But beside all that, the story is still original and well executed.

What seems to be a silly premise evolved into something even more trifling. But with its unbearable charm, it worked astonishingly well.",yuschaa,9/25/2016
why YOUR NAME is the best animated movie of the last five years,"Your Name is a journey about growth and having the ability to bounce back when thrown against overpowering hardships. It's a journey that focuses on human emotion that are larger than time and space. It's a journey of where we watch our protagonists struggle again and again against destiny. And it's one of the greatest animated journeys you will ever experience.

Watch the review at https://www.youtube.com/watch?v=p7v32c900F4 and / or read along here

Your Name follows a girl from the country and a boy from the city who have never met that switch bodies when they dream. 

This movie may seem like your romantic-comedy body-swap situation. But it will surprise you how in depth the gets. The storytelling here is top notch, because you understand everything, but when you think about it, the concept gets quite confusing, but because of the brilliant direction my Shinkai, he somehow makes it understandable. 

The two protagonists are the driving force of the film instead of Shinkai's normal eye candy visual sell outs. Within the great writing are actually some very funny and memorable conversations. The comedy works well to add another layer to the great chemistry between the protagonists. Props to the actors.

It was just so fun watching the dynamic feelings of these two and I loved how the two genders figured each other out while inhabiting the others' body. 

I was a little confused when a lot of the first act is dedicated to the girl, without really seeing the movie from the boy she's swapping with, his view. But the movie surprised me when something happened to the girl and we see the boy for most of the rest of the movie. So actually the screen time for both protagonists were quite similar. That blew me away.

If you delve deep into his work Shinkai tends to break the forth wall often in the way he portrays emotions. He, in a way, makes you reflect upon your own life, and all his movies are really, really relatable. He makes you look back on dark times, times you don't really want to think about again and he says a different messages every movie. 

A big part of the film was it's editing and sound design. This all helped with the immersion. Every scene is dripping with hidden details covered in immense beauty sugar coated with an outstanding soundtrack played by Radwimps.

And although the end is predictable, it did what 5 Centimetres Per Second didn't do. It left me satisfied. 

What seemed like a stupid idea turned into Your Name. And it's not just another Japanese animation. 

There are so many scenes where it feels like the Shinkai just pulls the rug from underneath you, like the movie doesn't always follow the normal routine. I felt so many emotions in this movie.

It grips you in that way and shows that every second in the movie and in life is important.

This movie takes every awesome element that Shinkai has ever used in his films and are all constrained into this movie. This film has jaw dropping photo-realistic visuals with beautiful Japanese voice work, great cinematography, laugh out loud comedy, gripping story, insane twists, looming soundtrack, heart racing action, unforgettable quotes.

But the best part about this movie is that it has very few mistakes. Everything is in the film for a reason. 

Still, I don't feel like I've covered most of the points of why this movie was so good without spoiling anything. 

But I can say that when I watched it, it was something special. Looking around at other reviews and forums, I have a feeling, that this will be regarded as one of the best animated movies ever made.

A+

10 / 10

Watch more reviews like this at https://www.youtube.com/channel/UCfNozbWd9SJYYwLK2zYn_AA",boclani,12/8/2016
"A beautiful piece of art, but the quality of the story is held back by Makoto Shinkai's ability to take that extra step,","I think most of us can safely say that as far as pure direction and art go, Makoto Shinkai's popular new movie called ""Your Name"" has taken the world by storm. As of now, it has won several large prizes and it's praised by casual watchers and critics alike.

There is no doubt that this is in fact one of Makoto Shinkai's most beautiful pieces of art as far as pure visual fidelity goes. That, in combination with its engrossing soundtrack just allows the movie to speak to the heart directly. This often means that people will refrain from criticising this movie, and i find myself being a lone bird flying in the opposite direction of all the others when it comes to this movie.

The issue i have with this movie doesn't lie in its art, or in its direction. It more lies within the lack of depth in the story itself. Makoto Shinkai is known for using repetitive settings in his movies, as they do tend to sell well.

I just wish Makoto Shinkai would have been a bit more creative in his writing, rather than making me think ""oh, it's this again. Not very original."" The story is confusing, but once i figured it out it didn't leave me lost in thought and i was honestly disappointed. 

That being said, Your Name is still a solid movie with stunning animation and I'd recommend you try watching it yourself. It's not very long and it's definitely worth a watch purely because it looks stunning.",patrickbuiter,3/6/2017
Amazing,"A true masterpiece of an animated film. Nothing i've watched has come close yet to the magic Makoto Shinkai has created with Your Name. The story is so seamless, the plot twists are so expertly woven into the plot and nothing ever felt jarring or unnecessary. The characters are loveable and you do root for their journeys to find one another, and when they do, it is so satisfying. The most satisfying ending I've ever watched. The animation alone is absolutely stunning! 10/10!",staceylight,11/22/2021
"Not horrible, but didn't knock my socks off either","I've seen quite a few Japanese movies. This one was just ok in my book. You know that feeling when you lose interest in a movie and wish it was over? That's how this movie was about 3/4 of the way through. It was compelling in some ways, but in the end it turned out to be mediocre. Think the 8.4 rating at this point is a bit high.",dernst2023,4/30/2018
I made an IMDb profile just to rate this movie 10/10,"I don't have much to say because I'm completely stunned after watching this movie. This movie is unbelievable. It's one of the best films I've ever seen. I just finished watching it about an hour ago, and I'm still reeling. 

Reader: I don't know what you want from your films. But this movie is one of the most charming, transporting, amazing movies I've ever seen. I cannot recommend more.",edmarshallimdb,4/10/2017
As Deep as the Mariana Trench...,"... and as intricately woven from an abstract and mysterious loom. Using spectacular animation to draw in the viewer and steal their attention this story of finding love, of finding it in yourself and others, may well have you occasionally scratching your head. Don't worry, you're not alone, but there are plenty of resources online that can help you recompile what you've just consumed in order to make more sense of this beautiful, enchanting and imaginative Japanese composition.",Xstal,10/30/2020
Hold onto that feeling,"Just a small town girl, living in a lonely world. Just a city boy... 

No, wait. Hear me out. 

Granted, it's initially hard to sell Your Name - a meet cute anime twist on Freaky Friday - as a worthwhile recipient of its considerable, well-deserved hype, rather than a big screen, big budget rendition of Fruits Basket. But the hype is real. Inauspicious or not, writer/director Makoto Shinkai's film is somewhat of a genre-bending game changer - a film so special that the struggle to properly do justice to it leaves me resorting to inelegantly cherrypicking from a slew of contemporary allusions (the elegant loneliness of Murakami; the mischievous whimsy of Wong-Kar Wai; an Eternal Sunshine of the Spotless Mind interwoven with The Breakfast Club with the most imperceptible pinch of your average buddy cop comedy comedy for spice), while it is still far more than the sum of their parts. In short, it's one of the most unexpected, simple but profound, entrancing, and poetically beautiful films to cross screens in years. It's as fun as it is melancholy, as unforgettable as it is sweetly unassuming. Even better - it's that rare anime where comparisons to Studio Ghibli aren't simply lip service, but actually warranted in terms of exquisite, painstaking heart and attention to detail. Yes, really. 

But such lofty praise is actually far from the spirit of a film that goes about its remarkable business with a cheeky subtlety. Shinkai wisely plays off the initial silliness of his concept, with the early body swap sequences staying rooted in lighter, bawdier humour, playfully portrayed with a springy, sassy wit keeping even the broadest moments no less human and adorable for their broadness. The conceit itself is kept indifferently vague, apart from the haziest of nods to traditional spirituality - it's not the 'how' that matters here anywhere near as much as the 'what.' Similarly, there's a clearly delineated dichotomy between the two protagonists' 'tradition vs. modernity' milieus (with larger, extrapolating themes of supplanting history and cultural longing spanning generations to be teased out by those keen enough), but Shinkai is content to let the contrast sit, rather than milking it for shoehorned theme, or garish social commentary. 

More than anything, the film captures that ethereal but omnipresent sense of vague dissatisfaction, longing, and persistent but directionless striving that is bound to feel almost achingly familiar to any given audience member, regardless of age, nationality, or standing in life. Shinkai takes a distressingly familiar sense of ennui, and infuses it with a melancholy grace, a feeling accentuated hugely by the film's simply gorgeous, sweeping artwork, infusing panoramas of mountain-dwarfed Japanese countrysides and bustling Tokyo skyscrapers with an unbelievable level of composition and care. When the film glissandos into a third-act twist that is as devastating as it is unpredictable for all but the most eagle-eyed of viewers, it transcends into a piece of larger-than-life folklore, conjuring an almost feverishly heightened viewership that redefines magnetic, before culminating with a quiet grace note that ties up the emotional knot in ways both elegiac and unforgettably uplifting. It may sound like a perennial squall of emotional peaks and valleys, but Shinkai surfs it with nonchalant poise, with his rock-steady pacing lending the film an almost uncanny gestalt. Upon the arrival of the closing credits, don't be surprised to hear a wet gasp, equal parts tearful and jubilant, erupting from your throat, unsolicited. You won't be alone in doing so. 

If there are any imperceptible faults to be found, it's that Shinkai's perhaps inevitable leaning on anime tropes do, at times, dip the film into conventions it would normally nimbly leap over. The occasional conflict-expanding plot device or bombastic musical interlude, particularly in gearing up for the film's climax, strain convention in ways that are only startling in their inconsistency with the film's customary elegance, while lead actors Mone Kamishiraishi and Ryûnosuke Kamiki, while both lending credibly commanding voices, are as hyperbolic as they come in their grunts, gasps, and other verbalizations reacting to their bizarre circumstances. 

Still, these are the faintest blemishes on the face of a truly beautiful, touching film, that truly demonstrates that the affective potential of traditional animation still has many wrinkles of uncanny power yet to unfurl. So do yourself a favour: believe the hype. Invest in Your Name. If you have any space amidst the ensuing deluge of feelings, you may just thank yourself you did. 

-9.5/10",pyrocitor,8/29/2017
One of the most beautiful films I've ever seen,"This film will leave you speechless - it is quite simply one of the most beautifully crafted films I've ever seen. The animation is breathtaking and possibly the most beautiful animation ever put to screen. There really are no words to capture exactly how it makes you feel because this is simply a film that will move you in inexplicable ways. Sit down, enter the world that Makoto Shinkai has presented to us and soak in all of the magic. Un-be-lievable experience!",pere-25366,8/25/2017
Overrated AF,"When I first saw Your Name, I enjoyed it for the most part. I thought the pop music montages and dialogue were pretty cringey, but overall the film was visually and atmospherically impressive enough for me to fall for it.

After a recent rewatch, I was actually shocked at how emotionally manipulative and utterly devoid of substance this movie really is. I'll break everything down for this:

The body swapping is a fairly generic idea, but they could have done a lot with it. Unfortunately it fails on so many levels to further cement the idea of the two protagonists exploring each other's lives and personalities, and instead the movie tricks the viewer into thinking that this actually happens. The two leads never learn about each other's lives from swapping bodies on any emotional level, instead those cringey montages that I mentioned before gloss over this important aspect that should have been more properly handled. This is also extremely problematic since we're supposed to believe that Taki and Mitsuha actually fall in love with each other, but we never find out why. They don't learn anything from living as the opposite gender either, in fact the story relies on breakage of character for comical effect. For example, the normally androgynously behaved and chilled-out Taki acts like a sporty, aggressive, manly-man while in Mitsuha's body.

SPOILERS: The second half of the movie is just as disastrous as the disaster it depicted. Not only does it abruptly drop the comedic tone of the first half of the movie, but it handles disaster and loss rather badly too. It relies far too heavily on the protagonists making dumb decisions, wasting time complaining about nothing, retardedly running around for no reason, and idiotically forgetting each other's names. All this is made even more unbearable by yet another wave of godawful pop music montages and cringey dialogue. 

In the end there's no emotional loss in Your Name. There's no sacrifice, no learning from your mistakes, because in the end the protagonists just reverse the timeline and save the day. But now they've forgotten about each other forever? Surely there's a bittersweet ending? Nope, they get reunited and live happily ever after in the end, that's what happens. That time wasting ordeal of running around and forgetting each other's names meant nothing in the end.

Even though there are also many MANY plot holes that I didn't mention, Your Name's number one issue boils down to the atrocious writing and badly thought out story and characters. I still adore the film's visuals and immersive atmosphere, but it simply falls flat as a story.",joshkej-84077,8/27/2018
I made an account just to tell you to watch it.,"No spoilers.

Just made an IMDb account just to give this movie a 10. I've never reviewed any movie online before. But this movie is a perfect 10, and if you haven't watched it then you're missing out on so much.

The music, the characters, the voice acting, the plot - literally all 10/10. You'll feel all sorts of emotions watching this movie. Easily one of my top 5",xnikkay,4/22/2017
Your Name Please!,"Your Name is a lively combination of romance, identity, and culture. I went into the film with a very little understanding of the plot's complexities. From the trailer, I assumed Your Name would be an anime Freaky Friday love story. The framework of the narrative certainly fits into my initial assumption. Yet, there is a multitude of undercurrents in the film which make Your Name stand out. For starters, Your Name constantly changes themes and mood. Often, I found myself laughing and, a few minutes later, would suddenly be on the verge of tears. The movie's eclectic flow makes for a constantly engaging experience. The Freaky Friday element is roughly half of the film's two-hour runtime. In fact, a plot twist in the film literally took my breath away. Your Name is the rare film which combines overwhelming variety and makes everything fit organically. Through variety, the anime earns a conventional ending between protagonists, Mitsuha and Taki. While body switching is the plot's main intrigue, the film adds complexity through its exploration of Japanese culture. Japanese gender identity is explored with such a masterful hand. In subtle strokes, the viewer understands the sheer contrast in the lives of Japanese men and women. For example, a group of men have a crush on a female co-worker; Mitsuha, in Taki's body, simply initiates conversation with the desired woman and, with ease, sets up a date. When Taki is back to normal the next day, his male coworkers all line up disgusted by his act of group betrayal. The scene effectively demonstrates the strength of the herd like quality of gender in Japan. It's no surprise then when Taki, in Mitsuha's body, finds such humorous wonder in the breasts he suddenly gains. A contrast can also be noticed in the struggle between the past and present. The present is Taki's experience of Tokyo. Likewise, the past is illustrated by Mitsuha's familial duty to her small town's local shrine. In other words, the film merges Japanese spirituality with modern sensibilities. A desire to escape and return to the country define the film's ecliptic take on Japan. Mitsusha is your typical country girl with a thirst for a life in the city. Meanwhile, Taki finds beauty in Mitsuha's country town. The viewer amusingly experiences each setting (Tokyo and Itomori) through the unique lens of the protagonists. Ultimately, a comet and local god guide the distant figures into a surprising collision course. As a result, fate is sealed by the two somewhat metaphysically dissimilar sources. The forces of science and divinity augment Your Name into making the seemingly fated connection all the more plausible. The film is a testament of the ""opposites attract"" sentiment. In summary, the film has a real beating heart. I will end my review saying Your Name is the best looking animated film I have ever seen. The colors are always pleasingly vibrant. Additionally, all of the scenes are lovingly rendered and pulsating with life. I haven't walked out of a theatre with such a positive perspective on life in a long time. If you live in a city, you ought to take the time to experience this anime masterpiece.",kraytdragon-sean,4/7/2017
Movie of the year,"Your Name is one of my favorite movies of all time and will always have a special place in my heart. Its animation, soundtrack, story, everything about it is just amazing and something barely seen. The Idea that the two main characters switch bodies every once in a while is something almost never seen in anime and it pulls it off perfectly. It has one of the biggest twists and a very satisfying ending that will keep you on your toes for the whole of part 2 just to get to it. You can tell that there was an immense amount of effort and passion put into this film and I beg you to watch this masterpiece.",edjosephson,1/31/2018
"""A Soulful Journey Through Time and Space""","I wonder how the Academy didn't nominate this lovely picture. It could be one of the greatest love story of all time. If you haven't watched this Masterpiece, Please Make yourself an offer you can't refuse... And watch this Masterpiece.

""Your Name,"" directed by Makoto Shinkai, is a mesmerizing animated film that has captivated audiences around the world since its release in 2016. The story intricately weaves themes of love, fate, and the connection between two distinct worlds, leaving viewers both enchanted and reflective long after the credits roll.

The film follows the lives of two teenagers, Mitsuha Miyamizu, a girl from the rural town of Itomori, and Taki Tachibana, a boy living in bustling Tokyo. Their lives take an unprecedented turn when they inexplicably begin to switch bodies intermittently, creating a unique and humorous situation that allows them to experience each other's lives. As they navigate this bizarre phenomenon, they develop an emotional bond that transcends distance and time. As their lives intertwine, they develop a deep connection and a desperate desire to meet in person.

Shinkai's masterful storytelling is a highlight of ""Your Name."" The script is laced with humor, emotion, and poignant moments that resonate deeply with viewers. The pacing is spot-on, perfectly balancing lighthearted scenes with heart-wrenching turns. The character development is profound, particularly as both Mitsuha and Taki struggle with their feelings of longing and connection despite being separated by vast distances. Their journey is both personal and universal, exploring the themes of love and the quest for identity.

Visually, ""Your Name"" is a stunning achievement. The animation is breathtaking, with each scene meticulously crafted to evoke emotion. The vibrant colors and intricate backgrounds beautifully capture the contrast between Mitsuha's tranquil rural life and Taki's fast-paced urban existence. The attention to detail, from the shimmering starry skies to the bustling streets of Tokyo, immerses the audience in the world of the characters, making their experiences feel tangible.

The film's score, composed by the renowned band RADWIMPS, enhances the storytelling immensely. The music is evocative, with melodies that perfectly complement the emotional beats of the narrative. Songs like ""Zenzenzense"" and ""Sparkle"" have become iconic, encapsulating the essence of the film and leaving a lasting impression on its viewers.

One of the most compelling aspects of ""Your Name"" is its exploration of fate and the connections that bind us. The concept of threads of destiny tying people together is beautifully illustrated throughout the film. As Mitsuha and Taki navigate their extraordinary circumstances, they grapple with questions of identity and purpose, ultimately leading to a breathtaking climax that ties their story together in a way that is both surprising and satisfying.

""Your Name"" is a cinematic masterpiece that transcends cultural boundaries. Its blend of fantasy, romance, and drama creates a rich tapestry of storytelling that resonates with anyone who has ever experienced a deep connection with another person. The film is a reminder of the beauty of human relationships and the magic that can exist in our lives, no matter where we are. Whether you're a fan of anime or a newcomer to the genre, ""Your Name"" is a film that deserves to be seen and cherished.",chiragrathod09,8/14/2024
One of my favorite animes ever.,"This thing is romantic, funny, mysterious, tragic, compelling, effortless, and purely wonderful, all of which could've easily fallen apart if the ending wasn't so absolutely perfect. I think, because of the confident way the story is told, a second viewing would really make it soar.",matthewssilverhammer,5/6/2018
A somewhat hollow piece of media,"For those that is about to destroy me for the headline, yes, I mean it (I am not sorry). When I finish watching it, I walked out feeling ""Huh, that felt like literally nothing"". It was strange and alien to me how people can even shed a single tear watching this movie (it's not wrong to do so, I just couldn't understand the idea of doing so and yes, I did cry watching other anime before). The movie is artistically stunning and all of the aesthetic were wasted on a story that feels badly stitched together by somewhat decent characters and an okay climax. It's not bad per se but I think that it deserves too much credit for doing so little. In conclusion, it's fine if you like the movie but if you think too hard while watching, it will ruin your experience.",imadethisaccounttovent,3/7/2022
Best romantic story of my life,"I have rated more than 1000 movie on IMDb. So, when I write that this is the best movie I have ever seen and the only movie that I wrote a review about, I mean it. I always had a deep fear that I will never meet my other half, and this movie perfect capture that feeling. There is a pain when you wake from a perfect dream and you realize that you will forget about this perfect world, that was your whole world for that few moments. I am afraid that I will cross the one without even saying hi to her. I will say this is a must watch movie for everyone. Good graphics, excellent story, and you are genuinely happy at the end of the movie.",rohg26,6/3/2017
It's okay but not THAT good.,"The movie was clearly made to be on big screen and make everyone averagely happy. The animation and emotion? I expected much more of Makoto Shinkai who was behind the art of the opening and trailer of Ef: A Fairy Tale of the Two. That was stunningly beautiful animation and storytelling! Instead, you can find a more generic style in this one with loads of anime and drama/romance clichés: Cute and generic sounding voice actors? Check! Older and cool character who smokes? Check! Bad parent? Check! Wise and cute grandma? Check! Not-that-beautiful best friend? Yes! I could go on...""I'm adding shrine culture and craftsmanship!"" was also there big time. One thing that was totally absent for me was that the romance between the characters was based on...nothing.
The soundtrack reminded that of a big screen American animation but sung in Japanese. It sounded musical-like and childish at times. Plot was average to a higher level of average. It's a body-swap movie as one can see in the trailer and that's been done a lot before. However, there's a good twist which made me enjoy the movie a lot in the end, combined with other elements of the second half. I'd recommend watching on in case the first half doesn't do the trick for you. All in all, not a masterpiece or anything but watchable.",baharuka,6/5/2020
Everything I want a movie to be,"I'll be honest with you, I'm not the biggest fan of anime. Not in the sense that I particularily dislike it but rather in the sense that I haven't seen that many anime shows or movies. Of course I've seen most of the Ghibli films but that's pretty standard even for a normie like me. In terms of Makoto Shinkai I hadn't seen a whiff before I saw Your Name (Kimi no na wa). However this one reached such an unsual amount of praise and attention compared to other anime films that even I got curious after some time. Could this movie be worth all the hype? Could it appeal even to someone relatively unversed in anime? 

And the answer was a thousand times yes! Your Name contains everything you could ask for out of any movie, not just animated ones. Romance, heart, passion, visual splendor, suspense, humour and much more. Many of these things have been lacking in most recent Hollywood movies as they seem to be getting more and more transparent in how safe they're playing it and how unpassionate their films are. I never thought to look to a whole other culture to find all these things that I've wanted more of for so long, but here we are! 

Your Name is beautiful in every sense of the word. Firstly from a visual standpoint. By now I've seen quite a few Shinkai movies and they all look really great, but man does he outdo himself here! Every movement looks fluent, every colour is expressive and vibrant, every expression on the faces of the characters looks natural. The whole movies is gorgeous because of all of these things, but the final act is where it really pops thanks to the grand epic scale of what is happening on screen. But perfect visuals are nothing without a good story, and thankfully Your Name has it. You've probably heard that the premise is that a boy named Taki and a girl named Mitsuha start switching bodies inexplicably. I think you should watch this movies with a clear mind, so I won't say anymore, just know that there's more to it than that, and the film takes many unexpected twists and turns. 

Also I need to touch on the fantastic soundtrack by RADWIMPS. I wasn't sure if their music would work well together with this rather dramatic and lofty premise, but the music is such a perfect fit for the visuals and it always seems to exactly match the emotion that is being created by the scene. I have all the songs on my playlists now and I listen to them practically every day during my spare time, it's that good!

By the end of the film I felt like I had had such a complete experience. I had been laughing, I had been moved deeply by the dramatic scenes and I had been gasping at the visual spectacle. I really do not know how anybody could watch this film and end up finding nothing to like, it really does feel like there is something here for everyone. What I ask most of all out of any movie, is to entertain me and to move me, and Your Name did that better than most movies I have ever seen. It really did give me everything I could possibly want!",hcarljohan,1/29/2018
Donnie Darko w/Boatloads of Sweetness Instead of Angst,"Oh, and gorgeously animated.

I think that's a fair way to sum up this movie. It starts out as a fantasy and, as it reveals more puzzle pieces, you realize it's more science fiction. There are tightly plotted reasons for everything that's going on, all of which are revealed in good time.

Like like all good puzzle movies, there's a thrill every time something is revealed that ties things together. It's complex enough that you want to see it again immediately, but no so complex that you have any doubt as to what basically happened.

Like Donnie Darko, while it's busy scrambling your head and keeping you guessing, it is somehow managing to be deep, both emotionally and thematically (the latter drawing on Japanese culture and religion). Unlike Donnie Darko, it's never dark and disturbing in a creepy way, although there is plenty of danger and peril. Instead, it radiates sweetness and love, without ever becoming saccharine.

Donnie Darko is one of my two or three favorite films of all time, so this is high praise. Of all the films I've seen since, nothing has come closer to matching its combination of thrilling revelations, emotional resonance, and thematic depth than Your Name.",emvan,4/12/2017
Superb,"This anime is amazing! The storyline is amazingly written out and full of suprises and plot twists. I kept wondering what would happen next. The art work is amazing as well, beautifully done.",annemariepaarden,4/8/2020
Eyegasm,My eyes had an orgasm. This movie is really flipping fantastic.,thetatlocker,10/15/2018
"Wistful, poignant and ultimately uplifting; beautifully animated and wonderfully inventive.","There's a distinct and slightly jarring protagonist switch just far enough in for you to really notice it, but it's a testament to 'Your Name (2016)' that - though it could have been ironed out relatively easily with some structural smoothing or a slightly simpler two-handed approach - this is perhaps its only real issue and it isn't even all that detrimental, considering that it allows us to develop a proper emotional connection to both leads from an internal perspective, actually mirroring the fantastical conceit driving the beautifully animated and wonderfully inventive narrative. The piece is a joy to watch and takes a number of turns that are genuinely unexpected. It's a wistful, soulful and poignant experience that's also an entertaining and, ultimately, uplifting one. It does seem to say something quite profound while always managing to delight and mystify with its deftly handled story and properly stirring themes. 8/10",Pjtaylor-96-138044,3/12/2018
Good but not great,"This film is so overrated. I don't mean it's bad. But not good as most people praised.

It's fiction is average, story is in somewhere with cliché and original. But it's dramatic and emotional way handled very successfully. It's the main thing about the film that catch people's feeling. So, i believe many people made comments in the effect of their feelings and it prevent people from doing subjective review.",sercankvs,8/1/2022
Unexpectedly good,"I didn't expect expect to like this movie as much as I did. The animation is stunning, the story is engaging and the movie complements everything perfectly.

Watch it, you'll find yourself captivated.",flechterinhe-39253,2/7/2018
Your Name: Not as good as it should have been,"I'm a fan of studio Ghibli, I believe the likes of The Red Turtle (2016) and Grave Of The Fireflies (1988) are masterpieces so I like giving these types of similar animation a chance even if they aren't made by the same people.

Your Name heavily reminds me of Ghiblis work, it has that beautiful animation style and emotion driven storyline.

It tells the story of two high school students, one in Tokyo and one in a small village outside of the city whose lives are bizarrely connected. The movie successfully twists, turns and fascinates but when the credits rolled I found myself a tad underwhelmed.

The concept, the animation, the beautiful soundtrack, it all promises more than it delivers.

Your Name is by no means a bad film, it just flounders and doesn't seem to come close to its potential. It is beautiful, it is sweet and its some heartfelt stuff but the emotional tour de force I was expecting? Hardly.

At time of writing its the 83rd highest rated movie on IMDb and won 10 of the 11 awards it was nominated for. Consider me somewhat surprised on both fronts.

A sweet little animated tale all the same ideal for people who enjoy studio Ghibli's work due to the similarities.

The Good: 

Sweet opening credits 

Great soundtrack 

Very likable 

The Bad:

Underwhelming 

Should have been better 

Things I Learnt From This Movie:

When you find yourself singing along to a song in a language you don't speak nor understand you may have a problem",Platypuschow,10/29/2017
"Good made movie, not that great plot.","This movie will please those people that have that teen romantic side. That side that says that your love is somewehere on the world, and you will be together by some sort of mystical or non-conventional way. If you don't have that teen side don't watch that movie. Don't get me wrong, It's well made. But the plot falls short, it misses the opportunity to talk about more interesting topics rather than one hour and a half about a teen mind-made romantic history. It can talk about want to be another person and what you are now, or the need to have a femenine and a masculine perspective for having much more empathy... Overall, I was very disappointed.",aitorvb,10/15/2016
Utterly amazing,"Makoto Shinkai is a director who I've always found intriguing. Even when I didn't care for his works I always felt there was a unique vision there, but it wasn't until 2013's Garden of Words that I felt he had truly been able to satisfactorily express that vision.

Your Name, though, is the movie it was all leading up to. Once again Shinkai is concerned with distance and connection. Here, two young people keep switching bodies and living bits of one another's lives. Much of the first half of the film is a light comedy about the wackiness of such a life, but the story deepens and the movie becomes wonderfully suspenseful and touching.

At this point, Shinkai has complete control of his craft. Visually the movie is utterly stunning, with absolutely breathtaking moments. The story draws you in slowly and believably. The characters are engaging, the pacing perfect, every moment just what it should be.

Watch it.",cherold,10/3/2019
This Film Proves That Romance Movies Can Be Cute Without Sex or a Kiss,"Your Name (Kimi no Na wa) is a masterpiece of animation and storytelling that shows how powerful and touching a love story can be - without needing any explicit scenes or even a kiss. It's sweet, emotional, and beautifully crafted from start to finish.

The animation is absolutely stunning. From the glowing cityscapes of Tokyo to the peaceful rural town of Itomori, every frame is full of life and detail. The visuals alone are enough to keep you mesmerized, but the story takes it even further.

The plot is a unique and original take inspired by Japanese culture and folklore. A mysterious body-swap between a city boy, Taki, and a country girl, Mitsuha, becomes something much deeper - involving time, memory, and fate. It's clever, emotional, and completely unpredictable. The scene when Taki write ""I love you"" at mitsuha hand still make me cry

What stands out the most is how pure and genuine the romance feels. There are no over-the-top love scenes, no dramatic kissing moments - just connection, longing, and the simple but powerful desire to find someone who means everything to you.

The music by RADWIMPS is emotional and uplifting, perfectly matching the film's tone and helping deliver some unforgettable moments. I could listen the song over and over again, never feel boring

In a world full of romance stories that often rely on physical intimacy, Your Name proves that love can be shown through emotion, effort, and the smallest moments - and still feel just as powerful. It's cute, heartwarming, and unforgettable.",hazz208,9/6/2025
Missing and striving is the epitaph of love and youth,"It's easy to meet, but it's hard to meet again. Body exchange is not a new subject, but the film is still moving. Everyone in a period of life, always believe that they will meet a person who is destined to meet. Even we don't know who he is, but still believe that we will meet each. This kind of ""belief"" that most of us have already given up, so we will go to the movies to see the male and female owners whether they give up or not.",Wccsua_y,4/13/2020
My best anime ever,"What a movie
From the first minutes of this masterpiece, you will be attracted to its incidents and characters.

A very different story which starts as a dull movie but turns out to be the best anime ever seen in your whole life.

You will feel that you live in the movie , you will feel isolated from your whole place and you are living in the movie.

A very nice 106 minutes you will live watching the movie .

Watch it with someone you love the most and it will be a very memorable moments between you and your beloved one .

This is my first time to spend some time writing this long review of any movie , but this masterpiece deserves it .

Enjoy.",zamalekfan1981,4/29/2023
one of the best animated movies ever!,This movie will intrigue you from start to finish. i can not say it any simpler that that.cause i may get started on a rant of how good it is,giscard_johannes,7/2/2018
Masterpiece,I think everyone should take some time off and watch this amazing movie,stre-17557,8/19/2019
"If I were you, how would you be me?","It's not for nothing that this film became the second most commercially successful domestic film of all time in Japan. An anime love story.

A central theme of the film is fate and the connection between people brought together by inexplicable forces. ""If I were you, how would you be me?""

The way the characters deal with this extraordinary situation and gradually fall in love with each other is extremely touching and authentically portrayed. The film manages to maintain the balance between fantasy and reality, which makes its story accessible to a wide audience.

The animation in ""Your Name"" is breathtaking, showcasing the beauty of both rural Japan and urban landscapes. Each scene is masterfully crafted and contains numerous details

The story is a bit confusing at times and certainly not for everyone. The music also takes some getting used to. But all in all entertaining. I would leave it open whether it is a masterpiece. But definitely a great film.",DLochner,2/26/2024
The most epic anime I have ever seen.,"This is my first Makoto Shinkai anime ever to watch. Emotional, compelling, beautiful and epic. This is perfection at its finest. It's gripped me in this world that I wish could go on forever. This is a must see for everyone. This is something you don't wanna miss and if you do, trust me, you'll miss out on one of the best stories ever made. I have to go see his others just to see how he arrived to this amazing type of story telling.",nestoryaviti,5/18/2018
Visually Stunning but Emotionally...,"""Your Name"" is a visually stunning anime film with a captivating story about two teenagers who find themselves inexplicably connected through dreams and body-swapping. The animation is breathtaking, and the film's score complements the visuals perfectly, creating an enchanting atmosphere.

However, while the movie is good, it didn't quite reach the exceptional level for me. Despite its widespread acclaim and the emotional responses, it generates from many viewers, I didn't find myself moved to tears. The story is engaging, and the premise is unique, but it didn't resonate with me as deeply as I had anticipated.

Overall, ""Your Name"" is worth watching for its artistic beauty and intriguing plot, but it might not have the profound impact on everyone that it has had on others. It's a solid film that's visually impressive, but it didn't quite hit the emotional highs I expected.",mearslanahmed,8/2/2024
Masterpiece,"Beautiful movie! The art the animation , all of it are wonderful. It's really good watch it.",padelhs,9/11/2021
A quiet masterpiece.,"Taki and Mitsuha suddenly find themselves temporarily living each other's lives. What happens when they finally decide to meet?

This film boasts glorious storytelling, blending modern fantasy with traditional Japanese history, which explains its universal appeal. It's enchanting without being overly complicated, and the emotional beats land beautifully thanks to careful pacing and attention to detail.

The animation is genuinely beautiful, full of warmth and intricate detail that supports the story without ever feeling excessive. There's no violence, no chainsaws, just a romantic fantasy that unfolds with quiet, old-fashioned enchantment.

I often struggle with dubbed movies, but having seen this both in the original Japanese and the dubbed version, I can say it works very well either way. The voice performances are excellent, and neither version diminishes the charm or impact.

Compared to a lot of the generic, overblown output coming from Hollywood right now, this feels like a masterpiece of subtlety, heart, and craft. Funny, heartwarming, and dare I say, unexpected - a film that even non-anime fans can fall for.

9.5/10.",Sleepin_Dragon,12/29/2025
A coming of age master piece,"Had Already watched the Japanese version and now watched the English dub version (which had average voice acting/. Still can't get over how amazing this movie is. I was under a lot of depression when I went to watch it , knowing very little about what was at offer. And boy was I entertained! Since then, I've bought the soundtrack album in Japanese, read the novel on which the movie is made and amongst all this , my depression has cured. It's unbelievable! There's nothing wrong with the movie at all! The rating ⁉ 11/10 for me! :P PS those who still don't trust all the positive user reviews should just realize that the metascore is 78! It's not easy at all to get that high number. The bottom line being that it's a roller coaster ride of emotions that is bound to make a long lasting impact upon you. Highly recommend watching it in Japanese as that's how the director wants us to see it.",vibhanshg,4/7/2017
Close to perfection,"Let me say first that this piece of art is so impressive to me that I doubt that my words would be sufficient to describe how I feel and think about it. Therefore I will try to use an analogy, so bear with me. 

But beforehand let me quickly mention that the formal and technical sides of this movie are very good - nothing to complain. There should not be any doubt about that. The drawings are beautiful, the animation is fluid, the colors are well chosen, the music is composed and played gorgeous.

Now regarding the content: To me personally it is nothing less than a masterpiece; no way around it. It is not merely a movie it is a piece of art like a poem, like a (metaphysical) parable. It is one of the movies that are enjoyable to think about because they are complete, because they are whole - like a an organism. If a regular narrative is a line this movie is a circle. (not circular)

The experiential aspect I can only describe by means of an analogy: like the tongue distinguishes a handful of tastes the soul distinguishes a handful of emotions like joy, sadness, fear, surprise and so on. Something could feel sad like something can taste sweet but that does not say anything about the complex quality behind that sweetness. Just because chocolate and bananas are both sweet does not mean they taste the same. Are you following?

Likewise not every sad movie is sad in the same way. It does not have always the sadness of the same kind, it can be of a well composed kind of sadness or of a cheap and poor kind. They taste different. 

So applied to the movie I can say, without exaggeration, that I have never tasted such rich and well-composed emotions, feelings and thoughts in one movie. Such an exotic taste. Partially this move has something of a myth, it gives you a glimpse of the indescribable. In this case, in ""your name"", time and first love plays a role but again: in an exotic way I have never encountered before. 

In conclusion: Any adjectives like ""beautiful"" or ""brilliant"" would only cause insufficient associations that wont do justice to that artwork. Just like you wouldn't ever be able to feel the taste of an exotic food or fruit by the mere description you got you cannot even conceptualize how this movies ""tastes"". 

My recommendation is - taste and see that your name is good!",grossvisier,6/20/2017
"Must watch one, great story",Probably the best animaton ever & one of the greatest love story.,Shakiul,2/6/2018
Watch it even if you don't like anime,"I don't know why I decided to watch this movie, but I'm glad I did. Was very good. Watch it even if you don't like anime.",jack_hasanov,8/27/2021
Words can't describe how fantastic it is.,"Your Name, also known as Kimi no na wa, is an anime film is directed by Makoto Shinkai and it is based on the book written by Shinkai. It tells the story of a boy named Taki, a high school boy who lives in Tokyo who out of some bizarre miracle, begins switching bodies repeatedly with a high school girl named Mitsuha who lives out in the country. The two learn about one another through various hi- jinks and need to find a way to pair up and stop something from happening.

The movie was English dubbed by Funimation and came to select theaters in North America for a week and I have been dying to see this after hearing about all the buzz regarding it, and I'm not going to lie, this was one of my most anticipated films of the year. So, how did I feel about the movie after seeing it? If you couldn't guess by the rating, I loved it!

The movie was incredibly engaging and I was on the edge of my seat throughout the entire film. The story is simply immersive, with many surprising twists and turns along the way that can really bring you into the experience. The mystery of the movie is an element that really drew me in, and it lead to me thinking of some questions that eventually got answered as the movie pressed on. The movie is very emotional with many scenes that will send you The interaction between our two leads Taki and Mitsuha is definitely strange to say the least, but in a good way, even if their interactions are awkward. I'm just going to leave the explanation regarding the story and characters off right here because it's hard for me not to review this particular film without talking about the film in-depth.

The animation is fantastic to look at as well. The designs for the back grounds in particular really gave me a feel for what the city in the country looks like as well as what Tokyo looks like. The CGI does a surprisingly good job at blending in with the traditional animation. Even the movements of the characters look natural, as well as the environments. Even though the art style is no new anime art style, it still is a very well polished one. During one scene, the art style goes through a major change that would last for a few minutes and personally I loved the change. I loved the vocal songs that were featured in the movie. As someone who isn't a fan of modern music, I found them quite refreshing, even if they are just English dubbed.

Your Name is simply a fantastic movie experience regardless of whether you're an anime fan or not. It's really easy to see why it gained critical acclaim in Japan and multiple awards. The story is incredibly gripping and our two lead characters are both very interesting and very likable. The animation is beautiful from start to finish and the vocal songs felt refreshing. I'll be honest, it was very hard to find a legitimate flaw with the movie. However, if I do have one legitimate criticism towards the film, it's that the film starts off pretty slowly and is not as engaging as it is later on. However, I can afford to forget about that since it didn't bother me that much. While it's in theaters for a limited amount of time, go see it. This film has to be seen to be believed.

If I could make a recommendation however, I do think the movie is more suitable to older audiences in spite of the PG rating. I wouldn't recommend the movie to those under the age of 10 due to some suggestive themes that might not be appropriate for audiences under that age. If you do plan to bring kids under the age limit, make sure to keep an eye out for them.",eparazak,4/8/2017
"A bright, sensitive and spectacular anime that achieved great success worldwide.","The young Taki lives in Tokyo, the young Mithusa in a small mountain village. Mitsuha and Taki are complete strangers living separate lives until they suddenly switch places. During the dream, the bodies of both are exchanged. Mitsuha wakes up in Taki's body, and he in hers. This occurrence happens randomly, and they must adjust their lives around each other. Yet, somehow, it works. Confined in a body that seems strange to them, they begin to communicate with surprising consequences. So they build a connection by leaving notes for one another until they wish to finally meet. But something stronger than distance may keep them apart. Experience Japan's #1 film of 2016, from visionary director Makoto Shinkai !.

The germ of this anime titled originally Kimi no na was (2016) was Shinkai's visit to the city of Yuriage in 2011. The municipality was affected by the terrible earthquake that devastated the region, and the terrifying image seriously impacted the director. And although the town is made up, the place is inspired by several real locations such as the city of Hida, in Gifu prefecture, which has received a tremendous tourist boost after the release of the film thanks to the continuous pilgrimages of fans who come to visit the most recognizable locations.

Shinkai is known as the Hayao Miyazaki of the new generation. He directed this ""Your Name"", considered to be one of the highest grossing films in Japanese cinema and which even surpassed the release of ""Spirited Away"" in 2016. Regarding the plot of the film, the director cites the influence of works such as the manga Boku wa Mari no naka by Shuzo Oshimi, and Ranma 1/2 by Rumiko Takahashi, the classic novel Torikaebaya Monogatari and even the famous Interstellar by Christopher Nolan.

The sensitive soundtrack of ""Your Name"" is provided by the Japanese rock group Radwimps, adjusting the songs to the script, but also vice versa, thus improving the harmony between development and music. Your Name does not hide its desire to be a romantic blockbuster, effectively demonstrating that a cathartic and satisfying experience can be offered with the typical elements of Japanese anime, managing to fit the elements together masterfully. The result is a brilliant and spectacular film that is perfect for beginners to get into the anime environment.

This fantasy anime won the award for best animated film at the 2016 Sitges festival, Public Award in the Animation Festival of Bucheon and several awards in the Japanese Film Academy, as well as being nominated for best director and best independent film at the 2017 Annie Awards. The motion picture was stunningly annd competently directed by Makoto Shinkai . He is a Japanese director, writer, producer, animator, editor, cinematographer, voice actor, manga artist and former graphic designer. Shinkai studied Japanese literature at Chuo University where he was a member of juvenile literature club where he drew picture books. He made many commercials, and thanks to them he was able to explore new registers that helped him develop as a scriptwriter. Specifically, his work with the commercial 'Cross Road' is seen as a prototype of the changing dynamics between the stories of Mitsuha and Taki. In 1999, Shinkai released She and Her Cat, a five-minute short piece done in monochrome. His best knows films are The Place Promised in Our Early Days (2004), 5 Centimeters Per Second (2007), Children Who Chase Lost Voices (2011), The Garden of Words (2013), and Your Name (2016). His favorite anime is Castle in the Sky (1986) by Hayao Miyazaki. Kimi no na wa(2016) rating: 7.5/10. Better than average.",ma-cortes,12/10/2024
Overrated,"Your Name is one of those movies/shows where I just don't understand the ridiculous praise it gets. Yes, the concept of body swapping is interesting and well executed in the first half. But then it starts to become full of extremely vague or completely unexplained plot points that break immersion and leaves the viewer unsatisfied. It's a complete mess. The ending is also dumb and negates the entire point of the movie.",donahueb-81565,8/9/2018
Must watch for both anime and non anime fans.,"So I just had the pleasure of enjoying ""Your Name"" in the cinema and though I could share some thoughts.

(May contain very minor spoilers)

I've seen many movies trying to pull off the ""two people mysteriously change body with one another"", but I've never seen a movie doing a good job with it. Until now, that is. Makoto Shinkai's ""Your Name (Kimi no na wa)"" has finally succeeded at the task. With a very well deserved rating of 8.6 and 113th placing on the list of 250 top rated movies of all time, ""Your Name"" delivers us anything we could ask from it:

A terrific artwork, the movie's animation is extremely well made, with beautiful landscape scenes accompanied with an excellent soundtrack; the sky, sun, water and comets are completely astonishing and mesmerizing to watch. There is even a psychedelic like animation scene halfway through the movie during a critical moment that is deeply touching. Just like in every of Mokoto's movies, the characters are extremely well constructed and it makes you fall in love with them after 10 minutes into the movie, developing a huge emotional bound to the story. The movie had a perfect balance of everything: comedy (which isn't always present on Makoto Shinkai movies, so it was quite pleasant to see it in this one) drama, romance, some mystery, all with a touch of non-linear movie structure. It's the type of movie that will make you laugh, cry, laugh while crying… The movie's perspective constantly changes between the two main characters, what gave it a very touch and it's not something you see very often.

For every anime fan this movie is definitely a must watch, and even for non anime fans I'do recommend to give it a try!",luan_pettersson,4/14/2017
Amazing,I created an IMDB account to comment on this movie. It's amazing.,huguesdecarvalho,1/30/2018
Great,"Amazing rjsjshoa skka aka aja
Would recommend to anyone,great music by radwimps as well.Plot was great, satisfactory ending",fairy_tailx,4/22/2018
It simply made me feel again,"What it says above. It's so fresh, so new and so wholesome without being cringy. It has made me genuinely and wholeheartedly cry. I would never have forgiven myself for not watching this film. I",stnikolovce,7/25/2020
Just Amazing,What a Beautiful movie. 10/10 I was on Facebook earlier and some random friend had shared this movie. I don't know what to say besides what a lovely movie! its so beautiful and sad at the same time.,madszieglerk,12/31/2017
Creative and stunning but...,"The animation in this movie is absolutely stunning. The creative twist on the red string of fate also captured my attention.

However, I found the characters underdeveloped. They had little personality to them. In a movie supposedly meant to move you, I did not root for the characters to prevail or even relate to the characters. For that reason, I couldn't give this movie a higher rating.

However, it is an absolutely stunning movie, and I throughly enjoyed the more ""movie montage"" moments and the corresponding music.",yureskowrites,12/27/2019
A Beautiful Masterpiece,"In today's world where every single movie or cartoon is made for the masses without any human touch where all characters look like robots. Well, this movie is a complete opposite. Amazing story and beautiful artwork will take you into this film as you are the one of the protagonist, you will feel exactly what they feel and that is something i haven't experienced in a while.",isotrbo,1/13/2018
mask,"""Your Name"" it's the strongest definition of ""style over substance"" the animation it's fantastic, the soundtrack it's really enjoyable and the backgrounds arts it's beautiful. But the plot of the movie it's a little bit soft, it's like see your (a)typical romantic movie. It's glad to watch but like a said it's ""style over substance"".",contrerasrodolfo,5/21/2017
"a sweet, mindbending, and all around great animated film","From the crystal clear, beautifully crafted animation to the likability of the two protagonists to the tense drama to the light humor, this semi-love-story is lighthearted and very moving to the point of now being one of the most acclaimed films of recent years. And perhaps one of the most acclaimed films of all time. I had a couple of little problems w/it, thus making me avoid any statements about the film's status among cinema's finest efforts as they'd be rather hyperbolic coming from me, as well as simply just not genuine. Instead, however, I will happily praise the film on various levels. 
 As a technical achievement, it is stunning. The animation is spectacularly done in every scene, the characters are really alive, the scenery is beautiful, in general it is just a really fun movie to look at. There were a few surprisingly surreal and borderline psychedelic moments here and there in the film and they worked not only to further the plot but also to simply show off the massive tons of talent pouring itself into basically every shot of this movie. 
 Story-wise, it is also stunning. It's a mixture of a few genres. At first, it almost feels like some light slice-of-life type comedy w/a magical-realist twist, but eventually it becomes something much more emotional and dramatic than that. It becomes a film featuring multiple dimensions and complicated situations these two leads who I genuinely grew to adore and care for had to trudge their tense ways through. It is a supernatural drama and a love story on top, and a very unconventional love story at that (the way the romance of the film is handled is unlike almost any other romance I have seen; it is clear these two are in love, but they never express it openly at all). It really felt like the writer really matured over the course of writing this, which is as much a blessing as it is a curse, b/c it does mean that the film improves heavily w/every scene, but it also means that the beginning and early middle of this film are no where near as great as what follows. And, do not get me wrong, there's some super fun stuff in this roughly-first-half of the movie, but there's also a few eye rolling scenes and weird incorporations of pop songs and overtly expository dialogue and non-endearingly cheesy moments that I just could not get into. Thus, my score drops down by a single point. It is still, obviously, a wonderful movie, and sort of a must see for lovers of animation and world cinema in general.",framptonhollis,4/1/2018
Amazing !!!!!,"What a beautiful movie and what an amazing story very minimal yet so complexe ( some christopher nolan animated shit lol), I am so pumped, first time an animation movie makes me wanna visit a country lol this film is an epopé, it explores different deep themes that we can't explore in one review , it's an epopé about our search for meaning, the signification of loveand identity; a movie about that deep longing for something or someone you can't quite grasp, the yearning that haunts you and leads you to find the remedy for the hole in your heart and find love or meaning, I guess that's what the movie is about. I love how the characters change for the better after knowing each other Mitsuha became more confident and serene thanks to him and Taki became more empathic and calm thanks to her they're both opposites still they complete and elevate each other, a beautiful illustration of what love should be. already a classic and I don't get the Oscars snub!",willeasyer,1/26/2018
Brilliant film!,"I had this movie on my watchlist for quite some time, and finally decided to watch it. What can I say? IT WAS BRILLIANT! The imagery, the plot, the character development - it was all perfect!",marziabilwani,1/4/2018
No Spoiler,"Just made an IMDb account just to give this movie a 10. I've never reviewed any movie online before. But this movie is a perfect 10, and if you haven't watched it then you're missing out on so much.",kamelampard,4/22/2018
Outstanding,"Not often I feel the sensation of the unknown. That's what i like to call it at least. Whenever i think or see something supernatural to the extent it scares me. I felt this feeling through a lot of this film. 

Beautiful. Magical. Mesmerising. 

The greatest animation of all time.",nikhilrampal,7/7/2018
An epic love story,Your name (Kimi no Na wa) is one of the most beautiful animated movies out there and is worth watching!,SandrisSaulitis,3/19/2018
"Whatever you expect from this movie, it will be a thousand times better!","First of all, i must say that anime and animation movies are not my cup of tea, but my gf loves them! So i watched quite a few with her. Now, take in consideration that my account is 8 years old and i never bothered to write a review on any movie.. BUT this movie surely deserves one!

First things out, the movie opening with some beautiful animation and amazing soundtrack! 10 seconds in the movie, and im already 110% in it. Music is amazing throughout the movie and it massively adds on tension. I give music choice 10+ 

Animation is done surprisingly well. Dancing parts are top notch. Running, talking. Everything looks so smooth and amazingly done. Characters are quite believable and you'll love every single one of them. Even the side ones that show only for a few seconds. Their dialog is neat for as much as i could understand it. 10 for animation and characters. 

Now the story. It reminded me of Life Is Strange, which is probably my favorite game of all time ( even the music choice was similar ) because it has so much story and character involvement. And this movie succeeded in every aspect of character development, but i must say that story was redundant at some points. I dig sci-fi parts of it, but movie could've ended sooner than it was the run time and it would still be an amazing movie. It's like they needed some scenes just to fill the run time. NOW, don't get me wrong, story was excellent, it keeps you rooting for protagonist/s all the time. You'll feel sad at the time, you'll laugh, you'll be mad at some points.. there'll also be some ex-machina-ing. But overall, i give 9.5 for story. 

Overall 10/10. A movie you must watch if you haven't. It will make your day if not a week, and surely give you something to daydream about",Anivaries,3/6/2018
"Reasonably interesting, but not great","A teenage boy living in Tokyo and a teenage girl living in the country experience a strange, random phenomenon. They occasionally switch bodies for a day at a time, and then can't remember what happened while they were switched. The boy eventually sets out to find the girl, but the situation may be even more peculiar than he imagined.

Reasonably interesting, though not overly engaging and quite schmaltzy. The switching places plot device didn't seem too original, reminding me of movies like Freaky Friday, and was often just a basis for silliness. However, once the plot progressed past the cheap fun part, the plot gained some intrigue. It didn't quite live up to its potential in that regard, resorting to clumsily layered cleverness and random departures to create a feeling of ingenuity, when this was really more style than substance. Still, did make it fairly interesting.

Unfortunately there is a whole lot of trite schmalziness and empty sentimentality too, probably because the movie is aimed at the teenage market. In the end it feels a like Freaky Friday meets Christopher Nolan, dumbed down for teenagers. By aiming for a broader audience and avoiding the schmaltz, this could have been great. Instead it is just okay.",grantss,12/12/2017
What Begins as a Cute Movie Evolves into Something Much More,"Your Name. follows a boy and girl who randomly begin to switch bodies, and how their relationship develops through that. 

There's a lot more to this movie than I can say, because around the halfway point everything changes and it becomes much more than a simple feel good movie. And that's what it is for the first third. It's quirky, fun, cute, all that. It's not great, but it's really enjoyable.

The second that aspect of the movie ends the movie begins its quick ascent to one of the best movies I've ever seen. It builds the characters and their relationship well and by this time we're already attached to them well enough, but then something happens. There's a huge plot twist in this movie that, put simply, blew my mind. And moreover, made me tear up a little. From there on it just gets better and better, writing-wise. 

The movie doesn't just have a great story though. For starters, the animation is beautiful. And it isn't just pretty paintings and scenery (though there are), the imagery is also unique in some scenes, where what is being shown isn't completely natural but it looks cool anyway. At the same time, it isn't just mindless artsy- fartsy crap, it actually has relevance and symbolism and stuff. 

The movie's soundtrack proves to be quite good too. A song plays every once in a while, and all of them are well-suited to the movie and just sound nice. I don't think I'd listen to them outside of the movie, but I like them nonetheless.

Something that really stood out to me was how realistic it could be. Sure, it feeds off of plenty of things that would only happen in an anime world, but it doesn't rely on those. The characters act in realistic ways and say things you'd expect them to say, all without removing the anime charm entirely. 

I always think it's cool to see a movie with a few confusing scenes, then see everything come together at the end, making all those scenes make sense. Your Name. has plenty of those. There are scenes that you kind of just forget about but then they come up again later and you realize that this was all thought out well before the movie was made, and it really shows just how much effort was put into the movie in the first place. It's clear that it's trying to be something more. It's trying to be complex, and it actually is. The movie isn't too terribly hard to understand, but it does require you to think at least a little to fully get it. 

Overall Your Name. is an anime that excels in every aspect of it. The writing is fantastic, the characters are fun and lovable yet realistic, the soundtrack is well-suited, it's beautiful to look at, and it makes you think just enough that it isn't overly confusing, but enough to still make it complex. In the end this isn't just one of the best anime films, this is one of the best films I've ever seen, and I wouldn't hesitate to recommend it to just about anyone.",SquigglyCrunch,4/13/2017
7.5/10 - An Interesting Film With Beautiful Visuals,"Your Name. Is the first anime that I review, I think, and that's a very adored anime almost all over the anime community, from what I've seen. I haven't read the visual novel, btw, so the review will solely refer the film.

Your Name. Is a romance/drama(/fantasy?...) film, that follows a Tokyo boy named Taki and a small town girl called Mitsuha, as one day they woke up one day and found themselves one in the body of the other. I won't spoil anything, but I'd generally say that this film is about the bond between the both of them, and bonds in general.

I like a lot of things about this film, and I'll start with the thing that everyone who've watched this film noticed - the animation. This movie is simply stunning, visually. It looks so colorful and vibrant, and I really like the animation's aesthetic. (especially in the opening shot and in the surreal scene with the red string)
I've also enjoyed the plot, overall - it kept me interested, it has some interesting concepts in it, and I like the overall structure of this film. The string/line motive is quite cool.

The soundtracks slaps, too, and it really fits the tone of the movie.

Now, I have like one major issue with this film, so, yeah.

The issue - Taki is criminally underwritten. Like, okay, the viewer can pick up on some things that we're only shown briefly to gather info about his character (which is another praise that I can give this movie. In a quite subtle way, the film shows us from time to time info about Taki or Mitsuha's personality. I appreciate it), but like, come on. He really feels underwritten and underdeveloped, and even the subtle stuff that we're shown never really gets discovered during the movie. It doesn't mean that he's a BAD character, but I feel like the movie could have dived more into his character.

So, overall?

I like this film a lot. I had fun watching it, it was beautiful visually, the message and motives are cool. Taki is really underwritten, which really takes this movie down, but Kimi No Na Wa. Was generally interesting for me, and I had a goot time. I'm feeling a 7.5/10 on this one.",Shilo_R_A,9/17/2021
Watch this like your life depended on it,"For two whole weeks my students have been telling me about this anime, Kimi No Na Wa (Your Name), begging me to check it out. Over the grapevine I also learned that it is the first non-Ghibli non-series based anime movie to earn over 10 billion yen. So last night we did and I have to say it is truly one amazing entertainer with intelligence to boot. It was so good we felt so lost what to see next and so we didn't. We wanted nothing to ruin the unique experience. 

I will spare everyone the synopsis and plot details because the experience of going into this totally blind is roller-coaster-fantastic. What I will just say is writer-director Makoto Shinkai took some great risks with the narrative and it pays huge dividends in terms of storytelling. This is not something you can sit back and let the story do all the work; you will need to constantly think about what you are seeing, as well as where and when it is all taking place. I love it when a director respects the viewers and brings the game to me. After the electric pace gender bending opening act I have no doubt that like me your mind will throw up the direction of what the narrative will take. You and I would be so wrong. I was gobsmacked at every twist and turn the narrative takes which subverts all my expectations. Shinkai also does a monster mishmash of so many genres that I didn't see when the romantic euphoria ended and when the detective procedural began. He even embeds an element of horror and melancholia. All through this widely imaginative ride he knows where the beating heart is - the relationship between the two star-crossed lovers separated by time and space. 

Above everything else, the anime captures something so elusive so beautifully. By elusive I mean the temporal seconds you were waking up from a sweet dream, your entire being is still consumed by last night's dream and the memory of it immediately dissipates as you step into the waking world. However, the essence of the dream continues to envelope you throughout the entire day like a cocoon; you will try to hold on to the remnants unsuccessfully. Name one film that got that magical quality spot-on. Shinkai's Kimi No Na Wa got this right many times over. Everyone needs to grab your loved ones and watch this like all your lives depended on it.",ctowyi,11/21/2016
Outstanding!,"I really don't have words for this. I have never thought a anime would be so captivating. The visuals are so mesmerising, it felt like living into it. It is first time, I am watching something like Love through time travel. I coundn't blink for a second. What I would call it? A combination of mystery, comedy. Of course, later a love story. I would never think, I was going to love it as I didn't watch anime but it surprise me and interest me at the same time.",Misss25,5/6/2021
A beautiful experience with an astonishing finale,"This is a very good film, but it takes a while to reach that level. Although providing an entertaining fantasy first act revolving around the pair's body-swapping, it takes a good fifty minutes for the film to develop into something truly great. Moving from enjoyment to stunning emotion, Your Name is ultimately an enthralling and powerful tale, one told with great visual beauty from Makoto Shinkai.

Shinkai, the director and writer of the likes of The Garden Of Words and 5 Centimeters Per Second is being dubbed as 'the new Hayao Miyazaki' by his third fantastic outing with Your Name. Undoubtedly, Shinkai is on a very similar level to Miyazaki when it comes to his visual style. Mixing the images of classic landscape paintings with some exceptional photo-realistic macro-focus shots, there's no doubt that Shinkai is a master of anime when it comes to pulling off pure visual beauty.

Also, the second half of the film is evocative of a great Miyazaki picture. I'll get into the specifics of the latter half in a minute, but suffice to say at this point that Shinkai definitely has the ability to match the likes of the great Miyazaki when it comes to bringing across both blissful and devastating human emotion, something that's always even more powerful in animation.

Before I get into that, however, I want to talk about the first fifty minutes of Your Name. Initially, the film shows real promise with the way it handles the body-swapping genre. Rather than solely making silly comedy out of the situation, it's full of some fascinating and brilliantly original ideas, cleverly blurring the line between the teenagers' dreams and anxieties and the real world.

When the film is more dramatic and thoughtful, it's always engrossing, testament to Shinkai's expert writing. Unfortunately, there are moments that really stick out like a sore thumb, and prove the reason why Shinkai isn't yet quite up to Miyazaki's level.

For one, there are some striking tonal inconsistencies throughout this film, particularly around the half-hour mark. Frustratingly, there are about two or three musical montages throughout that make the film feel like a TV movie, and each time they appear, they're more and more jarring, proving a hugely disappointing break in the film's generally impressive elegance.

I understand that Shinkai has his own style, but his previous films haven't ever used so many of these montages. They're frustrating to see, and as they're all book-ended by awkward fades to black, they are undoubtedly the worst moments of the entire film. Happy, lightweight and enjoyable they may be, and they would definitely work in another movie, however they prove so inconsistent with the film's best tone that it really sticks in your mind.

Despite that, the following hour or so is spectacular. Stepping up from an interesting but not always emotionally riveting first act, Shinkai dramatically turns the film into an emotionally stunning and powerful experience, with so much poetic elegance and sheer unpredictability that you can't look away from the screen.

It's difficult to discuss the second half without spoilers, but the way that the film manages to grab you so much by taking such a drastic turn, moving away from the fantasy of the body-swap to an incredibly human and tender story, Your Name is definitely worth the wait to get to the best bit.

Overall, I was hugely impressed by this film. It may not have the most consistent opening act, but the way that the film does provide some amazingly thoughtful and ultimately emotionally powerful moments is truly spectacular. Coupled with Makoto Shinkai's incredible visual style, Your Name is a fantastic movie, and one that definitely reaches near the legendary heights of Studio Ghibli.",themadmovieman,9/28/2016
breathtaking,"My heart stopped at least 20 times watching this movie. It was so emotional, so interesting, so odd, so beautiful I don't even know if I can find enough words to express how good it really was. The story was absolutely fantastic and the soundtrack fits it perfectly. I'm not the kind that cries during movies but this one had me in tears for like 20 minutes. It's a must!",zegathe,4/25/2017
Just OK,"This isn't the best movie you're ever watch. I've even seen the story with the red cord done before (Case Closed: The Time Bombed Skyscraper).

My issues with this film: Time travel elements just seem like a plot convenience. The body switching doesn't make sense, especially how she has a family history of this. The romance doesn't feel believable and isn't explained well.

Things I like: I really like the art style, especially how a contrast between city versus rural. The music is quite fitting. The coming-of-age elements are done quite well.

If you like Japanese anime you'll like this movie, but this isn't the best movie you'll ever watch.",nogu-06346,5/9/2020
Great Animations,"The animation in this movie was absolutely amazing ! Even though people may discount the movie since it's animated but I really recommended everyone to watch. Some parts were humorous, other parts mysterious but the connection that forms is so beautiful and unreal. You really end up embarking on the journey with the characters to discover these beautiful scenery and unravelling truths, it's astounding!",missjacquil,4/6/2017
"6.5, alright to watch once but not rewatch","I overall enjoyed this movie, but after hearing great things it fell flat. Even if I hadn't had any previous knowledge of this movie I still would find it underwhelming.

PROS: A decent anime film for people that don't have anything better to compare it too. It's inoffensive/family friendly and enjoyable enough. The natural backgrounds and cityscapes in the film were gorgeous. Once you watch it you won't have to wonder what all the hype is about.

CONS: Some of the ideas in the movie presented themselves as if they'd be really complex and interesting, but everything played out in an uninspired way. The two main characters were supposed to be in love, yet there was barely any development there. We never really saw them get to know each other or understood why they even felt anything for one another. There are ways this movie could've done the soulmate trope without making the relationship feel under developed. Also I found the character design to be unappealing, and the random breaks within the narrative to deliver mini music videos seemed like a weird editing choice.

If you're looking for a fresh emotional movie with complex characters and an interesting love story this is not it. Watch ""A Silent Voice"" instead. Or any Hayao Miyazaki film.

TL;DR: just okay, kinda nice but lacks real heart.",mililucky13,6/26/2019
Inspired by forces beyond human understanding,"I feel like this film was divinely inspired. It is beautiful, yet otherworldly. Without even trying, it hits hidden chords within the human psyche that bring out a torrent of feelings that we never knew we had, or had long forgotten about. 

When I watched it with my friends, who are normally chatty and sarcastic during movies - they were completely silent, awestruck immersed wholeheartedly. They were quiet, save for a few ""wows!"" at the beauty and detail of the art in this film. 

When the credits came, they were still so enthralled they just watched the credit roll, without moving or wanting desperately to rush back to their busy lives and schedules. This movie nourished our souls and gave us something we didn't know we needed. We didn't know movies could be this profound, this touching, this meaningful. 

Think of the most touching and beautiful movie/scene you've ever seen, and loved, and it still doesn't come close to what this film has. Calling it a masterpiece isn't enough. It was more than a masterpiece. 

10 as a rating isn't enough, either. There is no number great enough to pay back what this film has given me.",elleluck,5/28/2017
Great little film to watch if you want an emotionally engaging experience,"#Spoiler Free This film could very well be Makoto Shinkai's best film to date. The films excels in creating heartfelt smiles that can turn to tears at the drop of a hat and back again. Similarly to many of his previous works his stories may seem a bit generic and lacking, however this allows the viewer to really focus on the characters and the emotions between them, rather than being caught up in a twisting plot. We are also gifted with Shinkai's train metaphor, however this time unlike 5 cm per second, they show the protagonist journey diverging down separate routes and coming back together all while moving in the same direction to the eventual end of the line.

The two protagonists are Taki, a boy from urban Tokyo, and Mitsuha, a girl from a rural Japanese village. Shinkai takes to dull husks and embellishes them into a pair of protagonists with personalities and traits that make them relate able and lovable. The characters chemistry is extremely entertaining and really grows throughout the film

The beginning of the film succeeds in quickly establishing the characters and there morals, all while creating an attachment between characters and the audience. The films also succeeds in changing pace and direction as soon as things start to get repetitive, allowing the viewers attention to always be grasped and leaving them wanting more. The films fantasy spin keeps things fresh and prevents the film falling into generic slice of life clichés.

The art like all of Shinkai's other works it breathtaking, making the film stick in the minds of the audience for long after the films over. Thanks to the detailed artwork the locations and backgrounds are well fleshed out and eye catching making it seem like real life location and not a poor imitation. 

The soundtrack is done by Radwimps, a Japanese alt rock band, that breathes life and emotion into scenes due to their wide range of styles and atmosphere.

Overall i enjoyed the film thoroughly. The fantasy spin really clicked with my tastes and caused me to be engaged and entertain throughout. I also quickly fell in love with the characters and their chemistry together and due to being a similar age related to them both. Thanks to it being one of Shinkai's more happier works i'm now left with a strong desire to watch it again.",titanicfusion,10/15/2016
"Not a fan of romantic movie, but I simply just love this!","I don't normally review a movie, in fact this will be my first time. The reason that I needed to make one because I was astonished with something that I just watched, and I feel that people need to watch it too.

Great story line with twists here and there, great characters and development, supported by excellent animation and music.

I came to the cinema with the expectation of this movie would be as good as 5 cm per second, in fact it surpassed my expectation. I could not even remember when was the last time I watch a movie without checking my watch, which means that every single minutes, from beginning till the end, the scenes were very enjoyable and well fit in to the whole flow of the story.

This movie also reminded that how great Japanese movies in Asia were before Korean movies started coming to scene. Honestly speaking Japanese animate will still be my number one pick when it comes to animation.

In conclusion, this is a must watch for everybody, whether you like anime or not. Highly recommended!",cellica2004,11/19/2016
Ranks among the best animation has to offer.,"""Your Name"" took a while to get an American release but so anticipation for this film has been rising. Especially since so many say its great!

The story centers on two main characters living in Japan whose lives are closely connected. Taki and Mitsuha are both teenage students who wake up in each other's bodies and begin to grow as characters and in their appreciation for each other by living their lives. 

By far the most astounding aspect of this film is its story and beautifully constructed narrative. The story structure manages to keep its audience on the tip of their toes to focus while never losing itself in convolution. Makoto Shinkai has managed to craft a beautiful story that both touches the heart and makes you laugh out loud (considerably hard at some parts). This blend of drama and comedy make this piece both deeply and emotionally resonating, as well as undeniably enjoyable. 

The animation itself is a thing of beauty. If anyone has seen the trailer, they know this movie offers beautiful and captivating animation from the very first shot. 

Hopefully, this film will gain traction in the U.S. considering it truly is one of the most breathtaking film experiences I've ever been a part of. It's become a personal favorite and is definitely the kind of movie that should be praised and seen by as many have the opportunity. Definitely give this a good watch and bring kids to see it too (maybe a bit older kids)!",tyson-hunsaker,4/7/2017
Necessary to watch!,"I never thought I will write a review anywhere in my life.. But this movie is magnificent, it is the best thing I have ever watched. Hopefully I will see more movies like this in the future.. Full of feelings.. I never cried so much. 100% Recommended movie to everyone.",eternallydaydreamin,3/14/2018
This is literary the best movie ever made.,"I can't describe all I feel about this movie in words. How the creator of this movie wrote the plot? It is unbelievable what I just saw.

This movie just made by an everything that perfect. I do not want to tell the story but I want to tell you that I cried really really hard for 2 times in this movie. Because it is so beautiful and yet much tragedy in same time.

But in the end I cried even harder. A must see for every movie lovers in the world.

Another thing, this movie reminds me of how I love Evangelion series and movies. It is intense and well made. An astoundingly amazing movie.",bscale,11/12/2016
Emotionally moving love story,"I don't often write reviews but I don't remember the last time a movie made me tear up so much. I felt like the characters at some points 'overrun with emotions' and with subconsciously teary eyes. 
Everything in the movie was brilliant, the animation, the scenery and most of all the plot. The themes through the movie were strong, such as the talk of the threads of time or the ribbon, and much of the plot that at the time didn't seem very relevant came back in a way to remind the viewer. The ending was elusive too, I wished that they would remember each other and meet but weather they would or not remained uncertain.
I won't spoil what happened but I can confidently say its one of the best animated movies I've ever watched and I've watched several. Many of the themes felt similar to 5 Centimeters Per Second and if you liked that movie you'll definitely like this one.",minhal92,3/4/2018
magical realism,"A comet is approaching. Mitsuha Miyamizu is a 17 year old high school girl in the small town of Itomori. Her dad is the mayor and she's tired of her small town life. Her friends complain about her behavior the day before but she doesn't remember. She wishes to be reborn as a boy in the big city. Her wish comes true as she wakes up in the body of high school student and part time waiter Taki. It's like a dream as they inhabit each other's body.

The animation is beautiful. The story is imaginative. The characters are lovely and compelling. There is magical realism to the movie. The plot does get a little jumpy which does fit the style. I would be more interested if it's cleared up a bit more. The movie climaxes at the impact and it drags out the ending a bit. Taki should have encountered Mitsuha at that point. Her father could be dead and she would be on top of the hill tending his grave. The searching in Tokyo is poetic for a little while but at some point, I just wanted it to end the movie and the ending is never in doubt.",SnoopyStyle,11/20/2018
"Magnificent ! This movie is impressive, incredible, fantastic, near-perfect, rare-made ! This is a masterpiece !","Whoaa ! I don't know where to start from. This is one of movies that left me speechless ! I've been shaken, it instantly made me impressed and deifying it. I praise this movie in an apex ladder board. Forgetting this movie for the rest of your life is just infinitesimal chance. I've been eroded and impaired by its visionary, beauty, and emotional form. 

What a zeal, Makoto ! Here he comes ! Praise the luck oh people, we found a new movie professor here. We found a predecessor of Miyazaki, an anime-making skill similar to him. Well maybe now we can call Makoto is paternal to Miyazaki, but maybe moments later reach in peer or surpass. Praise the lord, this is Japan, a new born history-maker has arrive. I write this as a rite of his advent.

This movie has a very strong impact to its viewer. Makoto combine sci-fi and drama to bring affection, love, tension, and thrill. By its form YN is incredibly complex. It plays the plot forth and back and connect it slowly but surprisingly impetuous. You could never guess anything in YN because Makoto wrap the story neatly and unwrap it in the right time and structure. All that you get only a shake in your body knowing how beautiful and twisting the story is. This is one of the most original movie this year, and the originality seems bonded to its viewer by its memories and visionary idea. This is a real contender to holywoods animations

Your name is a solid movie and it instantly in my top list movies. Prepare to be surprised by its beauty and twisting story. Japan has a new-born star now, Makoto is genius and a heart-breaker !",the-fearless-america,12/15/2016
Overrated,"""Kimi no Na Wa"" (2016) = 7.0
This film did not live up to the hype. I was told this was Shinkai's masterpiece, but it certainly was not. It was good, don't misunderstand me, but it was not great. It was ridden with clichés, and oh my god did it drag on. This film would have been better as a 1 hour feature, not a 2 hour epic of dillying and dallying.",ianwagnerwatches,2/2/2022
A breath-taking visual treat with a story that will reverberate within you for some time,"A late contender but strong contender for one of the best films I've seen in 2016 and maybe even thus far. (I've never starred a film before but by God this one deserves it!) ""Your Name"" is a feature film Japanese anime so it's for those who can tolerate foreign films and animation. And by animation I mean painstakingly breath-taking animation that goes from encapsulating almost photo-realistically vibrant sunsets to the slightest twitch in expression giving soul to the characters before us.

I'm not one to judge anime but I'll say this: of the little I've watched, never have I seen such detailed artwork, animation so real and voice acting so fitting that the characters are so alive that you genuinely wish that they were. The consistent top-notch animation, artwork, soundtrack, directing and even the voice acting was clearly done with love and care to the point that the finished film looks and feels like a passion project without a deadline striving for perfection.

Oh and it's not just looks too it's got brains as well. I was hooked on the plot from the beginning and although I can't comment on the amazing plot without ruining it, you should expect a drama/romance/fantasy. I guess you're just going to have to take a leap of faith here... Even if the plot sounds a little 90s.

It was a spectacle to watch unfold, it made me laugh, it made me cry, it had me fully invested from start to finish and most importantly, it made me feel. I don't think one can ask for more in a film.",matrix_swatcat,12/7/2016
Speechless,This is definitely one of the most emotional movies i've ever watched. It made me to log in to rate and write comment for the very first time. It touched me from the deepest place. Magic can happen...and love is that magic. It can break time and distance even ages. You MUST WATCH IT!! This is definitely one of the most emotional movies i've ever watched. It made me to log in to rate and write comment for the very first time. It touched me from the deepest place. Magic can happen...and love is that magic. It can break time and distance even ages. You MUST WATCH IT!! This is definitely one of the most emotional movies i've ever watched. It made me to log in to rate and write comment for the very first time. It touched me from the deepest place. Magic can happen...and love is that magic. It can break time and distance even ages. You MUST WATCH IT!!,tp_proclass_qv,12/18/2016
Makoto Shinkai's magnum opus and one of the most intelligently written pieces of entertainment Anime has to offer,"I had high expectations for Your Name. Not only because I have thoroughly enjoyed Makoto Shinkai's previous films, but also because it has been doing incredibly well at the Japanese box office the past few months.

While I think Shinkai's previous films are great, none of them quite reached masterpiece levels for me, but I'm very happy to say that Your Name did that, because not only is this without a doubt Shinkai's best work to date, this is easily one of the best Anime films I have ever seen.

I don't want to go give away too much detail about the plot, but all I will say is that this is an incredibly written and very original story, with fantastic animation (as you would expect from Shinkai), along with lovable characters, funny humour, a great music score and a final act that will surely have you waiting to see what transpires with deep emotional investment.

What starts off as a funny body-switch comedy turns into something much more deeper and emotional in the 2nd half, but I won't give anything away!

It's now one of my top 5 favourite Anime films and I encourage everyone, regardless of whether you're an Anime fan or not, to check out this masterpiece.",TwiZone,11/27/2016
Most beautiful & charming movie,"This anime makes me speechless, I watch this movie with very high expectation from all the reviews I have read and it was worth all of the good reviews out there. The scenes were so beautiful, it makes me want to drawn into it, from the view of the Itomi village to the scenes of the comet falling down, everything was outstanding. I was not expect much about the story, just thought it was some boy & girl love story but then I was wrong, the story is much more than that. It makes me think about people we have met, have forgotten, about how people react to the disasters.

That's movie is worth 1.5 hour of your life and I truly hope that it can won an Oscar.",minhhalg91,12/12/2016
Captivating storyline,"One of the best Japanese animation I've watched. I love it when the story unfolds in a way that I didn't expect. I was captivated all the way through. There might be some details here and there that might not make the most sense, but hey, it's a fantasy so let's just roll with it.",Arateratimdb,4/10/2020
beautiful but a bit predictable,"I don't usually write reviews, but I feel like I need to say something about this film, even if the majority of reviews will be overwhelmingly positive. And I'm pretty terrible with these things b/c I don't have a photographic memory.

Anyhow, it's a story of boy and girl switching bodies after a cosmic event involving a comet that's never really explained. This happens a few times each week, much to the chagrin of each of our main characters and amusing fun for the supporting cast. I don't want to say much else beyond that without giving away plot details. Needless to say, they start to fall in love with each other as they're living each other's lives.

It's a beautiful film. There's one particular sequence in the middle that I absolutely loved visually.

The movie started to fall apart towards the last 30-45 minutes once it rushes to resolve a problem introduced in the latter half of the film. It feels like the film needed a bit more running time to avoid this. There's also a bunch of suspension of disbelief required...I mean I guess this is to be expected, but for me, a films starts to lose me once there's too much serendipity involved to resolve everything.

Also, I think the film would've gotten better mileage if it had gone down the bittersweet route when rushing to its end.

I left the theater liking the film, but it's not like it's the most amazing film I've ever seen (even if it broke the box office record in Japan), nor did it really leave me with tingly happy feelings like after watching some Studio Ghibli films.",grillmasterj,4/17/2017
A movie worth submitting for best movie of the decade :D,"I had to make an IMDb account just to give this movie a review of 10! I just couldn't stand how some people just gave it an 8 or 9! I've watched so many different genres of movies in my life, and I could say even out of all those genres's greatest, this movie stands out! The feels, chills, and excitement just flowed right through my heart! And if you measly rate this 8 out of 10, most probably you don't appreciate the fantasy created and you live in a world where you need facts and data. Well I pity you. Blends perfectly with everything! The music, the timing, characters, scenery, outstanding and beautiful characters, story line is perfect. Everything, at its best! The details and well versed story made it even greater. Feels so realistic at the same time, since the fantasy used isn't much different from the society we know today. Time is a very complex, labyrinthine concept. And which we humans do not understand all of it. This story just showed us everything is possible through time. Very astonishing, indeed.",merricklance-99791,9/25/2016
"I don't like it very much, the plot is very common","There are many highlights. Unfortunately, after shaking off the burden, the core turned out to be an old stalk of a vulgar and hypocritical girl in love. The last subway interlaced to recognize what really made me stale. The so-called ""your name"" is terribly overworked, and it is embarrassing in the end. ""Qian and Qianxun"" also talked about ""your name"". Qianxun was forced to erase his name and became Xiaoqian. Xiaobailong retrieved her name. The meaning of the name here is a positioning and return to self-existence, a reflection on the question of essence and ontology of ""who am I"". And ""Your Name"" doesn't say anything, it is a pure girl love anime movie, and it deliberately consumes the girl's heart. The gap is so great that I can't compare the two movies.
On feelings about nature and tradition, they disappeared completely in the later period, and they were top-heavy. Instead, they felt indifferent. Not to mention comparing with Hayao Miyazaki. No matter which movie Miyazaki made, he never deliberately portrayed the feelings of men and women, but none of the men and women is not impressive. Parker and Hida in ""Sky City"", Little White Dragon and Chihiro in ""Thousand and Thousand Seeking"", ""Hall's Moving Castle"" and Hal and Sophie, etc.
Even if it is the emotion and description of the town, compared with ""Little Forest"", it can see a huge gap. After all the scenes turned to Tokyo, the town did disappear.
On the love of girls, it is not as good as ""The Girl Who Traveled Through Time and Space"". The flirty sentence ""I am waiting for you in the future"" is more touching than this repeated deliberate ending. On dog blood hypocrisy, it is not as good as ""My Girls' Generation"", at least hearty, sweet and sweet. ""Your Name"" used the safety of life in a small town to accompany the two to fall in love. It was really depressing. This is too deliberate, too hypocritical, and too hypocritical. Probably I am not young enough.
In the final analysis, the expectations are too high. As far as the films directed by Xin Haicheng are indeed, they are much better than those of the movies he had before, but they should be as good as possible. The Chinese public is too easy to be pleased, and a little jokes are enough to satisfy. A bit of flirtatious sex teasing will make you happy for a long time. In fact, the whole movie's laugh point is almost supported by touching the chest. Maybe it's been a long time since I saw a good-looking anime movie in love. But really, I would rather watch ""Listening to the Ear"" a hundred times. If it's just about falling in love, then have a good time and do so many tricks. Even if you focus on the theme ""I've been looking for someone ... we all had an adventure, met someone I liked, but just forgot his / her name"", it's better than a hodgepodge in the end.",w-71474,4/25/2020
